#ifdef __has_include
#if __has_include("lvgl.h")
#ifndef LV_LVGL_H_INCLUDE_SIMPLE
#define LV_LVGL_H_INCLUDE_SIMPLE
#endif
#endif
#endif

#if defined(LV_LVGL_H_INCLUDE_SIMPLE)
#include "lvgl.h"
#else
#include "lvgl/lvgl.h"
#endif

#ifndef LV_ATTRIBUTE_MEM_ALIGN
#define LV_ATTRIBUTE_MEM_ALIGN
#endif

#ifndef LV_ATTRIBUTE_IMAGE_ICON_CCISLAND
#define LV_ATTRIBUTE_IMAGE_ICON_CCISLAND
#endif

const LV_ATTRIBUTE_MEM_ALIGN LV_ATTRIBUTE_LARGE_CONST LV_ATTRIBUTE_IMAGE_ICON_CCISLAND uint8_t icon_ccisland_map[] = {
    0x00, 0x00, 0x00, 0x00, 0x00, 0x00, 0x00, 0x00, 0x00, 0x00, 0x00, 0x00, 0x00, 0x00, 0x00, 0x00,
    0x00, 0x00, 0x00, 0x00, 0x00, 0x00, 0x00, 0x00, 0x00, 0x00, 0x00, 0x00, 0x00, 0x00, 0x00, 0x00,
    0x00, 0x00, 0x00, 0x00, 0x00, 0x00, 0x00, 0x00, 0x00, 0x00, 0x00, 0x00, 0x00, 0x00, 0x00, 0x00,
    0x00, 0x00, 0x00, 0x00, 0x00, 0x00, 0x00, 0x00, 0x00, 0x00, 0x00, 0x00, 0x00, 0x00, 0x00, 0x00,
    0x00, 0x00, 0x00, 0x00, 0x00, 0x00, 0x00, 0x00, 0x00, 0x00, 0x00, 0x00, 0x00, 0x00, 0x00, 0x00,
    0x00, 0x00, 0x00, 0x00, 0x00, 0x00, 0x00, 0x00, 0x00, 0x00, 0x00, 0x00, 0x00, 0x00, 0x00, 0x00,
    0x00, 0x00, 0x00, 0x00, 0x00, 0x00, 0x00, 0x00, 0x00, 0x00, 0x00, 0x00, 0x00, 0x00, 0x00, 0x00,
    0x00, 0x00, 0x00, 0x00, 0x00, 0x00, 0x00, 0x00, 0x00, 0x00, 0x00, 0x00, 0x00, 0x00, 0x00, 0x00,
    0x00, 0x00, 0x00, 0x00, 0x00, 0x00, 0x00, 0x00, 0x00, 0x00, 0x00, 0x00, 0x00, 0x00, 0x00, 0x00,
    0x00, 0x00, 0x00, 0x00, 0x00, 0x00, 0x00, 0x00, 0x00, 0x00, 0x00, 0x00, 0x00, 0x00, 0x00, 0x00,
    0x00, 0x00, 0x00, 0x00, 0x00, 0x00, 0x00, 0x00, 0x00, 0x00, 0x00, 0x00, 0x00, 0x00, 0x00, 0x00,
    0x00, 0x00, 0x00, 0x00, 0x00, 0x00, 0x00, 0x00, 0x00, 0x00, 0x00, 0x00, 0x00, 0x00, 0x00, 0x00,
    0x00, 0x00, 0x00, 0x00, 0x00, 0x00, 0x00, 0x00, 0x00, 0x00, 0x00, 0x00, 0x00, 0x00, 0x00, 0x00,
    0x00, 0x00, 0x00, 0x00, 0x00, 0x00, 0x00, 0x00, 0x00, 0x00, 0x00, 0x00, 0x00, 0x00, 0x00, 0x00,
    0x00, 0x00, 0x00, 0x00, 0x00, 0x00, 0x00, 0x00, 0x00, 0x00, 0x00, 0x00, 0x00, 0x00, 0x00, 0x00,
    0x00, 0x00, 0x00, 0x00, 0x00, 0x00, 0x00, 0x00, 0x00, 0x00, 0x00, 0x00, 0x00, 0x00, 0x00, 0x00,
    0x00, 0x00, 0x00, 0x00, 0x00, 0x00, 0x00, 0x00, 0x00, 0x00, 0x00, 0x00, 0x00, 0x00, 0x00, 0x00,
    0x00, 0x00, 0x00, 0x00, 0x00, 0x00, 0x00, 0x00, 0x00, 0x00, 0x00, 0x00, 0x00, 0x00, 0x00, 0x00,
    0x00, 0x00, 0x00, 0x00, 0x00, 0x00, 0x00, 0x00, 0x00, 0x00, 0x00, 0x00, 0x00, 0x00, 0x00, 0x00,
    0x00, 0x00, 0x00, 0x00, 0x00, 0x00, 0x00, 0x00, 0x00, 0x00, 0x00, 0x00, 0x00, 0x00, 0x00, 0x00,
    0x00, 0x00, 0x00, 0x00, 0x00, 0x00, 0x00, 0x00, 0x00, 0x00, 0x00, 0x00, 0x00, 0x00, 0x00, 0x00,
    0x00, 0x00, 0x00, 0x00, 0x00, 0x00, 0x00, 0x00, 0x00, 0x00, 0x00, 0x00, 0x00, 0x00, 0x00, 0x00,
    0x00, 0x00, 0x00, 0x00, 0x00, 0x00, 0x00, 0x00, 0x00, 0x00, 0x00, 0x00, 0x00, 0x00, 0x00, 0x00,
    0x00, 0x00, 0x00, 0x00, 0x00, 0x00, 0x00, 0x00, 0x00, 0x00, 0x00, 0x00, 0x00, 0x00, 0x00, 0x00,
    0x00, 0x00, 0x00, 0x00, 0x00, 0x00, 0x00, 0x00, 0x00, 0x00, 0x00, 0x00, 0x00, 0x00, 0x00, 0x00,
    0x00, 0x00, 0x00, 0x00, 0x00, 0x00, 0x00, 0x00, 0x00, 0x00, 0x00, 0x00, 0x00, 0x00, 0x00, 0x00,
    0x00, 0x00, 0x00, 0x00, 0x00, 0x00, 0x00, 0x00, 0x00, 0x00, 0x00, 0x00, 0x00, 0x00, 0x00, 0x00,
    0x00, 0x00, 0x00, 0x00, 0x00, 0x00, 0x00, 0x00, 0x00, 0x00, 0x00, 0x00, 0x00, 0x00, 0x00, 0x00,
    0x00, 0x00, 0x00, 0x00, 0x00, 0x00, 0x00, 0x00, 0x00, 0x00, 0x00, 0x00, 0x00, 0x00, 0x00, 0x00,
    0x00, 0x00, 0x00, 0x00, 0x00, 0x00, 0x00, 0x00, 0x00, 0x00, 0x00, 0x00, 0x00, 0x00, 0x00, 0x00,
    0x00, 0x00, 0x00, 0x00, 0x00, 0x00, 0x00, 0x00, 0x00, 0x00, 0x00, 0x00, 0x00, 0x00, 0x00, 0x00,
    0x00, 0x00, 0x00, 0x00, 0x00, 0x00, 0x00, 0x00, 0x00, 0x00, 0x00, 0x00, 0x00, 0x00, 0x00, 0x00,
    0x00, 0x00, 0x00, 0x00, 0x00, 0x00, 0x00, 0x00, 0x00, 0x00, 0x00, 0x00, 0x00, 0x00, 0x00, 0x00,
    0x00, 0x00, 0x00, 0x00, 0x00, 0x00, 0x00, 0x00, 0x00, 0x00, 0x00, 0x00, 0x00, 0x00, 0x00, 0x00,
    0x00, 0x00, 0x00, 0x00, 0x00, 0x00, 0x00, 0x00, 0x00, 0x00, 0x00, 0x00, 0x00, 0x00, 0x00, 0x00,
    0x00, 0x00, 0x00, 0x00, 0x00, 0x00, 0x00, 0x00, 0x00, 0x00, 0x00, 0x00, 0x00, 0x00, 0x00, 0x00,
    0x00, 0x00, 0x00, 0x00, 0x00, 0x00, 0x00, 0x00, 0x00, 0x00, 0x00, 0x00, 0x00, 0x00, 0x00, 0x00,
    0x00, 0x00, 0x00, 0x00, 0x00, 0x00, 0x00, 0x00, 0x00, 0x00, 0x00, 0x00, 0x00, 0x00, 0x00, 0x00,
    0x00, 0x00, 0x00, 0x00, 0x00, 0x00, 0x00, 0x00, 0x00, 0x00, 0x00, 0x00, 0x00, 0x00, 0x00, 0x00,
    0x00, 0x00, 0x00, 0x00, 0x00, 0x00, 0x00, 0x00, 0x00, 0x00, 0x00, 0x00, 0x00, 0x00, 0x00, 0x00,
    0x00, 0x00, 0x00, 0x00, 0x00, 0x00, 0x00, 0x00, 0x00, 0x00, 0x00, 0x00, 0x00, 0x00, 0x00, 0x00,
    0x00, 0x00, 0x00, 0x00, 0x00, 0x00, 0x00, 0x00, 0x00, 0x00, 0x00, 0x00, 0x00, 0x00, 0x00, 0x00,
    0x00, 0x00, 0x00, 0x00, 0x00, 0x00, 0x00, 0x00, 0x00, 0x00, 0x00, 0x00, 0x00, 0x00, 0x00, 0x00,
    0x00, 0x00, 0x00, 0x00, 0x00, 0x00, 0x00, 0x00, 0x00, 0x00, 0x00, 0x00, 0x00, 0x00, 0x00, 0x00,
    0x00, 0x00, 0x00, 0x00, 0x00, 0x00, 0x00, 0x00, 0x00, 0x00, 0x00, 0x00, 0x00, 0x00, 0x00, 0x00,
    0x00, 0x00, 0x00, 0x00, 0x00, 0x00, 0x00, 0x00, 0x00, 0x00, 0x00, 0x00, 0x00, 0x00, 0x00, 0x00,
    0x00, 0x00, 0x00, 0x00, 0x00, 0x00, 0x00, 0x00, 0x00, 0x00, 0x00, 0x00, 0x00, 0x00, 0x00, 0x00,
    0x00, 0x00, 0x00, 0x00, 0x00, 0x00, 0x00, 0x00, 0x00, 0x00, 0x00, 0x00, 0x00, 0x00, 0x00, 0x00,
    0x00, 0x00, 0x00, 0x00, 0x00, 0x00, 0x00, 0x00, 0x00, 0x00, 0x00, 0x00, 0x00, 0x00, 0x00, 0x00,
    0x00, 0x00, 0x00, 0x00, 0x00, 0x00, 0x00, 0x00, 0x00, 0x00, 0x00, 0x00, 0x00, 0x00, 0x00, 0x00,
    0x00, 0x00, 0x00, 0x00, 0x00, 0x00, 0x00, 0x00, 0x00, 0x00, 0x00, 0x00, 0x00, 0x00, 0x00, 0x00,
    0x00, 0x00, 0x00, 0x00, 0x00, 0x00, 0x00, 0x00, 0x00, 0x00, 0x00, 0x00, 0x00, 0x00, 0x00, 0x00,
    0x00, 0x00, 0x00, 0x00, 0x00, 0x00, 0x00, 0x00, 0x00, 0x00, 0x00, 0x00, 0x00, 0x00, 0x00, 0x00,
    0x00, 0x00, 0x00, 0x00, 0x00, 0x00, 0x00, 0x00, 0x00, 0x00, 0x00, 0x00, 0x00, 0x00, 0x00, 0x00,
    0x00, 0x00, 0x00, 0x00, 0x00, 0x00, 0x00, 0x00, 0x00, 0x00, 0x00, 0x00, 0x00, 0x00, 0x00, 0x00,
    0x00, 0x00, 0x00, 0x00, 0x00, 0x00, 0x00, 0x00, 0x00, 0x00, 0x00, 0x00, 0x00, 0x00, 0x00, 0x00,
    0x00, 0x00, 0x00, 0x00, 0x00, 0x00, 0x00, 0x00, 0x00, 0x00, 0x00, 0x00, 0x00, 0x00, 0x00, 0x00,
    0x00, 0x00, 0x00, 0x00, 0x00, 0x00, 0x00, 0x00, 0x00, 0x00, 0x00, 0x00, 0x00, 0x00, 0x00, 0x00,
    0x00, 0x00, 0x00, 0x00, 0x00, 0x00, 0x00, 0x00, 0x00, 0x00, 0x00, 0x00, 0x00, 0x00, 0x00, 0x00,
    0x00, 0x00, 0x00, 0x00, 0x00, 0x00, 0x00, 0x00, 0x00, 0x00, 0x00, 0x00, 0x00, 0x00, 0x00, 0x00,
    0x00, 0x00, 0x00, 0x00, 0x00, 0x00, 0x00, 0x00, 0x00, 0x00, 0x00, 0x00, 0x00, 0x00, 0x00, 0x00,
    0x00, 0x00, 0x00, 0x00, 0x00, 0x00, 0x00, 0x00, 0x00, 0x00, 0x00, 0x00, 0x00, 0x00, 0x00, 0x00,
    0x00, 0x00, 0x00, 0x00, 0x00, 0x00, 0x00, 0x00, 0x00, 0x00, 0x00, 0x00, 0x00, 0x00, 0x00, 0x00,
    0x00, 0x00, 0x00, 0x00, 0x00, 0x00, 0x00, 0x00, 0x00, 0x00, 0x00, 0x00, 0x00, 0x00, 0x00, 0x00,
    0x00, 0x00, 0x00, 0x00, 0x00, 0x00, 0x00, 0x00, 0x00, 0x00, 0x00, 0x00, 0x00, 0x00, 0x00, 0x00,
    0x00, 0x00, 0x00, 0x00, 0x00, 0x00, 0x00, 0x00, 0x00, 0x00, 0x00, 0x00, 0x00, 0x00, 0x00, 0x00,
    0x00, 0x00, 0x00, 0x00, 0x00, 0x00, 0x00, 0x00, 0x00, 0x00, 0x00, 0x00, 0x00, 0x00, 0x00, 0x00,
    0x00, 0x00, 0x00, 0x00, 0x00, 0x00, 0x00, 0x00, 0x00, 0x00, 0x00, 0x00, 0x00, 0x00, 0x00, 0x00,
    0x00, 0x00, 0x00, 0x00, 0x00, 0x00, 0x00, 0x00, 0x00, 0x00, 0x00, 0x00, 0x00, 0x00, 0x00, 0x00,
    0x00, 0x00, 0x00, 0x00, 0x00, 0x00, 0x00, 0x00, 0x00, 0x00, 0x00, 0x00, 0x00, 0x00, 0x00, 0x00,
    0x00, 0x00, 0x00, 0x00, 0x00, 0x00, 0x00, 0x00, 0x00, 0x00, 0x00, 0x00, 0x00, 0x00, 0x00, 0x00,
    0x00, 0x00, 0x00, 0x00, 0x00, 0x00, 0x00, 0x00, 0x00, 0x00, 0x00, 0x00, 0x00, 0x00, 0x00, 0x00,
    0x00, 0x00, 0x00, 0x00, 0x00, 0x00, 0x00, 0x00, 0x00, 0x00, 0x00, 0x00, 0x00, 0x00, 0x00, 0x00,
    0x00, 0x00, 0x00, 0x00, 0x00, 0x00, 0x00, 0x00, 0x00, 0x00, 0x00, 0x00, 0x00, 0x00, 0x00, 0x00,
    0x00, 0x00, 0x00, 0x00, 0x00, 0x00, 0x00, 0x00, 0x00, 0x00, 0x00, 0x00, 0x00, 0x00, 0x00, 0x00,
    0x00, 0x00, 0x00, 0x00, 0x00, 0x00, 0x00, 0x00, 0x00, 0x00, 0x00, 0x00, 0x00, 0x00, 0x00, 0x00,
    0x00, 0x00, 0x00, 0x00, 0x00, 0x00, 0x00, 0x00, 0x00, 0x00, 0x00, 0x00, 0x00, 0x00, 0x00, 0x00,
    0x00, 0x00, 0x00, 0x00, 0x00, 0x00, 0x00, 0x00, 0x00, 0x00, 0x00, 0x00, 0x00, 0x00, 0x00, 0x00,
    0x00, 0x00, 0x00, 0x00, 0x00, 0x00, 0x00, 0x00, 0x00, 0x00, 0x00, 0x00, 0x00, 0x00, 0x00, 0x00,
    0x00, 0x00, 0x00, 0x00, 0x00, 0x00, 0x00, 0x00, 0x00, 0x00, 0x00, 0x00, 0x00, 0x00, 0x00, 0x00,
    0x00, 0x00, 0x00, 0x00, 0x00, 0x00, 0x00, 0x00, 0x00, 0x00, 0x00, 0x00, 0x00, 0x00, 0x00, 0x00,
    0x00, 0x00, 0x00, 0x00, 0x00, 0x00, 0x00, 0x00, 0x00, 0x00, 0x00, 0x00, 0x00, 0x00, 0x00, 0x00,
    0x00, 0x00, 0x00, 0x00, 0x00, 0x00, 0x00, 0x00, 0x00, 0x00, 0x00, 0x00, 0x00, 0x00, 0x00, 0x00,
    0x00, 0x00, 0x00, 0x00, 0x00, 0x00, 0x00, 0x00, 0x00, 0x00, 0x00, 0x00, 0x00, 0x00, 0x00, 0x00,
    0x00, 0x00, 0x00, 0x00, 0x00, 0x00, 0x00, 0x00, 0x00, 0x00, 0x00, 0x00, 0x00, 0x00, 0x00, 0x00,
    0x00, 0x00, 0x00, 0x00, 0x00, 0x00, 0x00, 0x00, 0x00, 0x00, 0x00, 0x00, 0x00, 0x00, 0x00, 0x00,
    0x00, 0x00, 0x00, 0x00, 0x00, 0x00, 0x00, 0x00, 0x00, 0x00, 0x00, 0x00, 0x00, 0x00, 0x00, 0x00,
    0x00, 0x00, 0x00, 0x00, 0x00, 0x00, 0x00, 0x00, 0x00, 0x00, 0x00, 0x00, 0x00, 0x00, 0x00, 0x00,
    0x00, 0x00, 0x00, 0x00, 0x00, 0x00, 0x00, 0x00, 0x00, 0x00, 0x00, 0x00, 0x00, 0x00, 0x00, 0x00,
    0x00, 0x00, 0x00, 0x00, 0x00, 0x00, 0x00, 0x00, 0x00, 0x00, 0x00, 0x00, 0x00, 0x00, 0x00, 0x00,
    0x00, 0x00, 0x00, 0x00, 0x00, 0x00, 0x00, 0x00, 0x00, 0x00, 0x00, 0x00, 0x00, 0x00, 0x00, 0x00,
    0x00, 0x00, 0x00, 0x00, 0x00, 0x00, 0x00, 0x00, 0x00, 0x00, 0x00, 0x00, 0x00, 0x00, 0x00, 0x00,
    0x00, 0x00, 0x00, 0x00, 0x00, 0x00, 0x00, 0x00, 0x00, 0x00, 0x00, 0x00, 0x00, 0x00, 0x00, 0x00,
    0x00, 0x00, 0x00, 0x00, 0x00, 0x00, 0x00, 0x00, 0x00, 0x00, 0x00, 0x00, 0x00, 0x00, 0x00, 0x00,
    0x00, 0x00, 0x00, 0x00, 0x00, 0x00, 0x00, 0x00, 0x00, 0x00, 0x00, 0x00, 0x00, 0x00, 0x00, 0x00,
    0x00, 0x00, 0x00, 0x00, 0x00, 0x00, 0x00, 0x00, 0x00, 0x00, 0x00, 0x00, 0x00, 0x00, 0x00, 0x00,
    0x00, 0x00, 0x00, 0x00, 0x00, 0x00, 0x00, 0x00, 0x00, 0x00, 0x00, 0x00, 0x00, 0x00, 0x00, 0x00,
    0x00, 0x00, 0x00, 0x00, 0x00, 0x00, 0x00, 0x00, 0x00, 0x00, 0x00, 0x00, 0x00, 0x00, 0x00, 0x00,
    0x00, 0x00, 0x00, 0x00, 0x00, 0x00, 0x00, 0x00, 0x00, 0x00, 0x00, 0x00, 0x00, 0x00, 0x00, 0x00,
    0x00, 0x00, 0x00, 0x00, 0x00, 0x00, 0x00, 0x00, 0x00, 0x00, 0x00, 0x00, 0x00, 0x00, 0x00, 0x00,
    0x00, 0x00, 0x00, 0x00, 0x00, 0x00, 0x00, 0x00, 0x00, 0x00, 0x00, 0x00, 0x00, 0x00, 0x00, 0x00,
    0x00, 0x00, 0x00, 0x00, 0x00, 0x00, 0x00, 0x00, 0x00, 0x00, 0x00, 0x00, 0x00, 0x00, 0x00, 0x00,
    0x00, 0x00, 0x00, 0x00, 0x00, 0x00, 0x00, 0x00, 0x00, 0x00, 0x00, 0x00, 0x00, 0x00, 0x00, 0x00,
    0x00, 0x00, 0x00, 0x00, 0x00, 0x00, 0x00, 0x00, 0x00, 0x00, 0x00, 0x00, 0x00, 0x00, 0x00, 0x00,
    0x00, 0x00, 0x00, 0x00, 0x00, 0x00, 0x00, 0x00, 0x00, 0x00, 0x00, 0x00, 0x00, 0x00, 0x00, 0x00,
    0x00, 0x00, 0x00, 0x00, 0x00, 0x00, 0x00, 0x00, 0x00, 0x00, 0x00, 0x00, 0x00, 0x00, 0x00, 0x00,
    0x00, 0x00, 0x00, 0x00, 0x00, 0x00, 0x00, 0x00, 0x00, 0x00, 0x00, 0x00, 0x00, 0x00, 0x00, 0x00,
    0x00, 0x00, 0x00, 0x00, 0x00, 0x00, 0x00, 0x00, 0x00, 0x00, 0x00, 0x00, 0x00, 0x00, 0x00, 0x00,
    0x00, 0x00, 0x00, 0x00, 0x00, 0x00, 0x00, 0x00, 0x00, 0x00, 0x00, 0x00, 0x00, 0x00, 0x00, 0x00,
    0x00, 0x00, 0x00, 0x00, 0x00, 0x00, 0x00, 0x00, 0x00, 0x00, 0x00, 0x00, 0x00, 0x00, 0x00, 0x00,
    0x00, 0x00, 0x00, 0x00, 0x00, 0x00, 0x00, 0x00, 0x00, 0x00, 0x00, 0x00, 0x00, 0x00, 0x00, 0x00,
    0x00, 0x00, 0x00, 0x00, 0x00, 0x00, 0x00, 0x00, 0x00, 0x00, 0x00, 0x00, 0x00, 0x00, 0x00, 0x00,
    0x00, 0x00, 0x00, 0x00, 0x00, 0x00, 0x00, 0x00, 0x00, 0x00, 0x00, 0x00, 0x00, 0x00, 0x00, 0x00,
    0x00, 0x00, 0x00, 0x00, 0x00, 0x00, 0x00, 0x00, 0x00, 0x00, 0x00, 0x00, 0x00, 0x00, 0x00, 0x00,
    0x00, 0x00, 0x00, 0x00, 0x00, 0x00, 0x00, 0x00, 0x00, 0x00, 0x00, 0x00, 0x00, 0x00, 0x00, 0x00,
    0x00, 0x00, 0x00, 0x00, 0x00, 0x00, 0x00, 0x00, 0x00, 0x00, 0x00, 0x00, 0x00, 0x00, 0x00, 0x00,
    0x00, 0x00, 0x00, 0x00, 0x00, 0x00, 0x00, 0x00, 0x00, 0x00, 0x00, 0x00, 0x00, 0x00, 0x00, 0x00,
    0x00, 0x00, 0x00, 0x00, 0x00, 0x00, 0x00, 0x00, 0x00, 0x00, 0x00, 0x00, 0x00, 0x00, 0x00, 0x00,
    0x00, 0x00, 0x00, 0x00, 0x00, 0x00, 0x00, 0x00, 0x00, 0x00, 0x00, 0x00, 0x00, 0x00, 0x00, 0x00,
    0x00, 0x00, 0x00, 0x00, 0x00, 0x00, 0x00, 0x00, 0x00, 0x00, 0x00, 0x00, 0x00, 0x00, 0x00, 0x00,
    0x00, 0x00, 0x00, 0x00, 0x00, 0x00, 0x00, 0x00, 0x00, 0x00, 0x00, 0x00, 0x00, 0x00, 0x00, 0x00,
    0x00, 0x00, 0x00, 0x00, 0x00, 0x00, 0x00, 0x00, 0x00, 0x00, 0x00, 0x00, 0x00, 0x00, 0x00, 0x00,
    0x00, 0x00, 0x00, 0x00, 0x00, 0x00, 0x00, 0x00, 0x00, 0x00, 0x00, 0x00, 0x00, 0x00, 0x00, 0x00,
    0x00, 0x00, 0x00, 0x00, 0x00, 0x00, 0x00, 0x00, 0x00, 0x00, 0x00, 0x00, 0x00, 0x00, 0x00, 0x00,
    0x00, 0x00, 0x00, 0x00, 0x00, 0x00, 0x00, 0x00, 0x00, 0x00, 0x00, 0x00, 0x00, 0x00, 0x00, 0x00,
    0x00, 0x00, 0x00, 0x00, 0x00, 0x00, 0x00, 0x00, 0x00, 0x00, 0x00, 0x00, 0x00, 0x00, 0x00, 0x00,
    0x00, 0x00, 0x00, 0x00, 0x00, 0x00, 0x00, 0x00, 0x00, 0x00, 0x00, 0x00, 0x00, 0x00, 0x00, 0x00,
    0x00, 0x00, 0x00, 0x00, 0x00, 0x00, 0x00, 0x00, 0x00, 0x00, 0x00, 0x00, 0x00, 0x00, 0x00, 0x00,
    0x00, 0x00, 0x00, 0x00, 0x00, 0x00, 0x00, 0x00, 0x00, 0x00, 0x00, 0x00, 0x00, 0x00, 0x00, 0x00,
    0x00, 0x00, 0x00, 0x00, 0x00, 0x00, 0x00, 0x00, 0x00, 0x00, 0x00, 0x00, 0x00, 0x00, 0x00, 0x00,
    0x00, 0x00, 0x00, 0x00, 0x00, 0x00, 0x00, 0x00, 0x00, 0x00, 0x00, 0x00, 0x00, 0x00, 0x00, 0x00,
    0x00, 0x00, 0x00, 0x00, 0x00, 0x00, 0x00, 0x00, 0x00, 0x00, 0x00, 0x00, 0x00, 0x00, 0x00, 0x00,
    0x00, 0x00, 0x00, 0x00, 0x00, 0x00, 0x00, 0x00, 0x00, 0x00, 0x00, 0x00, 0x00, 0x00, 0x00, 0x00,
    0x00, 0x00, 0x00, 0x00, 0x00, 0x00, 0x00, 0x00, 0x00, 0x00, 0x00, 0x00, 0x00, 0x00, 0x00, 0x00,
    0x00, 0x00, 0x00, 0x00, 0x00, 0x00, 0x00, 0x00, 0x00, 0x00, 0x00, 0x00, 0x00, 0x00, 0x00, 0x00,
    0x00, 0x00, 0x00, 0x00, 0x00, 0x00, 0x00, 0x00, 0x00, 0x00, 0x00, 0x00, 0x00, 0x00, 0x00, 0x00,
    0x00, 0x00, 0x00, 0x00, 0x00, 0x00, 0x00, 0x00, 0x00, 0x00, 0x00, 0x00, 0x00, 0x00, 0x00, 0x00,
    0x00, 0x00, 0x00, 0x00, 0x00, 0x00, 0x00, 0x00, 0x00, 0x00, 0x00, 0x00, 0x00, 0x00, 0x00, 0x00,
    0x00, 0x00, 0x00, 0x00, 0x00, 0x00, 0x00, 0x00, 0x00, 0x00, 0x00, 0x00, 0x00, 0x00, 0x00, 0x00,
    0x00, 0x00, 0x00, 0x00, 0x00, 0x00, 0x00, 0x00, 0x00, 0x00, 0x00, 0x00, 0x00, 0x00, 0x00, 0x00,
    0x00, 0x00, 0x00, 0x00, 0x00, 0x00, 0x00, 0x00, 0x00, 0x00, 0x00, 0x00, 0x00, 0x00, 0x00, 0x00,
    0x00, 0x00, 0x00, 0x00, 0x00, 0x00, 0x00, 0x00, 0x00, 0x00, 0x00, 0x00, 0x00, 0x00, 0x00, 0x00,
    0x00, 0x00, 0x00, 0x00, 0x00, 0x00, 0x00, 0x00, 0x00, 0x00, 0x00, 0x00, 0x00, 0x00, 0x00, 0x00,
    0x00, 0x00, 0x00, 0x00, 0x00, 0x00, 0x00, 0x00, 0x00, 0x00, 0x00, 0x00, 0x00, 0x00, 0x00, 0x00,
    0x00, 0x00, 0x00, 0x00, 0x00, 0x00, 0x00, 0x00, 0x00, 0x00, 0x00, 0x00, 0x00, 0x00, 0x00, 0x00,
    0x00, 0x00, 0x00, 0x00, 0x00, 0x00, 0x00, 0x00, 0x00, 0x00, 0x00, 0x00, 0x00, 0x00, 0x00, 0x00,
    0x00, 0x00, 0x00, 0x00, 0x00, 0x00, 0x00, 0x00, 0x00, 0x00, 0x00, 0x00, 0x00, 0x00, 0x00, 0x00,
    0x00, 0x00, 0x00, 0x00, 0x00, 0x00, 0x00, 0x00, 0x00, 0x00, 0x00, 0x00, 0x00, 0x00, 0x00, 0x00,
    0x00, 0x00, 0x00, 0x00, 0x00, 0x00, 0x00, 0x00, 0x00, 0x00, 0x00, 0x00, 0x00, 0x00, 0x00, 0x00,
    0x00, 0x00, 0x00, 0x00, 0x00, 0x00, 0x00, 0x00, 0x00, 0x00, 0x00, 0x00, 0x00, 0x00, 0x00, 0x00,
    0x00, 0x00, 0x00, 0x00, 0x00, 0x00, 0x00, 0x00, 0x00, 0x00, 0x00, 0x00, 0x00, 0x00, 0x00, 0x00,
    0x00, 0x00, 0x00, 0x00, 0x00, 0x00, 0x00, 0x00, 0x00, 0x00, 0x00, 0x00, 0x00, 0x00, 0x00, 0x00,
    0x00, 0x00, 0x00, 0x00, 0x00, 0x00, 0x00, 0x00, 0x00, 0x00, 0x00, 0x00, 0x00, 0x00, 0x00, 0x00,
    0x00, 0x00, 0x00, 0x00, 0x00, 0x00, 0x00, 0x00, 0x00, 0x00, 0x00, 0x00, 0x00, 0x00, 0x00, 0x00,
    0x00, 0x00, 0x00, 0x00, 0x00, 0x00, 0x00, 0x00, 0x00, 0x00, 0x00, 0x00, 0x00, 0x00, 0x00, 0x00,
    0x00, 0x00, 0x00, 0x00, 0x00, 0x00, 0x00, 0x00, 0x00, 0x00, 0x00, 0x00, 0x00, 0x00, 0x00, 0x00,
    0x00, 0x00, 0x00, 0x00, 0x00, 0x00, 0x00, 0x00, 0x00, 0x00, 0x00, 0x00, 0x00, 0x00, 0x00, 0x00,
    0x00, 0x00, 0x00, 0x00, 0x00, 0x00, 0x00, 0x00, 0x00, 0x00, 0x00, 0x00, 0x00, 0x00, 0x00, 0x00,
    0x00, 0x00, 0x00, 0x00, 0x00, 0x00, 0x00, 0x00, 0x00, 0x00, 0x00, 0x00, 0x00, 0x00, 0x00, 0x00,
    0x00, 0x00, 0x00, 0x00, 0x00, 0x00, 0x00, 0x00, 0x00, 0x00, 0x00, 0x00, 0x00, 0x00, 0x00, 0x00,
    0x00, 0x00, 0x00, 0x00, 0x00, 0x00, 0x00, 0x00, 0x00, 0x00, 0x00, 0x00, 0x00, 0x00, 0x00, 0x00,
    0x00, 0x00, 0x00, 0x00, 0x00, 0x00, 0x00, 0x00, 0x00, 0x00, 0x00, 0x00, 0x00, 0x00, 0x00, 0x00,
    0x00, 0x00, 0x00, 0x00, 0x00, 0x00, 0x00, 0x00, 0x00, 0x00, 0x00, 0x00, 0x00, 0x00, 0x00, 0x00,
    0x00, 0x00, 0x00, 0x00, 0x00, 0x00, 0x00, 0x00, 0x00, 0x00, 0x00, 0x00, 0x00, 0x00, 0x00, 0x00,
    0x00, 0x00, 0x00, 0x00, 0x00, 0x00, 0x00, 0x00, 0x00, 0x00, 0x00, 0x00, 0x00, 0x00, 0x00, 0x00,
    0x00, 0x00, 0x00, 0x00, 0x00, 0x00, 0x00, 0x00, 0x00, 0x00, 0x00, 0x00, 0x00, 0x00, 0x00, 0x00,
    0x00, 0x00, 0x00, 0x00, 0x00, 0x00, 0x00, 0x00, 0x00, 0x00, 0x00, 0x00, 0x00, 0x00, 0x00, 0x00,
    0x00, 0x00, 0x00, 0x00, 0x00, 0x00, 0x00, 0x00, 0x00, 0x00, 0x00, 0x00, 0x00, 0x00, 0x00, 0x00,
    0x00, 0x00, 0x00, 0x00, 0x00, 0x00, 0x00, 0x00, 0x00, 0x00, 0x00, 0x00, 0x00, 0x00, 0x00, 0x00,
    0x00, 0x00, 0x00, 0x00, 0x00, 0x00, 0x00, 0x00, 0x00, 0x00, 0x00, 0x00, 0x00, 0x00, 0x00, 0x00,
    0x00, 0x00, 0x00, 0x00, 0x00, 0x00, 0x00, 0x00, 0x00, 0x00, 0x00, 0x00, 0x00, 0x00, 0x00, 0x00,
    0x00, 0x00, 0x00, 0x00, 0x00, 0x00, 0x00, 0x00, 0x00, 0x00, 0x00, 0x00, 0x00, 0x00, 0x00, 0x00,
    0x00, 0x00, 0x00, 0x00, 0x00, 0x00, 0x00, 0x00, 0x00, 0x00, 0x00, 0x00, 0x00, 0x00, 0x00, 0x00,
    0x00, 0x00, 0x00, 0x00, 0x00, 0x00, 0x00, 0x00, 0x00, 0x00, 0x00, 0x00, 0x00, 0x00, 0x00, 0x00,
    0x00, 0x00, 0x00, 0x00, 0x00, 0x00, 0x00, 0x00, 0x00, 0x00, 0x00, 0x00, 0x00, 0x00, 0x00, 0x00,
    0x00, 0x00, 0x00, 0x00, 0x00, 0x00, 0x00, 0x00, 0x00, 0x00, 0x00, 0x00, 0x00, 0x00, 0x00, 0x00,
    0x00, 0x00, 0x00, 0x00, 0x00, 0x00, 0x00, 0x00, 0x00, 0x00, 0x00, 0x00, 0x00, 0x00, 0x00, 0x00,
    0x00, 0x00, 0x00, 0x00, 0x00, 0x00, 0x00, 0x00, 0x00, 0x00, 0x00, 0x00, 0x00, 0x00, 0x00, 0x00,
    0x00, 0x00, 0x00, 0x00, 0x00, 0x00, 0x00, 0x00, 0x00, 0x00, 0x00, 0x00, 0x00, 0x00, 0x00, 0x00,
    0x00, 0x00, 0x00, 0x00, 0x00, 0x00, 0x00, 0x00, 0x00, 0x00, 0x00, 0x00, 0x00, 0x00, 0x00, 0x00,
    0x00, 0x00, 0x00, 0x00, 0x00, 0x00, 0x00, 0x00, 0x00, 0x00, 0x00, 0x00, 0x00, 0x00, 0x00, 0x00,
    0x00, 0x00, 0x00, 0x00, 0x00, 0x00, 0x00, 0x00, 0x00, 0x00, 0x00, 0x00, 0x00, 0x00, 0x00, 0x00,
    0x00, 0x00, 0x00, 0x00, 0x00, 0x00, 0x00, 0x00, 0x00, 0x00, 0x00, 0x00, 0x00, 0x00, 0x00, 0x00,
    0x00, 0x00, 0x00, 0x00, 0x00, 0x00, 0x00, 0x00, 0x00, 0x00, 0x00, 0x00, 0x00, 0x00, 0x00, 0x00,
    0x00, 0x00, 0x00, 0x00, 0x00, 0x00, 0x00, 0x00, 0x00, 0x00, 0x00, 0x00, 0x00, 0x00, 0x00, 0x00,
    0x00, 0x00, 0x00, 0x00, 0x00, 0x00, 0x00, 0x00, 0x00, 0x00, 0x00, 0x00, 0x00, 0x00, 0x00, 0x00,
    0x00, 0x00, 0x00, 0x00, 0x00, 0x00, 0x00, 0x00, 0x00, 0x00, 0x00, 0x00, 0x00, 0x00, 0x00, 0x00,
    0x00, 0x00, 0x00, 0x00, 0x00, 0x00, 0x00, 0x00, 0x00, 0x00, 0x00, 0x00, 0x00, 0x00, 0x00, 0x00,
    0x00, 0x00, 0x00, 0x00, 0x00, 0x00, 0x00, 0x00, 0x00, 0x00, 0x00, 0x00, 0x00, 0x00, 0x00, 0x00,
    0x00, 0x00, 0x00, 0x00, 0x00, 0x00, 0x00, 0x00, 0x00, 0x00, 0x00, 0x00, 0x00, 0x00, 0x00, 0x00,
    0x00, 0x00, 0x00, 0x00, 0x00, 0x00, 0x00, 0x00, 0x00, 0x00, 0x00, 0x00, 0x00, 0x00, 0x00, 0x00,
    0x00, 0x00, 0x00, 0x00, 0x00, 0x00, 0x00, 0x00, 0x00, 0x00, 0x00, 0x00, 0x00, 0x00, 0x00, 0x00,
    0x00, 0x00, 0x00, 0x00, 0x00, 0x00, 0x00, 0x00, 0x00, 0x00, 0x00, 0x00, 0x00, 0x00, 0x00, 0x00,
    0x00, 0x00, 0x00, 0x00, 0x00, 0x00, 0x00, 0x00, 0x00, 0x00, 0x00, 0x00, 0x00, 0x00, 0x00, 0x00,
    0x00, 0x00, 0x00, 0x00, 0x00, 0x00, 0x00, 0x00, 0x00, 0x00, 0x00, 0x00, 0x00, 0x00, 0x00, 0x00,
    0x00, 0x00, 0x00, 0x00, 0x00, 0x00, 0x00, 0x00, 0x00, 0x00, 0x00, 0x00, 0x00, 0x00, 0x00, 0x00,
    0x00, 0x00, 0x00, 0x00, 0x00, 0x00, 0x00, 0x00, 0x00, 0x00, 0x00, 0x00, 0x00, 0x00, 0x00, 0x00,
    0x00, 0x00, 0x00, 0x00, 0x00, 0x00, 0x00, 0x00, 0x00, 0x00, 0x00, 0x00, 0x00, 0x00, 0x00, 0x00,
    0x00, 0x00, 0x00, 0x00, 0x00, 0x00, 0x00, 0x00, 0x00, 0x00, 0x00, 0x00, 0x00, 0x00, 0x00, 0x00,
    0x00, 0x00, 0x00, 0x00, 0x00, 0x00, 0x00, 0x00, 0x00, 0x00, 0x00, 0x00, 0x00, 0x00, 0x00, 0x00,
    0x00, 0x00, 0x00, 0x00, 0x00, 0x00, 0x00, 0x00, 0x00, 0x00, 0x00, 0x00, 0x00, 0x00, 0x00, 0x00,
    0x00, 0x00, 0x00, 0x00, 0x00, 0x00, 0x00, 0x00, 0x00, 0x00, 0x00, 0x00, 0x00, 0x00, 0x00, 0x00,
    0x00, 0x00, 0x00, 0x00, 0x00, 0x00, 0x00, 0x00, 0x00, 0x00, 0x00, 0x00, 0x00, 0x00, 0x00, 0x00,
    0x00, 0x00, 0x00, 0x00, 0x00, 0x00, 0x00, 0x00, 0x00, 0x00, 0x00, 0x00, 0x00, 0x00, 0x00, 0x00,
    0x00, 0x00, 0x00, 0x00, 0x00, 0x00, 0x00, 0x00, 0x00, 0x00, 0x00, 0x00, 0x00, 0x00, 0x00, 0x00,
    0x00, 0x00, 0x00, 0x00, 0x00, 0x00, 0x00, 0x00, 0x00, 0x00, 0x00, 0x00, 0x00, 0x00, 0x00, 0x00,
    0x00, 0x00, 0x00, 0x00, 0x00, 0x00, 0x00, 0x00, 0x00, 0x00, 0x00, 0x00, 0x00, 0x00, 0x00, 0x00,
    0x00, 0x00, 0x00, 0x00, 0x00, 0x00, 0x00, 0x00, 0x00, 0x00, 0x00, 0x00, 0x00, 0x00, 0x00, 0x00,
    0x00, 0x00, 0x00, 0x00, 0x00, 0x00, 0x00, 0x00, 0x00, 0x00, 0x00, 0x00, 0x00, 0x00, 0x00, 0x00,
    0x00, 0x00, 0x00, 0x00, 0x00, 0x00, 0x00, 0x00, 0x00, 0x00, 0x00, 0x00, 0x00, 0x00, 0x00, 0x00,
    0x00, 0x00, 0x00, 0x00, 0x00, 0x00, 0x00, 0x00, 0x00, 0x00, 0x00, 0x00, 0x00, 0x00, 0x00, 0x00,
    0x00, 0x00, 0x00, 0x00, 0x00, 0x00, 0x00, 0x00, 0x00, 0x00, 0x00, 0x00, 0x00, 0x00, 0x00, 0x00,
    0x00, 0x00, 0x00, 0x00, 0x00, 0x00, 0x00, 0x00, 0x00, 0x00, 0x00, 0x00, 0x00, 0x00, 0x00, 0x00,
    0x00, 0x00, 0x00, 0x00, 0x00, 0x00, 0x00, 0x00, 0x00, 0x00, 0x00, 0x00, 0x00, 0x00, 0x00, 0x00,
    0x00, 0x00, 0x00, 0x00, 0x00, 0x00, 0x00, 0x00, 0x00, 0x00, 0x00, 0x00, 0x00, 0x00, 0x00, 0x00,
    0x00, 0x00, 0x00, 0x00, 0x00, 0x00, 0x00, 0x00, 0x00, 0x00, 0x00, 0x00, 0x00, 0x00, 0x00, 0x00,
    0x00, 0x00, 0x00, 0x00, 0x00, 0x00, 0x00, 0x00, 0x00, 0x00, 0x00, 0x00, 0x00, 0x00, 0x00, 0x00,
    0x00, 0x00, 0x00, 0x00, 0x00, 0x00, 0x00, 0x00, 0x00, 0x00, 0x00, 0x00, 0x00, 0x00, 0x00, 0x00,
    0x00, 0x00, 0x00, 0x00, 0x00, 0x00, 0x00, 0x00, 0x00, 0x00, 0x00, 0x00, 0x00, 0x00, 0x00, 0x00,
    0x00, 0x00, 0x00, 0x00, 0x00, 0x00, 0x00, 0x00, 0x00, 0x00, 0x00, 0x00, 0x00, 0x00, 0x00, 0x00,
    0x00, 0x00, 0x00, 0x00, 0x00, 0x00, 0x00, 0x00, 0x00, 0x00, 0x00, 0x00, 0x00, 0x00, 0x00, 0x00,
    0x00, 0x00, 0x00, 0x00, 0x00, 0x00, 0x00, 0x00, 0x00, 0x00, 0x00, 0x00, 0x00, 0x00, 0x00, 0x00,
    0x00, 0x00, 0x00, 0x00, 0x00, 0x00, 0x00, 0x00, 0x00, 0x00, 0x00, 0x00, 0x00, 0x00, 0x00, 0x00,
    0x00, 0x00, 0x00, 0x00, 0x00, 0x00, 0x00, 0x00, 0x00, 0x00, 0x00, 0x00, 0x00, 0x00, 0x00, 0x00,
    0x00, 0x00, 0x00, 0x00, 0x00, 0x00, 0x00, 0x00, 0x00, 0x00, 0x00, 0x00, 0x00, 0x00, 0x00, 0x00,
    0x00, 0x00, 0x00, 0x00, 0x00, 0x00, 0x00, 0x00, 0x00, 0x00, 0x00, 0x00, 0x00, 0x00, 0x00, 0x00,
    0x00, 0x00, 0x00, 0x00, 0x00, 0x00, 0x00, 0x00, 0x00, 0x00, 0x00, 0x00, 0x00, 0x00, 0x00, 0x00,
    0x00, 0x00, 0x00, 0x00, 0x00, 0x00, 0x00, 0x00, 0x00, 0x00, 0x00, 0x00, 0x00, 0x00, 0x00, 0x00,
    0x00, 0x00, 0x00, 0x00, 0x00, 0x00, 0x00, 0x00, 0x00, 0x00, 0x00, 0x00, 0x00, 0x00, 0x00, 0x00,
    0x00, 0x00, 0x00, 0x00, 0x00, 0x00, 0x00, 0x00, 0x00, 0x00, 0x00, 0x00, 0x00, 0x00, 0x00, 0x00,
    0x00, 0x00, 0x00, 0x00, 0x00, 0x00, 0x00, 0x00, 0x00, 0x00, 0x00, 0x00, 0x00, 0x00, 0x00, 0x00,
    0x00, 0x00, 0x00, 0x00, 0x00, 0x00, 0x00, 0x00, 0x00, 0x00, 0x00, 0x00, 0x00, 0x00, 0x00, 0x00,
    0x00, 0x00, 0x00, 0x00, 0x00, 0x00, 0x00, 0x00, 0x00, 0x00, 0x00, 0x00, 0x00, 0x00, 0x00, 0x00,
    0x00, 0x00, 0x00, 0x00, 0x00, 0x00, 0x00, 0x00, 0x00, 0x00, 0x00, 0x00, 0x00, 0x00, 0x00, 0x00,
    0x00, 0x00, 0x00, 0x00, 0x00, 0x00, 0x00, 0x00, 0x00, 0x00, 0x00, 0x00, 0x00, 0x00, 0x00, 0x00,
    0x00, 0x00, 0x00, 0x00, 0x00, 0x00, 0x00, 0x00, 0x00, 0x00, 0x00, 0x00, 0x00, 0x00, 0x00, 0x00,
    0x00, 0x00, 0x00, 0x00, 0x00, 0x00, 0x00, 0x00, 0x00, 0x00, 0x00, 0x00, 0x00, 0x00, 0x00, 0x00,
    0x00, 0x00, 0x00, 0x00, 0x00, 0x00, 0x00, 0x00, 0x00, 0x00, 0x00, 0x00, 0x00, 0x00, 0x00, 0x00,
    0x00, 0x00, 0x00, 0x00, 0x00, 0x00, 0x00, 0x00, 0x00, 0x00, 0x00, 0x00, 0x00, 0x00, 0x00, 0x00,
    0x00, 0x00, 0x00, 0x00, 0x00, 0x00, 0x00, 0x00, 0x00, 0x00, 0x00, 0x00, 0x00, 0x00, 0x00, 0x00,
    0x00, 0x00, 0x00, 0x00, 0x00, 0x00, 0x00, 0x00, 0x00, 0x00, 0x00, 0x00, 0x00, 0x00, 0x00, 0x00,
    0x00, 0x00, 0x00, 0x00, 0x00, 0x00, 0x00, 0x00, 0x00, 0x00, 0x00, 0x00, 0x00, 0x00, 0x00, 0x00,
    0x00, 0x00, 0x00, 0x00, 0x00, 0x00, 0x00, 0x00, 0x00, 0x00, 0x00, 0x00, 0x00, 0x00, 0x00, 0x00,
    0x00, 0x00, 0x00, 0x00, 0x00, 0x00, 0x00, 0x00, 0x00, 0x00, 0x00, 0x00, 0x00, 0x00, 0x00, 0x00,
    0x00, 0x00, 0x00, 0x00, 0x00, 0x00, 0x00, 0x00, 0x00, 0x00, 0x00, 0x00, 0x00, 0x00, 0x00, 0x00,
    0x00, 0x00, 0x00, 0x00, 0x00, 0x00, 0x00, 0x00, 0x00, 0x00, 0x00, 0x00, 0x00, 0x00, 0x00, 0x00,
    0x00, 0x00, 0x00, 0x00, 0x00, 0x00, 0x00, 0x00, 0x00, 0x00, 0x00, 0x00, 0x00, 0x00, 0x00, 0x00,
    0x00, 0x00, 0x00, 0x00, 0x00, 0x00, 0x00, 0x00, 0x00, 0x00, 0x00, 0x00, 0x00, 0x00, 0x00, 0x00,
    0x00, 0x00, 0x00, 0x00, 0x00, 0x00, 0x00, 0x00, 0x00, 0x00, 0x00, 0x00, 0x00, 0x00, 0x00, 0x00,
    0x00, 0x00, 0x00, 0x00, 0x00, 0x00, 0x00, 0x00, 0x00, 0x00, 0x00, 0x00, 0x00, 0x00, 0x00, 0x00,
    0x00, 0x00, 0x00, 0x00, 0x00, 0x00, 0x00, 0x00, 0x00, 0x00, 0x00, 0x00, 0x00, 0x00, 0x00, 0x00,
    0x00, 0x00, 0x00, 0x00, 0x00, 0x00, 0x00, 0x00, 0x00, 0x00, 0x00, 0x00, 0x00, 0x00, 0x00, 0x00,
    0x00, 0x00, 0x00, 0x00, 0x00, 0x00, 0x00, 0x00, 0x00, 0x00, 0x00, 0x00, 0x00, 0x00, 0x00, 0x00,
    0x00, 0x00, 0x00, 0x00, 0x00, 0x00, 0x00, 0x00, 0x00, 0x00, 0x00, 0x00, 0x00, 0x00, 0x00, 0x00,
    0x00, 0x00, 0x00, 0x00, 0x00, 0x00, 0x00, 0x00, 0x00, 0x00, 0x00, 0x00, 0x00, 0x00, 0x00, 0x00,
    0x00, 0x00, 0x00, 0x00, 0x00, 0x00, 0x00, 0x00, 0x00, 0x00, 0x00, 0x00, 0x00, 0x00, 0x00, 0x00,
    0x00, 0x00, 0x00, 0x00, 0x00, 0x00, 0x00, 0x00, 0x00, 0x00, 0x00, 0x00, 0x00, 0x00, 0x00, 0x00,
    0x00, 0x00, 0x00, 0x00, 0x00, 0x00, 0x00, 0x00, 0x00, 0x00, 0x00, 0x00, 0x00, 0x00, 0x00, 0x00,
    0x00, 0x00, 0x00, 0x00, 0x00, 0x00, 0x00, 0x00, 0x00, 0x00, 0x00, 0x00, 0x00, 0x00, 0x00, 0x00,
    0x00, 0x00, 0x00, 0x00, 0x00, 0x00, 0x00, 0x00, 0x00, 0x00, 0x00, 0x00, 0x00, 0x00, 0x00, 0x00,
    0x00, 0x00, 0x00, 0x00, 0x00, 0x00, 0x00, 0x00, 0x00, 0x00, 0x00, 0x00, 0x00, 0x00, 0x00, 0x00,
    0x00, 0x00, 0x00, 0x00, 0x00, 0x00, 0x00, 0x00, 0x00, 0x00, 0x00, 0x00, 0x00, 0x00, 0x00, 0x00,
    0x00, 0x00, 0x00, 0x00, 0x00, 0x00, 0x00, 0x00, 0x00, 0x00, 0x00, 0x00, 0x00, 0x00, 0x00, 0x00,
    0x00, 0x00, 0x00, 0x00, 0x00, 0x00, 0x00, 0x00, 0x00, 0x00, 0x00, 0x00, 0x00, 0x00, 0x00, 0x00,
    0x00, 0x00, 0x00, 0x00, 0x00, 0x00, 0x00, 0x00, 0x00, 0x00, 0x00, 0x00, 0x00, 0x00, 0x00, 0x00,
    0x00, 0x00, 0x00, 0x00, 0x00, 0x00, 0x00, 0x00, 0x00, 0x00, 0x00, 0x00, 0x00, 0x00, 0x00, 0x00,
    0x00, 0x00, 0x00, 0x00, 0x00, 0x00, 0x00, 0x00, 0x00, 0x00, 0x00, 0x00, 0x00, 0x00, 0x00, 0x00,
    0x00, 0x00, 0x00, 0x00, 0x00, 0x00, 0x00, 0x00, 0x00, 0x00, 0x00, 0x00, 0x00, 0x00, 0x00, 0x00,
    0x00, 0x00, 0x00, 0x00, 0x00, 0x00, 0x00, 0x00, 0x00, 0x00, 0x00, 0x00, 0x00, 0x00, 0x00, 0x00,
    0x00, 0x00, 0x00, 0x00, 0x00, 0x00, 0x00, 0x00, 0x00, 0x00, 0x00, 0x00, 0x00, 0x00, 0x00, 0x00,
    0x00, 0x00, 0x00, 0x00, 0x00, 0x00, 0x00, 0x00, 0x00, 0x00, 0x00, 0x00, 0x00, 0x00, 0x00, 0x00,
    0x00, 0x00, 0x00, 0x00, 0x00, 0x00, 0x00, 0x00, 0x00, 0x00, 0x00, 0x00, 0x00, 0x00, 0x00, 0x00,
    0x00, 0x00, 0x00, 0x00, 0x00, 0x00, 0x00, 0x00, 0x00, 0x00, 0x00, 0x00, 0x00, 0x00, 0x00, 0x00,
    0x00, 0x00, 0x00, 0x00, 0x00, 0x00, 0x00, 0x00, 0x00, 0x00, 0x00, 0x00, 0x00, 0x00, 0x00, 0x00,
    0x00, 0x00, 0x00, 0x00, 0x00, 0x00, 0x00, 0x00, 0x00, 0x00, 0x00, 0x00, 0x00, 0x00, 0x00, 0x00,
    0x00, 0x00, 0x00, 0x00, 0x00, 0x00, 0x00, 0x00, 0x00, 0x00, 0x00, 0x00, 0x00, 0x00, 0x00, 0x00,
    0x00, 0x00, 0x00, 0x00, 0x00, 0x00, 0x00, 0x00, 0x00, 0x00, 0x00, 0x00, 0x00, 0x00, 0x00, 0x00,
    0x00, 0x00, 0x00, 0x00, 0x00, 0x00, 0x00, 0x00, 0x00, 0x00, 0x00, 0x00, 0x00, 0x00, 0x00, 0x00,
    0x00, 0x00, 0x00, 0x00, 0x00, 0x00, 0x00, 0x00, 0x00, 0x00, 0x00, 0x00, 0x00, 0x00, 0x00, 0x00,
    0x00, 0x00, 0x00, 0x00, 0x00, 0x00, 0x00, 0x00, 0x00, 0x00, 0x00, 0x00, 0x00, 0x00, 0x00, 0x00,
    0x00, 0x00, 0x00, 0x00, 0x00, 0x00, 0x00, 0x00, 0x00, 0x00, 0x00, 0x00, 0x00, 0x00, 0x00, 0x00,
    0x00, 0x00, 0x00, 0x00, 0x00, 0x00, 0x00, 0x00, 0x00, 0x00, 0x00, 0x00, 0x00, 0x00, 0x00, 0x00,
    0x00, 0x00, 0x00, 0x00, 0x00, 0x00, 0x00, 0x00, 0x00, 0x00, 0x00, 0x00, 0x00, 0x00, 0x00, 0x00,
    0x00, 0x00, 0x00, 0x00, 0x00, 0x00, 0x00, 0x00, 0x00, 0x00, 0x00, 0x00, 0x00, 0x00, 0x00, 0x00,
    0x00, 0x00, 0x00, 0x00, 0x00, 0x00, 0x00, 0x00, 0x00, 0x00, 0x00, 0x00, 0x00, 0x00, 0x00, 0x00,
    0x00, 0x00, 0x00, 0x00, 0x00, 0x00, 0x00, 0x00, 0x00, 0x00, 0x00, 0x00, 0x00, 0x00, 0x00, 0x00,
    0x00, 0x00, 0x00, 0x00, 0x00, 0x00, 0x00, 0x00, 0x00, 0x00, 0x00, 0x00, 0x00, 0x00, 0x00, 0x00,
    0x00, 0x00, 0x00, 0x00, 0x00, 0x00, 0x00, 0x00, 0x00, 0x00, 0x00, 0x00, 0x00, 0x00, 0x00, 0x00,
    0x00, 0x00, 0x00, 0x00, 0x00, 0x00, 0x00, 0x00, 0x00, 0x00, 0x00, 0x00, 0x00, 0x00, 0x00, 0x00,
    0x00, 0x00, 0x00, 0x00, 0x00, 0x00, 0x00, 0x00, 0x00, 0x00, 0x00, 0x00, 0x00, 0x00, 0x00, 0x00,
    0x00, 0x00, 0x00, 0x00, 0x00, 0x00, 0x00, 0x00, 0x00, 0x00, 0x00, 0x00, 0x00, 0x00, 0x00, 0x00,
    0x00, 0x00, 0x00, 0x00, 0x00, 0x00, 0x00, 0x00, 0x00, 0x00, 0x00, 0x00, 0x00, 0x00, 0x00, 0x00,
    0x00, 0x00, 0x00, 0x00, 0x00, 0x00, 0x00, 0x00, 0x00, 0x00, 0x00, 0x00, 0x00, 0x00, 0x00, 0x00,
    0x00, 0x00, 0x00, 0x00, 0x00, 0x00, 0x00, 0x00, 0x00, 0x00, 0x00, 0x00, 0x00, 0x00, 0x00, 0x00,
    0x00, 0x00, 0x00, 0x00, 0x00, 0x00, 0x00, 0x00, 0x00, 0x00, 0x00, 0x00, 0x00, 0x00, 0x00, 0x00,
    0x00, 0x00, 0x00, 0x00, 0x00, 0x00, 0x00, 0x00, 0x00, 0x00, 0x00, 0x00, 0x00, 0x00, 0x00, 0x00,
    0x00, 0x00, 0x00, 0x00, 0x00, 0x00, 0x00, 0x00, 0x00, 0x00, 0x00, 0x00, 0x00, 0x00, 0x00, 0x00,
    0x00, 0x00, 0x00, 0x00, 0x00, 0x00, 0x00, 0x00, 0x00, 0x00, 0x00, 0x00, 0x00, 0x00, 0x00, 0x00,
    0x00, 0x00, 0x00, 0x00, 0x00, 0x00, 0x00, 0x00, 0x00, 0x00, 0x00, 0x00, 0x00, 0x00, 0x00, 0x00,
    0x00, 0x00, 0x00, 0x00, 0x00, 0x00, 0x00, 0x00, 0x00, 0x00, 0x00, 0x00, 0x00, 0x00, 0x00, 0x00,
    0x00, 0x00, 0x00, 0x00, 0x00, 0x00, 0x00, 0x00, 0x00, 0x00, 0x00, 0x00, 0x00, 0x00, 0x00, 0x00,
    0x00, 0x00, 0x00, 0x00, 0x00, 0x00, 0x00, 0x00, 0x00, 0x00, 0x00, 0x00, 0x00, 0x00, 0x00, 0x00,
    0x00, 0x00, 0x00, 0x00, 0x00, 0x00, 0x00, 0x00, 0x00, 0x00, 0x00, 0x00, 0x00, 0x00, 0x00, 0x00,
    0x00, 0x00, 0x00, 0x00, 0x00, 0x00, 0x00, 0x00, 0x00, 0x00, 0x00, 0x00, 0x00, 0x00, 0x00, 0x00,
    0x00, 0x00, 0x00, 0x00, 0x00, 0x00, 0x00, 0x00, 0x00, 0x00, 0x00, 0x00, 0x00, 0x00, 0x00, 0x00,
    0x00, 0x00, 0x00, 0x00, 0x00, 0x00, 0x00, 0x00, 0x00, 0x00, 0x40, 0x00, 0xc1, 0x00, 0xe3, 0x11,
    0x05, 0x1b, 0xe7, 0x2b, 0x48, 0x2c, 0x88, 0x34, 0xa8, 0x34, 0x07, 0x2c, 0x05, 0x23, 0x03, 0x12,
    0x01, 0x09, 0x40, 0x00, 0x00, 0x00, 0x00, 0x00, 0x00, 0x00, 0x00, 0x00, 0x00, 0x00, 0x00, 0x00,
    0x00, 0x00, 0x00, 0x00, 0x00, 0x00, 0x00, 0x00, 0x00, 0x00, 0x00, 0x00, 0x00, 0x00, 0x00, 0x00,
    0x00, 0x00, 0x00, 0x00, 0x00, 0x00, 0x00, 0x00, 0x00, 0x00, 0x00, 0x00, 0x00, 0x00, 0x00, 0x00,
    0x00, 0x00, 0x00, 0x00, 0x00, 0x00, 0x00, 0x00, 0x00, 0x00, 0x00, 0x00, 0x00, 0x00, 0x00, 0x00,
    0x00, 0x00, 0x00, 0x00, 0x00, 0x00, 0x00, 0x00, 0x00, 0x00, 0x00, 0x00, 0x00, 0x00, 0x00, 0x00,
    0x00, 0x00, 0x00, 0x00, 0x00, 0x00, 0x00, 0x00, 0x00, 0x00, 0x00, 0x00, 0x00, 0x00, 0x00, 0x00,
    0x00, 0x00, 0x00, 0x00, 0x00, 0x00, 0x00, 0x00, 0x00, 0x00, 0x00, 0x00, 0x00, 0x00, 0x00, 0x00,
    0x00, 0x00, 0x00, 0x00, 0x00, 0x00, 0x00, 0x00, 0x00, 0x00, 0x00, 0x00, 0x00, 0x00, 0x00, 0x00,
    0x00, 0x00, 0x00, 0x00, 0x00, 0x00, 0x00, 0x00, 0x00, 0x00, 0x00, 0x00, 0x00, 0x00, 0x00, 0x00,
    0x00, 0x00, 0x00, 0x00, 0x00, 0x00, 0x00, 0x00, 0x00, 0x00, 0x00, 0x00, 0x00, 0x00, 0x00, 0x00,
    0x00, 0x00, 0x00, 0x00, 0x00, 0x00, 0x00, 0x00, 0x00, 0x00, 0x00, 0x00, 0x40, 0x00, 0xa1, 0x00,
    0xe3, 0x11, 0x25, 0x23, 0xc7, 0x23, 0x27, 0x2c, 0x88, 0x34, 0xa8, 0x34, 0x27, 0x2c, 0x46, 0x23,
    0x44, 0x1a, 0xe1, 0x08, 0x20, 0x00, 0x00, 0x00, 0x00, 0x00, 0x00, 0x00, 0x00, 0x00, 0x00, 0x00,
    0x00, 0x00, 0x00, 0x00, 0x00, 0x00, 0x00, 0x00, 0x00, 0x00, 0x00, 0x00, 0x00, 0x00, 0x00, 0x00,
    0x00, 0x00, 0x00, 0x00, 0x00, 0x00, 0x00, 0x00, 0x00, 0x00, 0x00, 0x00, 0x00, 0x00, 0x00, 0x00,
    0x00, 0x00, 0x00, 0x00, 0x00, 0x00, 0x00, 0x00, 0x00, 0x00, 0x00, 0x00, 0x00, 0x00, 0x00, 0x00,
    0x00, 0x00, 0x00, 0x00, 0x00, 0x00, 0x00, 0x00, 0x00, 0x00, 0x00, 0x00, 0x00, 0x00, 0x00, 0x00,
    0x00, 0x00, 0x00, 0x00, 0x00, 0x00, 0x00, 0x00, 0x00, 0x00, 0x00, 0x00, 0x00, 0x00, 0x00, 0x00,
    0x00, 0x00, 0x00, 0x00, 0x00, 0x00, 0x00, 0x00, 0x00, 0x00, 0x00, 0x00, 0x00, 0x00, 0x00, 0x00,
    0x00, 0x00, 0x00, 0x00, 0x00, 0x00, 0x00, 0x00, 0x00, 0x00, 0x00, 0x00, 0x00, 0x00, 0x00, 0x00,
    0x00, 0x00, 0x00, 0x00, 0x00, 0x00, 0x00, 0x00, 0x00, 0x00, 0x00, 0x00, 0x00, 0x00, 0x00, 0x00,
    0x00, 0x00, 0x00, 0x00, 0x00, 0x00, 0x00, 0x00, 0x00, 0x00, 0x00, 0x00, 0x00, 0x00, 0x00, 0x00,
    0x00, 0x00, 0x00, 0x00, 0x00, 0x00, 0x00, 0x00, 0x00, 0x00, 0x00, 0x00, 0x00, 0x00, 0x00, 0x00,
    0x00, 0x00, 0xa1, 0x00, 0x03, 0x12, 0x66, 0x23, 0x88, 0x2c, 0x6a, 0x3d, 0xeb, 0x3d, 0xeb, 0x3d,
    0xeb, 0x3d, 0xeb, 0x3d, 0xeb, 0x3d, 0xeb, 0x3d, 0xeb, 0x3d, 0xeb, 0x3d, 0xeb, 0x3d, 0xeb, 0x3d,
    0xeb, 0x3d, 0x6a, 0x3d, 0xa8, 0x34, 0x66, 0x23, 0x24, 0x12, 0xe1, 0x08, 0x00, 0x00, 0x00, 0x00,
    0x00, 0x00, 0x00, 0x00, 0x00, 0x00, 0x00, 0x00, 0x00, 0x00, 0x00, 0x00, 0x00, 0x00, 0x00, 0x00,
    0x00, 0x00, 0x00, 0x00, 0x00, 0x00, 0x00, 0x00, 0x00, 0x00, 0x00, 0x00, 0x00, 0x00, 0x00, 0x00,
    0x00, 0x00, 0x00, 0x00, 0x00, 0x00, 0x00, 0x00, 0x00, 0x00, 0x00, 0x00, 0x00, 0x00, 0x00, 0x00,
    0x00, 0x00, 0x00, 0x00, 0x00, 0x00, 0x00, 0x00, 0x00, 0x00, 0x00, 0x00, 0x00, 0x00, 0x00, 0x00,
    0x00, 0x00, 0x00, 0x00, 0x00, 0x00, 0x00, 0x00, 0x00, 0x00, 0x00, 0x00, 0x00, 0x00, 0x00, 0x00,
    0x00, 0x00, 0x00, 0x00, 0x00, 0x00, 0x00, 0x00, 0x00, 0x00, 0x00, 0x00, 0x00, 0x00, 0x00, 0x00,
    0x00, 0x00, 0x00, 0x00, 0x00, 0x00, 0x00, 0x00, 0x00, 0x00, 0x00, 0x00, 0x00, 0x00, 0x00, 0x00,
    0x00, 0x00, 0x00, 0x00, 0x00, 0x00, 0x00, 0x00, 0x00, 0x00, 0x00, 0x00, 0x00, 0x00, 0x00, 0x00,
    0x00, 0x00, 0x00, 0x00, 0x00, 0x00, 0x00, 0x00, 0x00, 0x00, 0x00, 0x00, 0x00, 0x00, 0x00, 0x00,
    0x00, 0x00, 0x00, 0x00, 0xa1, 0x00, 0xe3, 0x11, 0x46, 0x23, 0x88, 0x34, 0x6a, 0x3d, 0xeb, 0x3d,
    0xeb, 0x3d, 0xeb, 0x3d, 0xeb, 0x3d, 0xeb, 0x3d, 0xeb, 0x3d, 0xeb, 0x3d, 0xeb, 0x3d, 0xeb, 0x3d,
    0xeb, 0x3d, 0xeb, 0x3d, 0x4a, 0x3d, 0x68, 0x2c, 0x46, 0x23, 0xe3, 0x11, 0xa1, 0x00, 0x00, 0x00,
    0x00, 0x00, 0x00, 0x00, 0x00, 0x00, 0x00, 0x00, 0x00, 0x00, 0x00, 0x00, 0x00, 0x00, 0x00, 0x00,
    0x00, 0x00, 0x00, 0x00, 0x00, 0x00, 0x00, 0x00, 0x00, 0x00, 0x00, 0x00, 0x00, 0x00, 0x00, 0x00,
    0x00, 0x00, 0x00, 0x00, 0x00, 0x00, 0x00, 0x00, 0x00, 0x00, 0x00, 0x00, 0x00, 0x00, 0x00, 0x00,
    0x00, 0x00, 0x00, 0x00, 0x00, 0x00, 0x00, 0x00, 0x00, 0x00, 0x00, 0x00, 0x00, 0x00, 0x00, 0x00,
    0x00, 0x00, 0x00, 0x00, 0x00, 0x00, 0x00, 0x00, 0x00, 0x00, 0x00, 0x00, 0x00, 0x00, 0x00, 0x00,
    0x00, 0x00, 0x00, 0x00, 0x00, 0x00, 0x00, 0x00, 0x00, 0x00, 0x00, 0x00, 0x00, 0x00, 0x00, 0x00,
    0x00, 0x00, 0x00, 0x00, 0x00, 0x00, 0x00, 0x00, 0x00, 0x00, 0x00, 0x00, 0x00, 0x00, 0x00, 0x00,
    0x00, 0x00, 0x00, 0x00, 0x00, 0x00, 0x00, 0x00, 0x00, 0x00, 0x00, 0x00, 0x00, 0x00, 0x00, 0x00,
    0x00, 0x00, 0x00, 0x00, 0x00, 0x00, 0x00, 0x00, 0x00, 0x00, 0x00, 0x00, 0x00, 0x00, 0x00, 0x00,
    0x00, 0x00, 0x00, 0x00, 0x00, 0x00, 0x00, 0x00, 0x00, 0x00, 0x00, 0x00, 0x02, 0x09, 0x05, 0x23,
    0xe9, 0x34, 0xcb, 0x3d, 0xeb, 0x3d, 0xeb, 0x3d, 0xeb, 0x3d, 0xeb, 0x3d, 0xeb, 0x3d, 0xeb, 0x3d,
    0xeb, 0x3d, 0xeb, 0x3d, 0xeb, 0x3d, 0xeb, 0x3d, 0xeb, 0x3d, 0xeb, 0x3d, 0xeb, 0x3d, 0xeb, 0x3d,
    0xeb, 0x3d, 0xeb, 0x3d, 0xeb, 0x3d, 0xeb, 0x3d, 0xeb, 0x3d, 0xeb, 0x3d, 0x09, 0x35, 0x26, 0x23,
    0x22, 0x09, 0x00, 0x00, 0x00, 0x00, 0x00, 0x00, 0x00, 0x00, 0x00, 0x00, 0x00, 0x00, 0x00, 0x00,
    0x00, 0x00, 0x00, 0x00, 0x00, 0x00, 0x00, 0x00, 0x00, 0x00, 0x00, 0x00, 0x00, 0x00, 0x00, 0x00,
    0x00, 0x00, 0x00, 0x00, 0x00, 0x00, 0x00, 0x00, 0x00, 0x00, 0x00, 0x00, 0x00, 0x00, 0x00, 0x00,
    0x00, 0x00, 0x00, 0x00, 0x00, 0x00, 0x00, 0x00, 0x00, 0x00, 0x00, 0x00, 0x00, 0x00, 0x00, 0x00,
    0x00, 0x00, 0x00, 0x00, 0x00, 0x00, 0x00, 0x00, 0x00, 0x00, 0x00, 0x00, 0x00, 0x00, 0x00, 0x00,
    0x00, 0x00, 0x00, 0x00, 0x00, 0x00, 0x00, 0x00, 0x00, 0x00, 0x00, 0x00, 0x00, 0x00, 0x00, 0x00,
    0x00, 0x00, 0x00, 0x00, 0x00, 0x00, 0x00, 0x00, 0x00, 0x00, 0x00, 0x00, 0x00, 0x00, 0x00, 0x00,
    0x00, 0x00, 0x00, 0x00, 0x00, 0x00, 0x00, 0x00, 0x00, 0x00, 0x00, 0x00, 0x00, 0x00, 0x00, 0x00,
    0x00, 0x00, 0x00, 0x00, 0x00, 0x00, 0x00, 0x00, 0x00, 0x00, 0x00, 0x00, 0x00, 0x00, 0x01, 0x09,
    0x05, 0x1b, 0xc9, 0x34, 0xcb, 0x3d, 0xeb, 0x3d, 0xeb, 0x3d, 0xeb, 0x3d, 0xeb, 0x3d, 0xeb, 0x3d,
    0xeb, 0x3d, 0xeb, 0x3d, 0xeb, 0x3d, 0xeb, 0x3d, 0xeb, 0x3d, 0xeb, 0x3d, 0xeb, 0x3d, 0xeb, 0x3d,
    0xeb, 0x3d, 0xeb, 0x3d, 0xeb, 0x3d, 0xeb, 0x3d, 0xeb, 0x3d, 0xeb, 0x3d, 0xca, 0x3d, 0xc8, 0x34,
    0xc5, 0x1a, 0xe1, 0x08, 0x00, 0x00, 0x00, 0x00, 0x00, 0x00, 0x00, 0x00, 0x00, 0x00, 0x00, 0x00,
    0x00, 0x00, 0x00, 0x00, 0x00, 0x00, 0x00, 0x00, 0x00, 0x00, 0x00, 0x00, 0x00, 0x00, 0x00, 0x00,
    0x00, 0x00, 0x00, 0x00, 0x00, 0x00, 0x00, 0x00, 0x00, 0x00, 0x00, 0x00, 0x00, 0x00, 0x00, 0x00,
    0x00, 0x00, 0x00, 0x00, 0x00, 0x00, 0x00, 0x00, 0x00, 0x00, 0x00, 0x00, 0x00, 0x00, 0x00, 0x00,
    0x00, 0x00, 0x00, 0x00, 0x00, 0x00, 0x00, 0x00, 0x00, 0x00, 0x00, 0x00, 0x00, 0x00, 0x00, 0x00,
    0x00, 0x00, 0x00, 0x00, 0x00, 0x00, 0x00, 0x00, 0x00, 0x00, 0x00, 0x00, 0x00, 0x00, 0x00, 0x00,
    0x00, 0x00, 0x00, 0x00, 0x00, 0x00, 0x00, 0x00, 0x00, 0x00, 0x00, 0x00, 0x00, 0x00, 0x00, 0x00,
    0x00, 0x00, 0x00, 0x00, 0x00, 0x00, 0x00, 0x00, 0x00, 0x00, 0x00, 0x00, 0x00, 0x00, 0x00, 0x00,
    0x00, 0x00, 0x00, 0x00, 0x00, 0x00, 0x00, 0x00, 0x00, 0x00, 0x00, 0x00, 0x00, 0x00, 0x00, 0x00,
    0x00, 0x00, 0x00, 0x00, 0x00, 0x00, 0x40, 0x00, 0x44, 0x1a, 0xa8, 0x34, 0xeb, 0x3d, 0xeb, 0x3d,
    0xeb, 0x3d, 0xeb, 0x3d, 0xeb, 0x3d, 0xeb, 0x3d, 0xeb, 0x3d, 0xeb, 0x3d, 0xeb, 0x3d, 0xeb, 0x3d,
    0xeb, 0x3d, 0xeb, 0x3d, 0xeb, 0x3d, 0xeb, 0x3d, 0xeb, 0x3d, 0xeb, 0x3d, 0xeb, 0x3d, 0xeb, 0x3d,
    0xeb, 0x3d, 0xeb, 0x3d, 0xeb, 0x3d, 0xeb, 0x3d, 0xeb, 0x3d, 0xeb, 0x3d, 0xeb, 0x3d, 0xeb, 0x3d,
    0xeb, 0x3d, 0xc9, 0x34, 0x44, 0x1a, 0x40, 0x00, 0x00, 0x00, 0x00, 0x00, 0x00, 0x00, 0x00, 0x00,
    0x00, 0x00, 0x00, 0x00, 0x00, 0x00, 0x00, 0x00, 0x00, 0x00, 0x00, 0x00, 0x00, 0x00, 0x00, 0x00,
    0x00, 0x00, 0x00, 0x00, 0x00, 0x00, 0x00, 0x00, 0x00, 0x00, 0x00, 0x00, 0x00, 0x00, 0x00, 0x00,
    0x00, 0x00, 0x00, 0x00, 0x00, 0x00, 0x00, 0x00, 0x00, 0x00, 0x00, 0x00, 0x00, 0x00, 0x00, 0x00,
    0x00, 0x00, 0x00, 0x00, 0x00, 0x00, 0x00, 0x00, 0x00, 0x00, 0x00, 0x00, 0x00, 0x00, 0x00, 0x00,
    0x00, 0x00, 0x00, 0x00, 0x00, 0x00, 0x00, 0x00, 0x00, 0x00, 0x00, 0x00, 0x00, 0x00, 0x00, 0x00,
    0x00, 0x00, 0x00, 0x00, 0x00, 0x00, 0x00, 0x00, 0x00, 0x00, 0x00, 0x00, 0x00, 0x00, 0x00, 0x00,
    0x00, 0x00, 0x00, 0x00, 0x00, 0x00, 0x00, 0x00, 0x00, 0x00, 0x00, 0x00, 0x00, 0x00, 0x00, 0x00,
    0x00, 0x00, 0x00, 0x00, 0x00, 0x00, 0x00, 0x00, 0x20, 0x00, 0x24, 0x12, 0xa8, 0x34, 0xeb, 0x3d,
    0xeb, 0x3d, 0xeb, 0x3d, 0xeb, 0x3d, 0xeb, 0x3d, 0xeb, 0x3d, 0xeb, 0x3d, 0xeb, 0x3d, 0xeb, 0x3d,
    0xeb, 0x3d, 0xeb, 0x3d, 0xeb, 0x3d, 0xeb, 0x3d, 0xeb, 0x3d, 0xeb, 0x3d, 0xeb, 0x3d, 0xeb, 0x3d,
    0xeb, 0x3d, 0xeb, 0x3d, 0xeb, 0x3d, 0xeb, 0x3d, 0xeb, 0x3d, 0xeb, 0x3d, 0xeb, 0x3d, 0xeb, 0x3d,
    0xeb, 0x3d, 0xeb, 0x3d, 0xa8, 0x34, 0x64, 0x1a, 0x20, 0x00, 0x00, 0x00, 0x00, 0x00, 0x00, 0x00,
    0x00, 0x00, 0x00, 0x00, 0x00, 0x00, 0x00, 0x00, 0x00, 0x00, 0x00, 0x00, 0x00, 0x00, 0x00, 0x00,
    0x00, 0x00, 0x00, 0x00, 0x00, 0x00, 0x00, 0x00, 0x00, 0x00, 0x00, 0x00, 0x00, 0x00, 0x00, 0x00,
    0x00, 0x00, 0x00, 0x00, 0x00, 0x00, 0x00, 0x00, 0x00, 0x00, 0x00, 0x00, 0x00, 0x00, 0x00, 0x00,
    0x00, 0x00, 0x00, 0x00, 0x00, 0x00, 0x00, 0x00, 0x00, 0x00, 0x00, 0x00, 0x00, 0x00, 0x00, 0x00,
    0x00, 0x00, 0x00, 0x00, 0x00, 0x00, 0x00, 0x00, 0x00, 0x00, 0x00, 0x00, 0x00, 0x00, 0x00, 0x00,
    0x00, 0x00, 0x00, 0x00, 0x00, 0x00, 0x00, 0x00, 0x00, 0x00, 0x00, 0x00, 0x00, 0x00, 0x00, 0x00,
    0x00, 0x00, 0x00, 0x00, 0x00, 0x00, 0x00, 0x00, 0x00, 0x00, 0x00, 0x00, 0x00, 0x00, 0x00, 0x00,
    0x00, 0x00, 0x00, 0x00, 0x00, 0x00, 0x00, 0x00, 0x00, 0x00, 0x00, 0x00, 0x00, 0x00, 0x00, 0x00,
    0x00, 0x00, 0x60, 0x00, 0xe5, 0x1a, 0x4a, 0x3d, 0xeb, 0x3d, 0xeb, 0x3d, 0xeb, 0x3d, 0xeb, 0x3d,
    0xeb, 0x3d, 0xeb, 0x3d, 0xeb, 0x3d, 0xeb, 0x3d, 0xeb, 0x3d, 0xeb, 0x3d, 0xeb, 0x3d, 0xeb, 0x3d,
    0xeb, 0x3d, 0xeb, 0x3d, 0xeb, 0x3d, 0xeb, 0x3d, 0xeb, 0x3d, 0xeb, 0x3d, 0xeb, 0x3d, 0xeb, 0x3d,
    0xeb, 0x3d, 0xeb, 0x3d, 0xeb, 0x3d, 0xeb, 0x3d, 0xeb, 0x3d, 0xeb, 0x3d, 0xeb, 0x3d, 0xeb, 0x3d,
    0xeb, 0x3d, 0xeb, 0x3d, 0xeb, 0x3d, 0x6a, 0x3d, 0xe5, 0x1a, 0x60, 0x00, 0x00, 0x00, 0x00, 0x00,
    0x00, 0x00, 0x00, 0x00, 0x00, 0x00, 0x00, 0x00, 0x00, 0x00, 0x00, 0x00, 0x00, 0x00, 0x00, 0x00,
    0x00, 0x00, 0x00, 0x00, 0x00, 0x00, 0x00, 0x00, 0x00, 0x00, 0x00, 0x00, 0x00, 0x00, 0x00, 0x00,
    0x00, 0x00, 0x00, 0x00, 0x00, 0x00, 0x00, 0x00, 0x00, 0x00, 0x00, 0x00, 0x00, 0x00, 0x00, 0x00,
    0x00, 0x00, 0x00, 0x00, 0x00, 0x00, 0x00, 0x00, 0x00, 0x00, 0x00, 0x00, 0x00, 0x00, 0x00, 0x00,
    0x00, 0x00, 0x00, 0x00, 0x00, 0x00, 0x00, 0x00, 0x00, 0x00, 0x00, 0x00, 0x00, 0x00, 0x00, 0x00,
    0x00, 0x00, 0x00, 0x00, 0x00, 0x00, 0x00, 0x00, 0x00, 0x00, 0x00, 0x00, 0x00, 0x00, 0x00, 0x00,
    0x00, 0x00, 0x00, 0x00, 0x00, 0x00, 0x00, 0x00, 0x00, 0x00, 0x00, 0x00, 0x00, 0x00, 0x00, 0x00,
    0x00, 0x00, 0x00, 0x00, 0x40, 0x00, 0xa4, 0x1a, 0x49, 0x35, 0xeb, 0x3d, 0xeb, 0x3d, 0xeb, 0x3d,
    0xeb, 0x3d, 0xeb, 0x3d, 0xeb, 0x3d, 0xeb, 0x3d, 0xeb, 0x3d, 0xeb, 0x3d, 0xeb, 0x3d, 0xeb, 0x3d,
    0xeb, 0x3d, 0xeb, 0x3d, 0xeb, 0x3d, 0xeb, 0x3d, 0xeb, 0x3d, 0xeb, 0x3d, 0xeb, 0x3d, 0xeb, 0x3d,
    0xeb, 0x3d, 0xeb, 0x3d, 0xeb, 0x3d, 0xeb, 0x3d, 0xeb, 0x3d, 0xeb, 0x3d, 0xeb, 0x3d, 0xeb, 0x3d,
    0xeb, 0x3d, 0xeb, 0x3d, 0xeb, 0x3d, 0xeb, 0x3d, 0x4a, 0x3d, 0xc5, 0x1a, 0x60, 0x00, 0x00, 0x00,
    0x00, 0x00, 0x00, 0x00, 0x00, 0x00, 0x00, 0x00, 0x00, 0x00, 0x00, 0x00, 0x00, 0x00, 0x00, 0x00,
    0x00, 0x00, 0x00, 0x00, 0x00, 0x00, 0x00, 0x00, 0x00, 0x00, 0x00, 0x00, 0x00, 0x00, 0x00, 0x00,
    0x00, 0x00, 0x00, 0x00, 0x00, 0x00, 0x00, 0x00, 0x00, 0x00, 0x00, 0x00, 0x00, 0x00, 0x00, 0x00,
    0x00, 0x00, 0x00, 0x00, 0x00, 0x00, 0x00, 0x00, 0x00, 0x00, 0x00, 0x00, 0x00, 0x00, 0x00, 0x00,
    0x00, 0x00, 0x00, 0x00, 0x00, 0x00, 0x00, 0x00, 0x00, 0x00, 0x00, 0x00, 0x00, 0x00, 0x00, 0x00,
    0x00, 0x00, 0x00, 0x00, 0x00, 0x00, 0x00, 0x00, 0x00, 0x00, 0x00, 0x00, 0x00, 0x00, 0x00, 0x00,
    0x00, 0x00, 0x00, 0x00, 0x00, 0x00, 0x00, 0x00, 0x00, 0x00, 0x00, 0x00, 0x00, 0x00, 0x00, 0x00,
    0x00, 0x00, 0x00, 0x00, 0x00, 0x00, 0x00, 0x00, 0x00, 0x00, 0x00, 0x00, 0x00, 0x00, 0x20, 0x00,
    0xa5, 0x1a, 0x6a, 0x3d, 0xeb, 0x3d, 0xeb, 0x3d, 0xeb, 0x3d, 0xeb, 0x3d, 0xeb, 0x3d, 0xeb, 0x3d,
    0xeb, 0x3d, 0xeb, 0x3d, 0xeb, 0x3d, 0xeb, 0x3d, 0xeb, 0x3d, 0xeb, 0x3d, 0xeb, 0x3d, 0xeb, 0x3d,
    0xeb, 0x3d, 0xeb, 0x3d, 0xeb, 0x3d, 0xeb, 0x3d, 0xeb, 0x3d, 0xeb, 0x3d, 0xeb, 0x3d, 0xeb, 0x3d,
    0xeb, 0x3d, 0xeb, 0x3d, 0xeb, 0x3d, 0xeb, 0x3d, 0xeb, 0x3d, 0xeb, 0x3d, 0xeb, 0x3d, 0xeb, 0x3d,
    0xeb, 0x3d, 0xeb, 0x3d, 0xeb, 0x3d, 0xeb, 0x3d, 0xeb, 0x3d, 0x6a, 0x3d, 0x84, 0x1a, 0x20, 0x00,
    0x00, 0x00, 0x00, 0x00, 0x00, 0x00, 0x00, 0x00, 0x00, 0x00, 0x00, 0x00, 0x00, 0x00, 0x00, 0x00,
    0x00, 0x00, 0x00, 0x00, 0x00, 0x00, 0x00, 0x00, 0x00, 0x00, 0x00, 0x00, 0x00, 0x00, 0x00, 0x00,
    0x00, 0x00, 0x00, 0x00, 0x00, 0x00, 0x00, 0x00, 0x00, 0x00, 0x00, 0x00, 0x00, 0x00, 0x00, 0x00,
    0x00, 0x00, 0x00, 0x00, 0x00, 0x00, 0x00, 0x00, 0x00, 0x00, 0x00, 0x00, 0x00, 0x00, 0x00, 0x00,
    0x00, 0x00, 0x00, 0x00, 0x00, 0x00, 0x00, 0x00, 0x00, 0x00, 0x00, 0x00, 0x00, 0x00, 0x00, 0x00,
    0x00, 0x00, 0x00, 0x00, 0x00, 0x00, 0x00, 0x00, 0x00, 0x00, 0x00, 0x00, 0x00, 0x00, 0x00, 0x00,
    0x00, 0x00, 0x00, 0x00, 0x00, 0x00, 0x00, 0x00, 0x00, 0x00, 0x00, 0x00, 0x00, 0x00, 0x00, 0x00,
    0x20, 0x00, 0x64, 0x1a, 0x4a, 0x3d, 0xeb, 0x3d, 0xeb, 0x3d, 0xeb, 0x3d, 0xeb, 0x3d, 0xeb, 0x3d,
    0xeb, 0x3d, 0xeb, 0x3d, 0xeb, 0x3d, 0xeb, 0x3d, 0xeb, 0x3d, 0xeb, 0x3d, 0xeb, 0x3d, 0xeb, 0x3d,
    0xeb, 0x3d, 0xeb, 0x3d, 0xeb, 0x3d, 0xeb, 0x3d, 0xeb, 0x3d, 0xeb, 0x3d, 0xeb, 0x3d, 0xeb, 0x3d,
    0xeb, 0x3d, 0xeb, 0x3d, 0xeb, 0x3d, 0xeb, 0x3d, 0xeb, 0x3d, 0xeb, 0x3d, 0xeb, 0x3d, 0xeb, 0x3d,
    0xeb, 0x3d, 0xeb, 0x3d, 0xeb, 0x3d, 0xeb, 0x3d, 0xeb, 0x3d, 0xeb, 0x3d, 0x6a, 0x3d, 0x84, 0x1a,
    0x00, 0x00, 0x00, 0x00, 0x00, 0x00, 0x00, 0x00, 0x00, 0x00, 0x00, 0x00, 0x00, 0x00, 0x00, 0x00,
    0x00, 0x00, 0x00, 0x00, 0x00, 0x00, 0x00, 0x00, 0x00, 0x00, 0x00, 0x00, 0x00, 0x00, 0x00, 0x00,
    0x00, 0x00, 0x00, 0x00, 0x00, 0x00, 0x00, 0x00, 0x00, 0x00, 0x00, 0x00, 0x00, 0x00, 0x00, 0x00,
    0x00, 0x00, 0x00, 0x00, 0x00, 0x00, 0x00, 0x00, 0x00, 0x00, 0x00, 0x00, 0x00, 0x00, 0x00, 0x00,
    0x00, 0x00, 0x00, 0x00, 0x00, 0x00, 0x00, 0x00, 0x00, 0x00, 0x00, 0x00, 0x00, 0x00, 0x00, 0x00,
    0x00, 0x00, 0x00, 0x00, 0x00, 0x00, 0x00, 0x00, 0x00, 0x00, 0x00, 0x00, 0x00, 0x00, 0x00, 0x00,
    0x00, 0x00, 0x00, 0x00, 0x00, 0x00, 0x00, 0x00, 0x00, 0x00, 0x00, 0x00, 0x00, 0x00, 0x00, 0x00,
    0x00, 0x00, 0x00, 0x00, 0x00, 0x00, 0x00, 0x00, 0x00, 0x00, 0x00, 0x00, 0x82, 0x11, 0xe9, 0x34,
    0xeb, 0x3d, 0xeb, 0x3d, 0xeb, 0x3d, 0xeb, 0x3d, 0xeb, 0x3d, 0xeb, 0x3d, 0xeb, 0x3d, 0xeb, 0x3d,
    0xeb, 0x3d, 0xeb, 0x3d, 0xeb, 0x3d, 0xeb, 0x3d, 0xeb, 0x3d, 0xeb, 0x3d, 0xeb, 0x3d, 0xeb, 0x3d,
    0xeb, 0x3d, 0xeb, 0x3d, 0xeb, 0x3d, 0xeb, 0x3d, 0xeb, 0x3d, 0xeb, 0x3d, 0xeb, 0x3d, 0xeb, 0x3d,
    0xeb, 0x3d, 0xeb, 0x3d, 0xeb, 0x3d, 0xeb, 0x3d, 0xeb, 0x3d, 0xeb, 0x3d, 0xeb, 0x3d, 0xeb, 0x3d,
    0xeb, 0x3d, 0xeb, 0x3d, 0xeb, 0x3d, 0xeb, 0x3d, 0xeb, 0x3d, 0xeb, 0x3d, 0xeb, 0x3d, 0xe9, 0x34,
    0x62, 0x09, 0x00, 0x00, 0x00, 0x00, 0x00, 0x00, 0x00, 0x00, 0x00, 0x00, 0x00, 0x00, 0x00, 0x00,
    0x00, 0x00, 0x00, 0x00, 0x00, 0x00, 0x00, 0x00, 0x00, 0x00, 0x00, 0x00, 0x00, 0x00, 0x00, 0x00,
    0x00, 0x00, 0x00, 0x00, 0x00, 0x00, 0x00, 0x00, 0x00, 0x00, 0x00, 0x00, 0x00, 0x00, 0x00, 0x00,
    0x00, 0x00, 0x00, 0x00, 0x00, 0x00, 0x00, 0x00, 0x00, 0x00, 0x00, 0x00, 0x00, 0x00, 0x00, 0x00,
    0x00, 0x00, 0x00, 0x00, 0x00, 0x00, 0x00, 0x00, 0x00, 0x00, 0x00, 0x00, 0x00, 0x00, 0x00, 0x00,
    0x00, 0x00, 0x00, 0x00, 0x00, 0x00, 0x00, 0x00, 0x00, 0x00, 0x00, 0x00, 0x00, 0x00, 0x00, 0x00,
    0x00, 0x00, 0x00, 0x00, 0x00, 0x00, 0x00, 0x00, 0x00, 0x00, 0x00, 0x00, 0x00, 0x00, 0x42, 0x09,
    0xc9, 0x34, 0xeb, 0x3d, 0xeb, 0x3d, 0xeb, 0x3d, 0xeb, 0x3d, 0xeb, 0x3d, 0xeb, 0x3d, 0xeb, 0x3d,
    0xeb, 0x3d, 0xeb, 0x3d, 0xeb, 0x3d, 0xeb, 0x3d, 0xeb, 0x3d, 0xeb, 0x3d, 0xeb, 0x3d, 0xeb, 0x3d,
    0xeb, 0x3d, 0xeb, 0x3d, 0xeb, 0x3d, 0xeb, 0x3d, 0xeb, 0x3d, 0xeb, 0x3d, 0xeb, 0x3d, 0xeb, 0x3d,
    0xeb, 0x3d, 0xeb, 0x3d, 0xeb, 0x3d, 0xeb, 0x3d, 0xeb, 0x3d, 0xeb, 0x3d, 0xeb, 0x3d, 0xeb, 0x3d,
    0xeb, 0x3d, 0xeb, 0x3d, 0xeb, 0x3d, 0xeb, 0x3d, 0xeb, 0x3d, 0xeb, 0x3d, 0xeb, 0x3d, 0xeb, 0x3d,
    0xc8, 0x34, 0x62, 0x09, 0x00, 0x00, 0x00, 0x00, 0x00, 0x00, 0x00, 0x00, 0x00, 0x00, 0x00, 0x00,
    0x00, 0x00, 0x00, 0x00, 0x00, 0x00, 0x00, 0x00, 0x00, 0x00, 0x00, 0x00, 0x00, 0x00, 0x00, 0x00,
    0x00, 0x00, 0x00, 0x00, 0x00, 0x00, 0x00, 0x00, 0x00, 0x00, 0x00, 0x00, 0x00, 0x00, 0x00, 0x00,
    0x00, 0x00, 0x00, 0x00, 0x00, 0x00, 0x00, 0x00, 0x00, 0x00, 0x00, 0x00, 0x00, 0x00, 0x00, 0x00,
    0x00, 0x00, 0x00, 0x00, 0x00, 0x00, 0x00, 0x00, 0x00, 0x00, 0x00, 0x00, 0x00, 0x00, 0x00, 0x00,
    0x00, 0x00, 0x00, 0x00, 0x00, 0x00, 0x00, 0x00, 0x00, 0x00, 0x00, 0x00, 0x00, 0x00, 0x00, 0x00,
    0x00, 0x00, 0x00, 0x00, 0x00, 0x00, 0x00, 0x00, 0x00, 0x00, 0x00, 0x00, 0x00, 0x00, 0x00, 0x00,
    0x00, 0x00, 0x00, 0x00, 0x00, 0x00, 0x00, 0x00, 0x40, 0x00, 0x66, 0x23, 0xeb, 0x3d, 0xeb, 0x3d,
    0xeb, 0x3d, 0xeb, 0x3d, 0xeb, 0x3d, 0xeb, 0x3d, 0xeb, 0x3d, 0xeb, 0x3d, 0xeb, 0x3d, 0xeb, 0x3d,
    0xeb, 0x3d, 0xeb, 0x3d, 0xeb, 0x3d, 0xeb, 0x3d, 0xeb, 0x3d, 0xeb, 0x3d, 0xeb, 0x3d, 0xeb, 0x3d,
    0xeb, 0x3d, 0xeb, 0x3d, 0xeb, 0x3d, 0xeb, 0x3d, 0xeb, 0x3d, 0xeb, 0x3d, 0xeb, 0x3d, 0xeb, 0x3d,
    0xeb, 0x3d, 0xeb, 0x3d, 0xeb, 0x3d, 0xeb, 0x3d, 0xeb, 0x3d, 0xeb, 0x3d, 0xeb, 0x3d, 0xeb, 0x3d,
    0xeb, 0x3d, 0xeb, 0x3d, 0xeb, 0x3d, 0xeb, 0x3d, 0xeb, 0x3d, 0xeb, 0x3d, 0xeb, 0x3d, 0xeb, 0x3d,
    0xcb, 0x3d, 0x46, 0x23, 0x20, 0x00, 0x00, 0x00, 0x00, 0x00, 0x00, 0x00, 0x00, 0x00, 0x00, 0x00,
    0x00, 0x00, 0x00, 0x00, 0x00, 0x00, 0x00, 0x00, 0x00, 0x00, 0x00, 0x00, 0x00, 0x00, 0x00, 0x00,
    0x00, 0x00, 0x00, 0x00, 0x00, 0x00, 0x00, 0x00, 0x00, 0x00, 0x00, 0x00, 0x00, 0x00, 0x00, 0x00,
    0x00, 0x00, 0x00, 0x00, 0x00, 0x00, 0x00, 0x00, 0x00, 0x00, 0x00, 0x00, 0x00, 0x00, 0x00, 0x00,
    0x00, 0x00, 0x00, 0x00, 0x00, 0x00, 0x00, 0x00, 0x00, 0x00, 0x00, 0x00, 0x00, 0x00, 0x00, 0x00,
    0x00, 0x00, 0x00, 0x00, 0x00, 0x00, 0x00, 0x00, 0x00, 0x00, 0x00, 0x00, 0x00, 0x00, 0x00, 0x00,
    0x00, 0x00, 0x00, 0x00, 0x00, 0x00, 0x00, 0x00, 0x00, 0x00, 0x20, 0x00, 0x25, 0x23, 0xca, 0x3d,
    0xeb, 0x3d, 0xeb, 0x3d, 0xeb, 0x3d, 0xeb, 0x3d, 0xeb, 0x3d, 0xeb, 0x3d, 0xeb, 0x3d, 0xeb, 0x3d,
    0xeb, 0x3d, 0xeb, 0x3d, 0xeb, 0x3d, 0xeb, 0x3d, 0xeb, 0x3d, 0xeb, 0x3d, 0xeb, 0x3d, 0xeb, 0x3d,
    0xeb, 0x3d, 0xeb, 0x3d, 0xeb, 0x3d, 0xeb, 0x3d, 0xeb, 0x3d, 0xeb, 0x3d, 0xeb, 0x3d, 0xeb, 0x3d,
    0xeb, 0x3d, 0xeb, 0x3d, 0xeb, 0x3d, 0xeb, 0x3d, 0xeb, 0x3d, 0xeb, 0x3d, 0xeb, 0x3d, 0xeb, 0x3d,
    0xeb, 0x3d, 0xeb, 0x3d, 0xeb, 0x3d, 0xeb, 0x3d, 0xeb, 0x3d, 0xeb, 0x3d, 0xeb, 0x3d, 0xeb, 0x3d,
    0xeb, 0x3d, 0xeb, 0x3d, 0x66, 0x23, 0x40, 0x00, 0x00, 0x00, 0x00, 0x00, 0x00, 0x00, 0x00, 0x00,
    0x00, 0x00, 0x00, 0x00, 0x00, 0x00, 0x00, 0x00, 0x00, 0x00, 0x00, 0x00, 0x00, 0x00, 0x00, 0x00,
    0x00, 0x00, 0x00, 0x00, 0x00, 0x00, 0x00, 0x00, 0x00, 0x00, 0x00, 0x00, 0x00, 0x00, 0x00, 0x00,
    0x00, 0x00, 0x00, 0x00, 0x00, 0x00, 0x00, 0x00, 0x00, 0x00, 0x00, 0x00, 0x00, 0x00, 0x00, 0x00,
    0x00, 0x00, 0x00, 0x00, 0x00, 0x00, 0x00, 0x00, 0x00, 0x00, 0x00, 0x00, 0x00, 0x00, 0x00, 0x00,
    0x00, 0x00, 0x00, 0x00, 0x00, 0x00, 0x00, 0x00, 0x00, 0x00, 0x00, 0x00, 0x00, 0x00, 0x00, 0x00,
    0x00, 0x00, 0x00, 0x00, 0x00, 0x00, 0x00, 0x00, 0x00, 0x00, 0x00, 0x00, 0x00, 0x00, 0x00, 0x00,
    0x00, 0x00, 0x00, 0x00, 0x00, 0x00, 0xe1, 0x08, 0xc9, 0x34, 0xeb, 0x3d, 0xeb, 0x3d, 0xeb, 0x3d,
    0xeb, 0x3d, 0xeb, 0x3d, 0xeb, 0x3d, 0xeb, 0x3d, 0xeb, 0x3d, 0xeb, 0x3d, 0xeb, 0x3d, 0xeb, 0x3d,
    0xeb, 0x3d, 0xeb, 0x3d, 0xeb, 0x3d, 0xeb, 0x3d, 0xeb, 0x3d, 0xeb, 0x3d, 0xeb, 0x3d, 0xeb, 0x3d,
    0xeb, 0x3d, 0xeb, 0x3d, 0xeb, 0x3d, 0xeb, 0x3d, 0xeb, 0x3d, 0xeb, 0x3d, 0xeb, 0x3d, 0xeb, 0x3d,
    0xeb, 0x3d, 0xeb, 0x3d, 0xeb, 0x3d, 0xeb, 0x3d, 0xeb, 0x3d, 0xeb, 0x3d, 0xeb, 0x3d, 0xeb, 0x3d,
    0xeb, 0x3d, 0xeb, 0x3d, 0xeb, 0x3d, 0xeb, 0x3d, 0xeb, 0x3d, 0xeb, 0x3d, 0xeb, 0x3d, 0xeb, 0x3d,
    0xeb, 0x3d, 0xeb, 0x3d, 0xc8, 0x34, 0xe1, 0x08, 0x00, 0x00, 0x00, 0x00, 0x00, 0x00, 0x00, 0x00,
    0x00, 0x00, 0x00, 0x00, 0x00, 0x00, 0x00, 0x00, 0x00, 0x00, 0x00, 0x00, 0x00, 0x00, 0x00, 0x00,
    0x00, 0x00, 0x00, 0x00, 0x00, 0x00, 0x00, 0x00, 0x00, 0x00, 0x00, 0x00, 0x00, 0x00, 0x00, 0x00,
    0x00, 0x00, 0x00, 0x00, 0x00, 0x00, 0x00, 0x00, 0x00, 0x00, 0x00, 0x00, 0x00, 0x00, 0x00, 0x00,
    0x00, 0x00, 0x00, 0x00, 0x00, 0x00, 0x00, 0x00, 0x00, 0x00, 0x00, 0x00, 0x00, 0x00, 0x00, 0x00,
    0x00, 0x00, 0x00, 0x00, 0x00, 0x00, 0x00, 0x00, 0x00, 0x00, 0x00, 0x00, 0x00, 0x00, 0x00, 0x00,
    0x00, 0x00, 0x00, 0x00, 0x00, 0x00, 0x00, 0x00, 0xe1, 0x08, 0xa8, 0x34, 0xeb, 0x3d, 0xeb, 0x3d,
    0xeb, 0x3d, 0xeb, 0x3d, 0xeb, 0x3d, 0xeb, 0x3d, 0xeb, 0x3d, 0xeb, 0x3d, 0xeb, 0x3d, 0xeb, 0x3d,
    0xeb, 0x3d, 0xeb, 0x3d, 0xeb, 0x3d, 0xeb, 0x3d, 0xeb, 0x3d, 0xeb, 0x3d, 0xeb, 0x3d, 0xeb, 0x3d,
    0xeb, 0x3d, 0xeb, 0x3d, 0xeb, 0x3d, 0xeb, 0x3d, 0xeb, 0x3d, 0xeb, 0x3d, 0xeb, 0x3d, 0xeb, 0x3d,
    0xeb, 0x3d, 0xeb, 0x3d, 0xeb, 0x3d, 0xeb, 0x3d, 0xeb, 0x3d, 0xeb, 0x3d, 0xeb, 0x3d, 0xeb, 0x3d,
    0xeb, 0x3d, 0xeb, 0x3d, 0xeb, 0x3d, 0xeb, 0x3d, 0xeb, 0x3d, 0xeb, 0x3d, 0xeb, 0x3d, 0xeb, 0x3d,
    0xeb, 0x3d, 0xeb, 0x3d, 0xeb, 0x3d, 0xe9, 0x34, 0xe1, 0x08, 0x00, 0x00, 0x00, 0x00, 0x00, 0x00,
    0x00, 0x00, 0x00, 0x00, 0x00, 0x00, 0x00, 0x00, 0x00, 0x00, 0x00, 0x00, 0x00, 0x00, 0x00, 0x00,
    0x00, 0x00, 0x00, 0x00, 0x00, 0x00, 0x00, 0x00, 0x00, 0x00, 0x00, 0x00, 0x00, 0x00, 0x00, 0x00,
    0x00, 0x00, 0x00, 0x00, 0x00, 0x00, 0x00, 0x00, 0x00, 0x00, 0x00, 0x00, 0x00, 0x00, 0x00, 0x00,
    0x00, 0x00, 0x00, 0x00, 0x00, 0x00, 0x00, 0x00, 0x00, 0x00, 0x00, 0x00, 0x00, 0x00, 0x00, 0x00,
    0x00, 0x00, 0x00, 0x00, 0x00, 0x00, 0x00, 0x00, 0x00, 0x00, 0x00, 0x00, 0x00, 0x00, 0x00, 0x00,
    0x00, 0x00, 0x00, 0x00, 0x00, 0x00, 0x00, 0x00, 0x00, 0x00, 0x00, 0x00, 0x00, 0x00, 0x00, 0x00,
    0x00, 0x00, 0x00, 0x00, 0xa3, 0x11, 0x8a, 0x3d, 0xeb, 0x3d, 0xeb, 0x3d, 0xeb, 0x3d, 0xeb, 0x3d,
    0xeb, 0x3d, 0xeb, 0x3d, 0xeb, 0x3d, 0xeb, 0x3d, 0xeb, 0x3d, 0xeb, 0x3d, 0xeb, 0x3d, 0xeb, 0x3d,
    0xeb, 0x3d, 0xeb, 0x3d, 0xeb, 0x3d, 0xeb, 0x3d, 0xeb, 0x3d, 0xeb, 0x3d, 0xeb, 0x3d, 0xeb, 0x3d,
    0xeb, 0x3d, 0xeb, 0x3d, 0xeb, 0x3d, 0xeb, 0x3d, 0xeb, 0x3d, 0xeb, 0x3d, 0xeb, 0x3d, 0xeb, 0x3d,
    0xeb, 0x3d, 0xeb, 0x3d, 0xeb, 0x3d, 0xeb, 0x3d, 0xeb, 0x3d, 0xeb, 0x3d, 0xeb, 0x3d, 0xeb, 0x3d,
    0xeb, 0x3d, 0xeb, 0x3d, 0xeb, 0x3d, 0xeb, 0x3d, 0xeb, 0x3d, 0xeb, 0x3d, 0xeb, 0x3d, 0xeb, 0x3d,
    0xeb, 0x3d, 0xeb, 0x3d, 0xeb, 0x3d, 0x6a, 0x3d, 0x62, 0x09, 0x00, 0x00, 0x00, 0x00, 0x00, 0x00,
    0x00, 0x00, 0x00, 0x00, 0x00, 0x00, 0x00, 0x00, 0x00, 0x00, 0x00, 0x00, 0x00, 0x00, 0x00, 0x00,
    0x00, 0x00, 0x00, 0x00, 0x00, 0x00, 0x00, 0x00, 0x00, 0x00, 0x00, 0x00, 0x00, 0x00, 0x00, 0x00,
    0x00, 0x00, 0x00, 0x00, 0x00, 0x00, 0x00, 0x00, 0x00, 0x00, 0x00, 0x00, 0x00, 0x00, 0x00, 0x00,
    0x00, 0x00, 0x00, 0x00, 0x00, 0x00, 0x00, 0x00, 0x00, 0x00, 0x00, 0x00, 0x00, 0x00, 0x00, 0x00,
    0x00, 0x00, 0x00, 0x00, 0x00, 0x00, 0x00, 0x00, 0x00, 0x00, 0x00, 0x00, 0x00, 0x00, 0x00, 0x00,
    0x00, 0x00, 0x00, 0x00, 0x00, 0x00, 0x83, 0x11, 0x8a, 0x3d, 0xeb, 0x3d, 0xeb, 0x3d, 0xeb, 0x3d,
    0xeb, 0x3d, 0xeb, 0x3d, 0xeb, 0x3d, 0xeb, 0x3d, 0xeb, 0x3d, 0xeb, 0x3d, 0xeb, 0x3d, 0xeb, 0x3d,
    0xeb, 0x3d, 0xeb, 0x3d, 0xeb, 0x3d, 0xeb, 0x3d, 0xeb, 0x3d, 0xeb, 0x3d, 0xeb, 0x3d, 0xeb, 0x3d,
    0xeb, 0x3d, 0xeb, 0x3d, 0xeb, 0x3d, 0xeb, 0x3d, 0xeb, 0x3d, 0xeb, 0x3d, 0xeb, 0x3d, 0xeb, 0x3d,
    0xeb, 0x3d, 0xeb, 0x3d, 0xeb, 0x3d, 0xeb, 0x3d, 0xeb, 0x3d, 0xeb, 0x3d, 0xeb, 0x3d, 0xeb, 0x3d,
    0xeb, 0x3d, 0xeb, 0x3d, 0xeb, 0x3d, 0xeb, 0x3d, 0xeb, 0x3d, 0xeb, 0x3d, 0xeb, 0x3d, 0xeb, 0x3d,
    0xeb, 0x3d, 0xeb, 0x3d, 0xeb, 0x3d, 0xeb, 0x3d, 0x8a, 0x3d, 0xc3, 0x11, 0x00, 0x00, 0x00, 0x00,
    0x00, 0x00, 0x00, 0x00, 0x00, 0x00, 0x00, 0x00, 0x00, 0x00, 0x00, 0x00, 0x00, 0x00, 0x00, 0x00,
    0x00, 0x00, 0x00, 0x00, 0x00, 0x00, 0x00, 0x00, 0x00, 0x00, 0x00, 0x00, 0x00, 0x00, 0x00, 0x00,
    0x00, 0x00, 0x00, 0x00, 0x00, 0x00, 0x00, 0x00, 0x00, 0x00, 0x00, 0x00, 0x00, 0x00, 0x00, 0x00,
    0x00, 0x00, 0x00, 0x00, 0x00, 0x00, 0x00, 0x00, 0x00, 0x00, 0x00, 0x00, 0x00, 0x00, 0x00, 0x00,
    0x00, 0x00, 0x00, 0x00, 0x00, 0x00, 0x00, 0x00, 0x00, 0x00, 0x00, 0x00, 0x00, 0x00, 0x00, 0x00,
    0x00, 0x00, 0x00, 0x00, 0x00, 0x00, 0x00, 0x00, 0x00, 0x00, 0x00, 0x00, 0x00, 0x00, 0x00, 0x00,
    0x00, 0x00, 0x64, 0x1a, 0xca, 0x3d, 0xeb, 0x3d, 0xeb, 0x3d, 0xeb, 0x3d, 0xeb, 0x3d, 0xeb, 0x3d,
    0xeb, 0x3d, 0xeb, 0x3d, 0xeb, 0x3d, 0xeb, 0x3d, 0xeb, 0x3d, 0xeb, 0x3d, 0xeb, 0x3d, 0xeb, 0x3d,
    0xeb, 0x3d, 0xeb, 0x3d, 0xeb, 0x3d, 0xeb, 0x3d, 0xeb, 0x3d, 0xeb, 0x3d, 0xeb, 0x3d, 0xeb, 0x3d,
    0xeb, 0x3d, 0xeb, 0x3d, 0xeb, 0x3d, 0xeb, 0x3d, 0xeb, 0x3d, 0xeb, 0x3d, 0xeb, 0x3d, 0xeb, 0x3d,
    0xeb, 0x3d, 0xeb, 0x3d, 0xeb, 0x3d, 0xeb, 0x3d, 0xeb, 0x3d, 0xeb, 0x3d, 0xeb, 0x3d, 0xeb, 0x3d,
    0xeb, 0x3d, 0xeb, 0x3d, 0xeb, 0x3d, 0xeb, 0x3d, 0xeb, 0x3d, 0xeb, 0x3d, 0xeb, 0x3d, 0xeb, 0x3d,
    0xeb, 0x3d, 0xeb, 0x3d, 0xeb, 0x3d, 0xeb, 0x3d, 0xaa, 0x3d, 0x03, 0x12, 0x00, 0x00, 0x00, 0x00,
    0x00, 0x00, 0x00, 0x00, 0x00, 0x00, 0x00, 0x00, 0x00, 0x00, 0x00, 0x00, 0x00, 0x00, 0x00, 0x00,
    0x00, 0x00, 0x00, 0x00, 0x00, 0x00, 0x00, 0x00, 0x00, 0x00, 0x00, 0x00, 0x00, 0x00, 0x00, 0x00,
    0x00, 0x00, 0x00, 0x00, 0x00, 0x00, 0x00, 0x00, 0x00, 0x00, 0x00, 0x00, 0x00, 0x00, 0x00, 0x00,
    0x00, 0x00, 0x00, 0x00, 0x00, 0x00, 0x00, 0x00, 0x00, 0x00, 0x00, 0x00, 0x00, 0x00, 0x00, 0x00,
    0x00, 0x00, 0x00, 0x00, 0x00, 0x00, 0x00, 0x00, 0x00, 0x00, 0x00, 0x00, 0x00, 0x00, 0x00, 0x00,
    0x00, 0x00, 0x00, 0x00, 0x24, 0x12, 0xca, 0x3d, 0xeb, 0x3d, 0xeb, 0x3d, 0xeb, 0x3d, 0xeb, 0x3d,
    0xeb, 0x3d, 0xeb, 0x3d, 0xeb, 0x3d, 0xeb, 0x3d, 0xeb, 0x3d, 0xeb, 0x3d, 0xeb, 0x3d, 0xeb, 0x3d,
    0xeb, 0x3d, 0xeb, 0x3d, 0xeb, 0x3d, 0xeb, 0x3d, 0xeb, 0x3d, 0xeb, 0x3d, 0xeb, 0x3d, 0xeb, 0x3d,
    0xeb, 0x3d, 0xeb, 0x3d, 0xeb, 0x3d, 0xeb, 0x3d, 0xeb, 0x3d, 0xeb, 0x3d, 0xeb, 0x3d, 0xeb, 0x3d,
    0xeb, 0x3d, 0xeb, 0x3d, 0xeb, 0x3d, 0xeb, 0x3d, 0xeb, 0x3d, 0xeb, 0x3d, 0xeb, 0x3d, 0xeb, 0x3d,
    0xeb, 0x3d, 0xeb, 0x3d, 0xeb, 0x3d, 0xeb, 0x3d, 0xeb, 0x3d, 0xeb, 0x3d, 0xeb, 0x3d, 0xeb, 0x3d,
    0xeb, 0x3d, 0xeb, 0x3d, 0xeb, 0x3d, 0xeb, 0x3d, 0xeb, 0x3d, 0xca, 0x3d, 0x64, 0x1a, 0x00, 0x00,
    0x00, 0x00, 0x00, 0x00, 0x00, 0x00, 0x00, 0x00, 0x00, 0x00, 0x00, 0x00, 0x00, 0x00, 0x00, 0x00,
    0x00, 0x00, 0x00, 0x00, 0x00, 0x00, 0x00, 0x00, 0x00, 0x00, 0x00, 0x00, 0x00, 0x00, 0x00, 0x00,
    0x00, 0x00, 0x00, 0x00, 0x00, 0x00, 0x00, 0x00, 0x00, 0x00, 0x00, 0x00, 0x00, 0x00, 0x00, 0x00,
    0x00, 0x00, 0x00, 0x00, 0x00, 0x00, 0x00, 0x00, 0x00, 0x00, 0x00, 0x00, 0x00, 0x00, 0x00, 0x00,
    0x00, 0x00, 0x00, 0x00, 0x00, 0x00, 0x00, 0x00, 0x00, 0x00, 0x00, 0x00, 0x00, 0x00, 0x00, 0x00,
    0x00, 0x00, 0x00, 0x00, 0x00, 0x00, 0x00, 0x00, 0x00, 0x00, 0x00, 0x00, 0x00, 0x00, 0x00, 0x00,
    0xc5, 0x1a, 0xeb, 0x3d, 0xeb, 0x3d, 0xeb, 0x3d, 0xeb, 0x3d, 0xeb, 0x3d, 0xeb, 0x3d, 0xeb, 0x3d,
    0xeb, 0x3d, 0xeb, 0x3d, 0xeb, 0x3d, 0xeb, 0x3d, 0xeb, 0x3d, 0xeb, 0x3d, 0xeb, 0x3d, 0xeb, 0x3d,
    0xeb, 0x3d, 0xeb, 0x3d, 0xeb, 0x3d, 0xeb, 0x3d, 0xeb, 0x3d, 0xeb, 0x3d, 0xeb, 0x3d, 0xeb, 0x3d,
    0xeb, 0x3d, 0xeb, 0x3d, 0xeb, 0x3d, 0xeb, 0x3d, 0xeb, 0x3d, 0xeb, 0x3d, 0xeb, 0x3d, 0xeb, 0x3d,
    0xeb, 0x3d, 0xeb, 0x3d, 0xeb, 0x3d, 0xeb, 0x3d, 0xeb, 0x3d, 0xeb, 0x3d, 0xeb, 0x3d, 0xeb, 0x3d,
    0xeb, 0x3d, 0xeb, 0x3d, 0xeb, 0x3d, 0xeb, 0x3d, 0xeb, 0x3d, 0xeb, 0x3d, 0xeb, 0x3d, 0xeb, 0x3d,
    0xeb, 0x3d, 0xeb, 0x3d, 0xeb, 0x3d, 0xeb, 0x3d, 0xeb, 0x3d, 0xeb, 0x3d, 0x64, 0x1a, 0x00, 0x00,
    0x00, 0x00, 0x00, 0x00, 0x00, 0x00, 0x00, 0x00, 0x00, 0x00, 0x00, 0x00, 0x00, 0x00, 0x00, 0x00,
    0x00, 0x00, 0x00, 0x00, 0x00, 0x00, 0x00, 0x00, 0x00, 0x00, 0x00, 0x00, 0x00, 0x00, 0x00, 0x00,
    0x00, 0x00, 0x00, 0x00, 0x00, 0x00, 0x00, 0x00, 0x00, 0x00, 0x00, 0x00, 0x00, 0x00, 0x00, 0x00,
    0x00, 0x00, 0x00, 0x00, 0x00, 0x00, 0x00, 0x00, 0x00, 0x00, 0x00, 0x00, 0x00, 0x00, 0x00, 0x00,
    0x00, 0x00, 0x00, 0x00, 0x00, 0x00, 0x00, 0x00, 0x00, 0x00, 0x00, 0x00, 0x00, 0x00, 0x00, 0x00,
    0x00, 0x00, 0x64, 0x1a, 0xeb, 0x3d, 0xeb, 0x3d, 0xeb, 0x3d, 0xeb, 0x3d, 0xeb, 0x3d, 0xeb, 0x3d,
    0xeb, 0x3d, 0xeb, 0x3d, 0xeb, 0x3d, 0xeb, 0x3d, 0xeb, 0x3d, 0xeb, 0x3d, 0xeb, 0x3d, 0xeb, 0x3d,
    0xeb, 0x3d, 0xeb, 0x3d, 0xeb, 0x3d, 0xeb, 0x3d, 0xeb, 0x3d, 0xeb, 0x3d, 0xeb, 0x3d, 0xeb, 0x3d,
    0xeb, 0x3d, 0xeb, 0x3d, 0xeb, 0x3d, 0xeb, 0x3d, 0xeb, 0x3d, 0xeb, 0x3d, 0xeb, 0x3d, 0xeb, 0x3d,
    0xeb, 0x3d, 0xeb, 0x3d, 0xeb, 0x3d, 0xeb, 0x3d, 0xeb, 0x3d, 0xeb, 0x3d, 0xeb, 0x3d, 0xeb, 0x3d,
    0xeb, 0x3d, 0xeb, 0x3d, 0xeb, 0x3d, 0xeb, 0x3d, 0xeb, 0x3d, 0xeb, 0x3d, 0xeb, 0x3d, 0xeb, 0x3d,
    0xeb, 0x3d, 0xeb, 0x3d, 0xeb, 0x3d, 0xeb, 0x3d, 0xeb, 0x3d, 0xeb, 0x3d, 0xeb, 0x3d, 0xc5, 0x1a,
    0x00, 0x00, 0x00, 0x00, 0x00, 0x00, 0x00, 0x00, 0x00, 0x00, 0x00, 0x00, 0x00, 0x00, 0x00, 0x00,
    0x00, 0x00, 0x00, 0x00, 0x00, 0x00, 0x00, 0x00, 0x00, 0x00, 0x00, 0x00, 0x00, 0x00, 0x00, 0x00,
    0x00, 0x00, 0x00, 0x00, 0x00, 0x00, 0x00, 0x00, 0x00, 0x00, 0x00, 0x00, 0x00, 0x00, 0x00, 0x00,
    0x00, 0x00, 0x00, 0x00, 0x00, 0x00, 0x00, 0x00, 0x00, 0x00, 0x00, 0x00, 0x00, 0x00, 0x00, 0x00,
    0x00, 0x00, 0x00, 0x00, 0x00, 0x00, 0x00, 0x00, 0x00, 0x00, 0x00, 0x00, 0x00, 0x00, 0x00, 0x00,
    0x00, 0x00, 0x00, 0x00, 0x00, 0x00, 0x00, 0x00, 0x00, 0x00, 0x00, 0x00, 0x00, 0x00, 0xc5, 0x1a,
    0xeb, 0x3d, 0xeb, 0x3d, 0xeb, 0x3d, 0xeb, 0x3d, 0xeb, 0x3d, 0xeb, 0x3d, 0xeb, 0x3d, 0xeb, 0x3d,
    0xeb, 0x3d, 0xeb, 0x3d, 0xeb, 0x3d, 0xeb, 0x3d, 0xeb, 0x3d, 0xeb, 0x3d, 0xeb, 0x3d, 0xeb, 0x3d,
    0xeb, 0x3d, 0xeb, 0x3d, 0xeb, 0x3d, 0xeb, 0x3d, 0xeb, 0x3d, 0xeb, 0x3d, 0xeb, 0x3d, 0xeb, 0x3d,
    0xeb, 0x3d, 0xeb, 0x3d, 0xeb, 0x3d, 0xeb, 0x3d, 0xeb, 0x3d, 0xeb, 0x3d, 0xeb, 0x3d, 0xeb, 0x3d,
    0xeb, 0x3d, 0xeb, 0x3d, 0xeb, 0x3d, 0xeb, 0x3d, 0xeb, 0x3d, 0xeb, 0x3d, 0xeb, 0x3d, 0xeb, 0x3d,
    0xeb, 0x3d, 0xeb, 0x3d, 0xeb, 0x3d, 0xeb, 0x3d, 0xeb, 0x3d, 0xeb, 0x3d, 0xeb, 0x3d, 0xeb, 0x3d,
    0xeb, 0x3d, 0xeb, 0x3d, 0xeb, 0x3d, 0xeb, 0x3d, 0xeb, 0x3d, 0xeb, 0x3d, 0xeb, 0x3d, 0x64, 0x1a,
    0x00, 0x00, 0x00, 0x00, 0x00, 0x00, 0x00, 0x00, 0x00, 0x00, 0x00, 0x00, 0x00, 0x00, 0x00, 0x00,
    0x00, 0x00, 0x00, 0x00, 0x00, 0x00, 0x00, 0x00, 0x00, 0x00, 0x00, 0x00, 0x00, 0x00, 0x00, 0x00,
    0x00, 0x00, 0x00, 0x00, 0x00, 0x00, 0x00, 0x00, 0x00, 0x00, 0x00, 0x00, 0x00, 0x00, 0x00, 0x00,
    0x00, 0x00, 0x00, 0x00, 0x00, 0x00, 0x00, 0x00, 0x00, 0x00, 0x00, 0x00, 0x00, 0x00, 0x00, 0x00,
    0x00, 0x00, 0x00, 0x00, 0x00, 0x00, 0x00, 0x00, 0x00, 0x00, 0x00, 0x00, 0x00, 0x00, 0x00, 0x00,
    0x64, 0x1a, 0xeb, 0x3d, 0xeb, 0x3d, 0xeb, 0x3d, 0xeb, 0x3d, 0xeb, 0x3d, 0xeb, 0x3d, 0xeb, 0x3d,
    0xeb, 0x3d, 0xeb, 0x3d, 0xeb, 0x3d, 0xeb, 0x3d, 0xeb, 0x3d, 0xeb, 0x3d, 0xeb, 0x3d, 0xeb, 0x3d,
    0xeb, 0x3d, 0xeb, 0x3d, 0xeb, 0x3d, 0xeb, 0x3d, 0xeb, 0x3d, 0xeb, 0x3d, 0xeb, 0x3d, 0xeb, 0x3d,
    0xeb, 0x3d, 0xeb, 0x3d, 0xeb, 0x3d, 0xeb, 0x3d, 0xeb, 0x3d, 0xeb, 0x3d, 0xeb, 0x3d, 0xeb, 0x3d,
    0xeb, 0x3d, 0xeb, 0x3d, 0xeb, 0x3d, 0xeb, 0x3d, 0xeb, 0x3d, 0xeb, 0x3d, 0xeb, 0x3d, 0xeb, 0x3d,
    0xeb, 0x3d, 0xeb, 0x3d, 0xeb, 0x3d, 0xeb, 0x3d, 0xeb, 0x3d, 0xeb, 0x3d, 0xeb, 0x3d, 0xeb, 0x3d,
    0xeb, 0x3d, 0xeb, 0x3d, 0xeb, 0x3d, 0xeb, 0x3d, 0xeb, 0x3d, 0xeb, 0x3d, 0xeb, 0x3d, 0xeb, 0x3d,
    0xc5, 0x1a, 0x00, 0x00, 0x00, 0x00, 0x00, 0x00, 0x00, 0x00, 0x00, 0x00, 0x00, 0x00, 0x00, 0x00,
    0x00, 0x00, 0x00, 0x00, 0x00, 0x00, 0x00, 0x00, 0x00, 0x00, 0x00, 0x00, 0x00, 0x00, 0x00, 0x00,
    0x00, 0x00, 0x00, 0x00, 0x00, 0x00, 0x00, 0x00, 0x00, 0x00, 0x00, 0x00, 0x00, 0x00, 0x00, 0x00,
    0x00, 0x00, 0x00, 0x00, 0x00, 0x00, 0x00, 0x00, 0x00, 0x00, 0x00, 0x00, 0x00, 0x00, 0x00, 0x00,
    0x00, 0x00, 0x00, 0x00, 0x00, 0x00, 0x00, 0x00, 0x00, 0x00, 0x00, 0x00, 0x00, 0x00, 0x00, 0x00,
    0x00, 0x00, 0x00, 0x00, 0x00, 0x00, 0x00, 0x00, 0x00, 0x00, 0x00, 0x00, 0x84, 0x1a, 0xeb, 0x3d,
    0xeb, 0x3d, 0xeb, 0x3d, 0xeb, 0x3d, 0xeb, 0x3d, 0xeb, 0x3d, 0xeb, 0x3d, 0xeb, 0x3d, 0xeb, 0x3d,
    0xeb, 0x3d, 0xeb, 0x3d, 0xeb, 0x3d, 0xeb, 0x3d, 0xeb, 0x3d, 0xeb, 0x3d, 0xeb, 0x3d, 0xeb, 0x3d,
    0xeb, 0x3d, 0xeb, 0x3d, 0xeb, 0x3d, 0xeb, 0x3d, 0xeb, 0x3d, 0xeb, 0x3d, 0xeb, 0x3d, 0xeb, 0x3d,
    0xeb, 0x3d, 0xeb, 0x3d, 0xeb, 0x3d, 0xeb, 0x3d, 0xeb, 0x3d, 0xeb, 0x3d, 0xeb, 0x3d, 0xeb, 0x3d,
    0xeb, 0x3d, 0xeb, 0x3d, 0xeb, 0x3d, 0xeb, 0x3d, 0xeb, 0x3d, 0xeb, 0x3d, 0xeb, 0x3d, 0xeb, 0x3d,
    0xeb, 0x3d, 0xeb, 0x3d, 0xeb, 0x3d, 0xeb, 0x3d, 0xeb, 0x3d, 0xeb, 0x3d, 0xeb, 0x3d, 0xeb, 0x3d,
    0xeb, 0x3d, 0xeb, 0x3d, 0xeb, 0x3d, 0xeb, 0x3d, 0xeb, 0x3d, 0xeb, 0x3d, 0xeb, 0x3d, 0xeb, 0x3d,
    0xe3, 0x11, 0x00, 0x00, 0x00, 0x00, 0x00, 0x00, 0x00, 0x00, 0x00, 0x00, 0x00, 0x00, 0x00, 0x00,
    0x00, 0x00, 0x00, 0x00, 0x00, 0x00, 0x00, 0x00, 0x00, 0x00, 0x00, 0x00, 0x00, 0x00, 0x00, 0x00,
    0x00, 0x00, 0x00, 0x00, 0x00, 0x00, 0x00, 0x00, 0x00, 0x00, 0x00, 0x00, 0x00, 0x00, 0x00, 0x00,
    0x00, 0x00, 0x00, 0x00, 0x00, 0x00, 0x00, 0x00, 0x00, 0x00, 0x00, 0x00, 0x00, 0x00, 0x00, 0x00,
    0x00, 0x00, 0x00, 0x00, 0x00, 0x00, 0x00, 0x00, 0x00, 0x00, 0x00, 0x00, 0x00, 0x00, 0x03, 0x12,
    0xeb, 0x3d, 0xeb, 0x3d, 0xeb, 0x3d, 0xeb, 0x3d, 0xeb, 0x3d, 0xeb, 0x3d, 0xeb, 0x3d, 0xeb, 0x3d,
    0xeb, 0x3d, 0xeb, 0x3d, 0xeb, 0x3d, 0xeb, 0x3d, 0xeb, 0x3d, 0xeb, 0x3d, 0xeb, 0x3d, 0xeb, 0x3d,
    0xeb, 0x3d, 0xeb, 0x3d, 0xeb, 0x3d, 0xeb, 0x3d, 0xeb, 0x3d, 0xeb, 0x3d, 0xeb, 0x3d, 0xeb, 0x3d,
    0xeb, 0x3d, 0xeb, 0x3d, 0xeb, 0x3d, 0xeb, 0x3d, 0xeb, 0x3d, 0xeb, 0x3d, 0xeb, 0x3d, 0xeb, 0x3d,
    0xeb, 0x3d, 0xeb, 0x3d, 0xeb, 0x3d, 0xeb, 0x3d, 0xeb, 0x3d, 0xeb, 0x3d, 0xeb, 0x3d, 0xeb, 0x3d,
    0xeb, 0x3d, 0xeb, 0x3d, 0xeb, 0x3d, 0xeb, 0x3d, 0xeb, 0x3d, 0xeb, 0x3d, 0xeb, 0x3d, 0xeb, 0x3d,
    0xeb, 0x3d, 0xeb, 0x3d, 0xeb, 0x3d, 0xeb, 0x3d, 0xeb, 0x3d, 0xeb, 0x3d, 0xeb, 0x3d, 0xeb, 0x3d,
    0xeb, 0x3d, 0x44, 0x1a, 0x00, 0x00, 0x00, 0x00, 0x00, 0x00, 0x00, 0x00, 0x00, 0x00, 0x00, 0x00,
    0x00, 0x00, 0x00, 0x00, 0x00, 0x00, 0x00, 0x00, 0x00, 0x00, 0x00, 0x00, 0x00, 0x00, 0x00, 0x00,
    0x00, 0x00, 0x00, 0x00, 0x00, 0x00, 0x00, 0x00, 0x00, 0x00, 0x00, 0x00, 0x00, 0x00, 0x00, 0x00,
    0x00, 0x00, 0x00, 0x00, 0x00, 0x00, 0x00, 0x00, 0x00, 0x00, 0x00, 0x00, 0x00, 0x00, 0x00, 0x00,
    0x00, 0x00, 0x00, 0x00, 0x00, 0x00, 0x00, 0x00, 0x00, 0x00, 0x00, 0x00, 0x00, 0x00, 0x00, 0x00,
    0x00, 0x00, 0x00, 0x00, 0x00, 0x00, 0x00, 0x00, 0x00, 0x00, 0xe3, 0x11, 0xcb, 0x3d, 0xeb, 0x3d,
    0xeb, 0x3d, 0xeb, 0x3d, 0xeb, 0x3d, 0xeb, 0x3d, 0xeb, 0x3d, 0xeb, 0x3d, 0xeb, 0x3d, 0xeb, 0x3d,
    0xeb, 0x3d, 0xeb, 0x3d, 0xeb, 0x3d, 0xeb, 0x3d, 0xeb, 0x3d, 0xeb, 0x3d, 0xeb, 0x3d, 0xeb, 0x3d,
    0xeb, 0x3d, 0xeb, 0x3d, 0xeb, 0x3d, 0xeb, 0x3d, 0xeb, 0x3d, 0xeb, 0x3d, 0xeb, 0x3d, 0xeb, 0x3d,
    0xeb, 0x3d, 0xeb, 0x3d, 0xeb, 0x3d, 0xeb, 0x3d, 0xeb, 0x3d, 0xeb, 0x3d, 0xeb, 0x3d, 0xeb, 0x3d,
    0xeb, 0x3d, 0xeb, 0x3d, 0xeb, 0x3d, 0xeb, 0x3d, 0xeb, 0x3d, 0xeb, 0x3d, 0xeb, 0x3d, 0xeb, 0x3d,
    0xeb, 0x3d, 0xeb, 0x3d, 0xeb, 0x3d, 0xeb, 0x3d, 0xeb, 0x3d, 0xeb, 0x3d, 0xeb, 0x3d, 0xeb, 0x3d,
    0xeb, 0x3d, 0xeb, 0x3d, 0xeb, 0x3d, 0xeb, 0x3d, 0xeb, 0x3d, 0xeb, 0x3d, 0xeb, 0x3d, 0xeb, 0x3d,
    0xaa, 0x3d, 0x42, 0x09, 0x00, 0x00, 0x00, 0x00, 0x00, 0x00, 0x00, 0x00, 0x00, 0x00, 0x00, 0x00,
    0x00, 0x00, 0x00, 0x00, 0x00, 0x00, 0x00, 0x00, 0x00, 0x00, 0x00, 0x00, 0x00, 0x00, 0x00, 0x00,
    0x00, 0x00, 0x00, 0x00, 0x00, 0x00, 0x00, 0x00, 0x00, 0x00, 0x00, 0x00, 0x00, 0x00, 0x00, 0x00,
    0x00, 0x00, 0x00, 0x00, 0x00, 0x00, 0x00, 0x00, 0x00, 0x00, 0x00, 0x00, 0x00, 0x00, 0x00, 0x00,
    0x00, 0x00, 0x00, 0x00, 0x00, 0x00, 0x00, 0x00, 0x00, 0x00, 0x00, 0x00, 0x62, 0x09, 0xaa, 0x3d,
    0xeb, 0x3d, 0xeb, 0x3d, 0xeb, 0x3d, 0xeb, 0x3d, 0xeb, 0x3d, 0xeb, 0x3d, 0xeb, 0x3d, 0xeb, 0x3d,
    0xeb, 0x3d, 0xeb, 0x3d, 0xeb, 0x3d, 0xeb, 0x3d, 0xeb, 0x3d, 0xeb, 0x3d, 0xeb, 0x3d, 0xeb, 0x3d,
    0xeb, 0x3d, 0xeb, 0x3d, 0xeb, 0x3d, 0xeb, 0x3d, 0xeb, 0x3d, 0xeb, 0x3d, 0xeb, 0x3d, 0xeb, 0x3d,
    0xeb, 0x3d, 0xeb, 0x3d, 0xeb, 0x3d, 0xeb, 0x3d, 0xeb, 0x3d, 0xeb, 0x3d, 0xeb, 0x3d, 0xeb, 0x3d,
    0xeb, 0x3d, 0xeb, 0x3d, 0xeb, 0x3d, 0xeb, 0x3d, 0xeb, 0x3d, 0xeb, 0x3d, 0xeb, 0x3d, 0xeb, 0x3d,
    0xeb, 0x3d, 0xeb, 0x3d, 0xeb, 0x3d, 0xeb, 0x3d, 0xeb, 0x3d, 0xeb, 0x3d, 0xeb, 0x3d, 0xeb, 0x3d,
    0xeb, 0x3d, 0xeb, 0x3d, 0xeb, 0x3d, 0xeb, 0x3d, 0xeb, 0x3d, 0xeb, 0x3d, 0xeb, 0x3d, 0xeb, 0x3d,
    0xeb, 0x3d, 0xca, 0x3d, 0xa3, 0x11, 0x00, 0x00, 0x00, 0x00, 0x00, 0x00, 0x00, 0x00, 0x00, 0x00,
    0x00, 0x00, 0x00, 0x00, 0x00, 0x00, 0x00, 0x00, 0x00, 0x00, 0x00, 0x00, 0x00, 0x00, 0x00, 0x00,
    0x00, 0x00, 0x00, 0x00, 0x00, 0x00, 0x00, 0x00, 0x00, 0x00, 0x00, 0x00, 0x00, 0x00, 0x00, 0x00,
    0x00, 0x00, 0x00, 0x00, 0x00, 0x00, 0x00, 0x00, 0x00, 0x00, 0x00, 0x00, 0x00, 0x00, 0x00, 0x00,
    0x00, 0x00, 0x00, 0x00, 0x00, 0x00, 0x00, 0x00, 0x00, 0x00, 0x00, 0x00, 0x00, 0x00, 0x00, 0x00,
    0x00, 0x00, 0x00, 0x00, 0x00, 0x00, 0x00, 0x00, 0xe1, 0x08, 0x8a, 0x3d, 0xeb, 0x3d, 0xeb, 0x3d,
    0xeb, 0x3d, 0xeb, 0x3d, 0xeb, 0x3d, 0xeb, 0x3d, 0xeb, 0x3d, 0xeb, 0x3d, 0xeb, 0x3d, 0xeb, 0x3d,
    0xeb, 0x3d, 0xeb, 0x3d, 0xeb, 0x3d, 0xeb, 0x3d, 0xeb, 0x3d, 0xeb, 0x3d, 0xeb, 0x3d, 0xeb, 0x3d,
    0xeb, 0x3d, 0xeb, 0x3d, 0xeb, 0x3d, 0xeb, 0x3d, 0xeb, 0x3d, 0xeb, 0x3d, 0xeb, 0x3d, 0xeb, 0x3d,
    0xeb, 0x3d, 0xeb, 0x3d, 0xeb, 0x3d, 0xeb, 0x3d, 0xeb, 0x3d, 0xeb, 0x3d, 0xeb, 0x3d, 0xeb, 0x3d,
    0xeb, 0x3d, 0xeb, 0x3d, 0xeb, 0x3d, 0xeb, 0x3d, 0xeb, 0x3d, 0xeb, 0x3d, 0xeb, 0x3d, 0xeb, 0x3d,
    0xeb, 0x3d, 0xeb, 0x3d, 0xeb, 0x3d, 0xeb, 0x3d, 0xeb, 0x3d, 0xeb, 0x3d, 0xeb, 0x3d, 0xeb, 0x3d,
    0xeb, 0x3d, 0xeb, 0x3d, 0xeb, 0x3d, 0xeb, 0x3d, 0xeb, 0x3d, 0xeb, 0x3d, 0xeb, 0x3d, 0xeb, 0x3d,
    0xeb, 0x3d, 0x49, 0x35, 0x81, 0x00, 0x00, 0x00, 0x00, 0x00, 0x00, 0x00, 0x00, 0x00, 0x00, 0x00,
    0x00, 0x00, 0x00, 0x00, 0x00, 0x00, 0x00, 0x00, 0x00, 0x00, 0x00, 0x00, 0x00, 0x00, 0x00, 0x00,
    0x00, 0x00, 0x00, 0x00, 0x00, 0x00, 0x00, 0x00, 0x00, 0x00, 0x00, 0x00, 0x00, 0x00, 0x00, 0x00,
    0x00, 0x00, 0x00, 0x00, 0x00, 0x00, 0x00, 0x00, 0x00, 0x00, 0x00, 0x00, 0x00, 0x00, 0x00, 0x00,
    0x00, 0x00, 0x00, 0x00, 0x00, 0x00, 0x00, 0x00, 0x00, 0x00, 0xa1, 0x00, 0x6a, 0x3d, 0xeb, 0x3d,
    0xeb, 0x3d, 0xeb, 0x3d, 0xeb, 0x3d, 0xeb, 0x3d, 0xeb, 0x3d, 0xeb, 0x3d, 0xeb, 0x3d, 0xeb, 0x3d,
    0xeb, 0x3d, 0xeb, 0x3d, 0xeb, 0x3d, 0xeb, 0x3d, 0xeb, 0x3d, 0xeb, 0x3d, 0xeb, 0x3d, 0xeb, 0x3d,
    0xeb, 0x3d, 0xeb, 0x3d, 0xeb, 0x3d, 0xeb, 0x3d, 0xeb, 0x3d, 0xeb, 0x3d, 0xeb, 0x3d, 0xeb, 0x3d,
    0xeb, 0x3d, 0xeb, 0x3d, 0xeb, 0x3d, 0xeb, 0x3d, 0xeb, 0x3d, 0xeb, 0x3d, 0xeb, 0x3d, 0xeb, 0x3d,
    0xeb, 0x3d, 0xeb, 0x3d, 0xeb, 0x3d, 0xeb, 0x3d, 0xeb, 0x3d, 0xeb, 0x3d, 0xeb, 0x3d, 0xeb, 0x3d,
    0xeb, 0x3d, 0xeb, 0x3d, 0xeb, 0x3d, 0xeb, 0x3d, 0xeb, 0x3d, 0xeb, 0x3d, 0xeb, 0x3d, 0xeb, 0x3d,
    0xeb, 0x3d, 0xeb, 0x3d, 0xeb, 0x3d, 0xeb, 0x3d, 0xeb, 0x3d, 0xeb, 0x3d, 0xeb, 0x3d, 0xeb, 0x3d,
    0xeb, 0x3d, 0xeb, 0x3d, 0x6a, 0x3d, 0xc1, 0x08, 0x00, 0x00, 0x00, 0x00, 0x00, 0x00, 0x00, 0x00,
    0x00, 0x00, 0x00, 0x00, 0x00, 0x00, 0x00, 0x00, 0x00, 0x00, 0x00, 0x00, 0x00, 0x00, 0x00, 0x00,
    0x00, 0x00, 0x00, 0x00, 0x00, 0x00, 0x00, 0x00, 0x00, 0x00, 0x00, 0x00, 0x00, 0x00, 0x00, 0x00,
    0x00, 0x00, 0x00, 0x00, 0x00, 0x00, 0x00, 0x00, 0x00, 0x00, 0x00, 0x00, 0x00, 0x00, 0x00, 0x00,
    0x00, 0x00, 0x00, 0x00, 0x00, 0x00, 0x00, 0x00, 0x00, 0x00, 0x00, 0x00, 0x00, 0x00, 0x00, 0x00,
    0x00, 0x00, 0x00, 0x00, 0x00, 0x00, 0x20, 0x00, 0xc9, 0x34, 0xeb, 0x3d, 0xeb, 0x3d, 0xeb, 0x3d,
    0xeb, 0x3d, 0xeb, 0x3d, 0xeb, 0x3d, 0xeb, 0x3d, 0xeb, 0x3d, 0xeb, 0x3d, 0xeb, 0x3d, 0xeb, 0x3d,
    0xeb, 0x3d, 0xeb, 0x3d, 0xeb, 0x3d, 0xeb, 0x3d, 0xeb, 0x3d, 0xeb, 0x3d, 0xeb, 0x3d, 0xeb, 0x3d,
    0xeb, 0x3d, 0xeb, 0x3d, 0xeb, 0x3d, 0xeb, 0x3d, 0xeb, 0x3d, 0xeb, 0x3d, 0xeb, 0x3d, 0xeb, 0x3d,
    0xeb, 0x3d, 0xeb, 0x3d, 0xeb, 0x3d, 0xeb, 0x3d, 0xeb, 0x3d, 0xeb, 0x3d, 0xeb, 0x3d, 0xeb, 0x3d,
    0xeb, 0x3d, 0xeb, 0x3d, 0xeb, 0x3d, 0xeb, 0x3d, 0xeb, 0x3d, 0xeb, 0x3d, 0xeb, 0x3d, 0xeb, 0x3d,
    0xeb, 0x3d, 0xeb, 0x3d, 0xeb, 0x3d, 0xeb, 0x3d, 0xeb, 0x3d, 0xeb, 0x3d, 0xeb, 0x3d, 0xeb, 0x3d,
    0xeb, 0x3d, 0xeb, 0x3d, 0xeb, 0x3d, 0xeb, 0x3d, 0xeb, 0x3d, 0xeb, 0x3d, 0xeb, 0x3d, 0xeb, 0x3d,
    0xeb, 0x3d, 0xeb, 0x3d, 0x27, 0x2c, 0x00, 0x00, 0x00, 0x00, 0x00, 0x00, 0x00, 0x00, 0x00, 0x00,
    0x00, 0x00, 0x00, 0x00, 0x00, 0x00, 0x00, 0x00, 0x00, 0x00, 0x00, 0x00, 0x00, 0x00, 0x00, 0x00,
    0x00, 0x00, 0x00, 0x00, 0x00, 0x00, 0x00, 0x00, 0x00, 0x00, 0x00, 0x00, 0x00, 0x00, 0x00, 0x00,
    0x00, 0x00, 0x00, 0x00, 0x00, 0x00, 0x00, 0x00, 0x00, 0x00, 0x00, 0x00, 0x00, 0x00, 0x00, 0x00,
    0x00, 0x00, 0x00, 0x00, 0x00, 0x00, 0x00, 0x00, 0x20, 0x00, 0x68, 0x2c, 0xeb, 0x3d, 0xeb, 0x3d,
    0xeb, 0x3d, 0xeb, 0x3d, 0xeb, 0x3d, 0xeb, 0x3d, 0xeb, 0x3d, 0xeb, 0x3d, 0xeb, 0x3d, 0xeb, 0x3d,
    0xeb, 0x3d, 0xeb, 0x3d, 0xeb, 0x3d, 0xeb, 0x3d, 0xeb, 0x3d, 0xeb, 0x3d, 0xeb, 0x3d, 0xeb, 0x3d,
    0xeb, 0x3d, 0xeb, 0x3d, 0xeb, 0x3d, 0xeb, 0x3d, 0xeb, 0x3d, 0xeb, 0x3d, 0xeb, 0x3d, 0xeb, 0x3d,
    0xeb, 0x3d, 0xeb, 0x3d, 0xeb, 0x3d, 0xeb, 0x3d, 0xeb, 0x3d, 0xeb, 0x3d, 0xeb, 0x3d, 0xeb, 0x3d,
    0xeb, 0x3d, 0xeb, 0x3d, 0xeb, 0x3d, 0xeb, 0x3d, 0xeb, 0x3d, 0xeb, 0x3d, 0xeb, 0x3d, 0xeb, 0x3d,
    0xeb, 0x3d, 0xeb, 0x3d, 0xeb, 0x3d, 0xeb, 0x3d, 0xeb, 0x3d, 0xeb, 0x3d, 0xeb, 0x3d, 0xeb, 0x3d,
    0xeb, 0x3d, 0xeb, 0x3d, 0xeb, 0x3d, 0xeb, 0x3d, 0xeb, 0x3d, 0xeb, 0x3d, 0xeb, 0x3d, 0xeb, 0x3d,
    0xeb, 0x3d, 0xeb, 0x3d, 0xeb, 0x3d, 0xa8, 0x34, 0x20, 0x00, 0x00, 0x00, 0x00, 0x00, 0x00, 0x00,
    0x00, 0x00, 0x00, 0x00, 0x00, 0x00, 0x00, 0x00, 0x00, 0x00, 0x00, 0x00, 0x00, 0x00, 0x00, 0x00,
    0x00, 0x00, 0x00, 0x00, 0x00, 0x00, 0x00, 0x00, 0x00, 0x00, 0x00, 0x00, 0x00, 0x00, 0x00, 0x00,
    0x00, 0x00, 0x00, 0x00, 0x00, 0x00, 0x00, 0x00, 0x00, 0x00, 0x00, 0x00, 0x00, 0x00, 0x00, 0x00,
    0x00, 0x00, 0x00, 0x00, 0x00, 0x00, 0x00, 0x00, 0x00, 0x00, 0x00, 0x00, 0x00, 0x00, 0x00, 0x00,
    0x00, 0x00, 0x00, 0x00, 0x00, 0x00, 0x46, 0x23, 0xeb, 0x3d, 0xeb, 0x3d, 0xeb, 0x3d, 0xeb, 0x3d,
    0xeb, 0x3d, 0xeb, 0x3d, 0xeb, 0x3d, 0xeb, 0x3d, 0xeb, 0x3d, 0xeb, 0x3d, 0xeb, 0x3d, 0xeb, 0x3d,
    0xeb, 0x3d, 0xeb, 0x3d, 0xeb, 0x3d, 0xeb, 0x3d, 0xeb, 0x3d, 0xeb, 0x3d, 0xeb, 0x3d, 0xeb, 0x3d,
    0xeb, 0x3d, 0xeb, 0x3d, 0xeb, 0x3d, 0xeb, 0x3d, 0xeb, 0x3d, 0xeb, 0x3d, 0xeb, 0x3d, 0xeb, 0x3d,
    0xeb, 0x3d, 0xeb, 0x3d, 0xeb, 0x3d, 0xeb, 0x3d, 0xeb, 0x3d, 0xeb, 0x3d, 0xeb, 0x3d, 0xeb, 0x3d,
    0xeb, 0x3d, 0xeb, 0x3d, 0xeb, 0x3d, 0xeb, 0x3d, 0xeb, 0x3d, 0xeb, 0x3d, 0xeb, 0x3d, 0xeb, 0x3d,
    0xeb, 0x3d, 0xeb, 0x3d, 0xeb, 0x3d, 0xeb, 0x3d, 0xeb, 0x3d, 0xeb, 0x3d, 0xeb, 0x3d, 0xeb, 0x3d,
    0xeb, 0x3d, 0xeb, 0x3d, 0xeb, 0x3d, 0xeb, 0x3d, 0xeb, 0x3d, 0xeb, 0x3d, 0xeb, 0x3d, 0xeb, 0x3d,
    0xeb, 0x3d, 0xeb, 0x3d, 0xeb, 0x3d, 0x84, 0x1a, 0x00, 0x00, 0x00, 0x00, 0x00, 0x00, 0x00, 0x00,
    0x00, 0x00, 0x00, 0x00, 0x00, 0x00, 0x00, 0x00, 0x00, 0x00, 0x00, 0x00, 0x00, 0x00, 0x00, 0x00,
    0x00, 0x00, 0x00, 0x00, 0x00, 0x00, 0x00, 0x00, 0x00, 0x00, 0x00, 0x00, 0x00, 0x00, 0x00, 0x00,
    0x00, 0x00, 0x00, 0x00, 0x00, 0x00, 0x00, 0x00, 0x00, 0x00, 0x00, 0x00, 0x00, 0x00, 0x00, 0x00,
    0x00, 0x00, 0x00, 0x00, 0x00, 0x00, 0x00, 0x00, 0xc5, 0x1a, 0xeb, 0x3d, 0xeb, 0x3d, 0xeb, 0x3d,
    0xeb, 0x3d, 0xeb, 0x3d, 0xeb, 0x3d, 0xeb, 0x3d, 0xeb, 0x3d, 0xeb, 0x3d, 0xeb, 0x3d, 0xeb, 0x3d,
    0xeb, 0x3d, 0xeb, 0x3d, 0xeb, 0x3d, 0xeb, 0x3d, 0xeb, 0x3d, 0xeb, 0x3d, 0xeb, 0x3d, 0xeb, 0x3d,
    0xeb, 0x3d, 0xeb, 0x3d, 0xeb, 0x3d, 0xeb, 0x3d, 0xeb, 0x3d, 0xeb, 0x3d, 0xeb, 0x3d, 0xeb, 0x3d,
    0xeb, 0x3d, 0xeb, 0x3d, 0xeb, 0x3d, 0xeb, 0x3d, 0xeb, 0x3d, 0xeb, 0x3d, 0xeb, 0x3d, 0xeb, 0x3d,
    0xeb, 0x3d, 0xeb, 0x3d, 0xeb, 0x3d, 0xeb, 0x3d, 0xeb, 0x3d, 0xeb, 0x3d, 0xeb, 0x3d, 0xeb, 0x3d,
    0xeb, 0x3d, 0xeb, 0x3d, 0xeb, 0x3d, 0xeb, 0x3d, 0xeb, 0x3d, 0xeb, 0x3d, 0xeb, 0x3d, 0xeb, 0x3d,
    0xeb, 0x3d, 0xeb, 0x3d, 0xeb, 0x3d, 0xeb, 0x3d, 0xeb, 0x3d, 0xeb, 0x3d, 0xeb, 0x3d, 0xeb, 0x3d,
    0xeb, 0x3d, 0xeb, 0x3d, 0xeb, 0x3d, 0xeb, 0x3d, 0x25, 0x23, 0x00, 0x00, 0x00, 0x00, 0x00, 0x00,
    0x00, 0x00, 0x00, 0x00, 0x00, 0x00, 0x00, 0x00, 0x00, 0x00, 0x00, 0x00, 0x00, 0x00, 0x00, 0x00,
    0x00, 0x00, 0x00, 0x00, 0x00, 0x00, 0x00, 0x00, 0x00, 0x00, 0x00, 0x00, 0x00, 0x00, 0x00, 0x00,
    0x00, 0x00, 0x00, 0x00, 0x00, 0x00, 0x00, 0x00, 0x00, 0x00, 0x00, 0x00, 0x00, 0x00, 0x00, 0x00,
    0x00, 0x00, 0x00, 0x00, 0x00, 0x00, 0x00, 0x00, 0x00, 0x00, 0x00, 0x00, 0x00, 0x00, 0x00, 0x00,
    0x00, 0x00, 0x00, 0x00, 0x82, 0x09, 0xeb, 0x3d, 0xeb, 0x3d, 0xeb, 0x3d, 0xeb, 0x3d, 0xeb, 0x3d,
    0xeb, 0x3d, 0xeb, 0x3d, 0xeb, 0x3d, 0xeb, 0x3d, 0xeb, 0x3d, 0xeb, 0x3d, 0xeb, 0x3d, 0xeb, 0x3d,
    0xeb, 0x3d, 0xeb, 0x3d, 0xeb, 0x3d, 0xeb, 0x3d, 0xeb, 0x3d, 0xeb, 0x3d, 0xeb, 0x3d, 0xeb, 0x3d,
    0xeb, 0x3d, 0xeb, 0x3d, 0xeb, 0x3d, 0xeb, 0x3d, 0xeb, 0x3d, 0xeb, 0x3d, 0xeb, 0x3d, 0xeb, 0x3d,
    0xeb, 0x3d, 0xeb, 0x3d, 0xeb, 0x3d, 0xeb, 0x3d, 0xeb, 0x3d, 0xeb, 0x3d, 0xeb, 0x3d, 0xeb, 0x3d,
    0xeb, 0x3d, 0xeb, 0x3d, 0xeb, 0x3d, 0xeb, 0x3d, 0xeb, 0x3d, 0xeb, 0x3d, 0xeb, 0x3d, 0xeb, 0x3d,
    0xeb, 0x3d, 0xeb, 0x3d, 0xeb, 0x3d, 0xeb, 0x3d, 0xeb, 0x3d, 0xeb, 0x3d, 0xeb, 0x3d, 0xeb, 0x3d,
    0xeb, 0x3d, 0xeb, 0x3d, 0xeb, 0x3d, 0xeb, 0x3d, 0xeb, 0x3d, 0xeb, 0x3d, 0xeb, 0x3d, 0xeb, 0x3d,
    0xeb, 0x3d, 0xeb, 0x3d, 0xeb, 0x3d, 0xaa, 0x3d, 0xc1, 0x08, 0x00, 0x00, 0x00, 0x00, 0x00, 0x00,
    0x00, 0x00, 0x00, 0x00, 0x00, 0x00, 0x00, 0x00, 0x00, 0x00, 0x00, 0x00, 0x00, 0x00, 0x00, 0x00,
    0x00, 0x00, 0x00, 0x00, 0x00, 0x00, 0x00, 0x00, 0x00, 0x00, 0x00, 0x00, 0x00, 0x00, 0x00, 0x00,
    0x00, 0x00, 0x00, 0x00, 0x00, 0x00, 0x00, 0x00, 0x00, 0x00, 0x00, 0x00, 0x00, 0x00, 0x00, 0x00,
    0x00, 0x00, 0x00, 0x00, 0x00, 0x00, 0xe1, 0x08, 0xca, 0x3d, 0xeb, 0x3d, 0xeb, 0x3d, 0xeb, 0x3d,
    0xeb, 0x3d, 0xeb, 0x3d, 0xeb, 0x3d, 0xeb, 0x3d, 0xeb, 0x3d, 0xeb, 0x3d, 0xeb, 0x3d, 0xeb, 0x3d,
    0xeb, 0x3d, 0xeb, 0x3d, 0xeb, 0x3d, 0xeb, 0x3d, 0xeb, 0x3d, 0xeb, 0x3d, 0xeb, 0x3d, 0xeb, 0x3d,
    0xeb, 0x3d, 0xeb, 0x3d, 0xeb, 0x3d, 0xeb, 0x3d, 0xeb, 0x3d, 0xeb, 0x3d, 0xeb, 0x3d, 0xeb, 0x3d,
    0xeb, 0x3d, 0xeb, 0x3d, 0xeb, 0x3d, 0xeb, 0x3d, 0xeb, 0x3d, 0xeb, 0x3d, 0xeb, 0x3d, 0xeb, 0x3d,
    0xeb, 0x3d, 0xeb, 0x3d, 0xeb, 0x3d, 0xeb, 0x3d, 0xeb, 0x3d, 0xeb, 0x3d, 0xeb, 0x3d, 0xeb, 0x3d,
    0xeb, 0x3d, 0xeb, 0x3d, 0xeb, 0x3d, 0xeb, 0x3d, 0xeb, 0x3d, 0xeb, 0x3d, 0xeb, 0x3d, 0xeb, 0x3d,
    0xeb, 0x3d, 0xeb, 0x3d, 0xeb, 0x3d, 0xeb, 0x3d, 0xeb, 0x3d, 0xeb, 0x3d, 0xeb, 0x3d, 0xeb, 0x3d,
    0xeb, 0x3d, 0xeb, 0x3d, 0xeb, 0x3d, 0xeb, 0x3d, 0xcb, 0x3d, 0x42, 0x09, 0x00, 0x00, 0x00, 0x00,
    0x00, 0x00, 0x00, 0x00, 0x00, 0x00, 0x00, 0x00, 0x00, 0x00, 0x00, 0x00, 0x00, 0x00, 0x00, 0x00,
    0x00, 0x00, 0x00, 0x00, 0x00, 0x00, 0x00, 0x00, 0x00, 0x00, 0x00, 0x00, 0x00, 0x00, 0x00, 0x00,
    0x00, 0x00, 0x00, 0x00, 0x00, 0x00, 0x00, 0x00, 0x00, 0x00, 0x00, 0x00, 0x00, 0x00, 0x00, 0x00,
    0x00, 0x00, 0x00, 0x00, 0x00, 0x00, 0x00, 0x00, 0x00, 0x00, 0x00, 0x00, 0x00, 0x00, 0x00, 0x00,
    0x00, 0x00, 0x20, 0x00, 0xe9, 0x34, 0xeb, 0x3d, 0xeb, 0x3d, 0xeb, 0x3d, 0xeb, 0x3d, 0xeb, 0x3d,
    0xeb, 0x3d, 0xeb, 0x3d, 0xeb, 0x3d, 0xeb, 0x3d, 0xeb, 0x3d, 0xeb, 0x3d, 0xeb, 0x3d, 0xeb, 0x3d,
    0xeb, 0x3d, 0xeb, 0x3d, 0xeb, 0x3d, 0xeb, 0x3d, 0xeb, 0x3d, 0xeb, 0x3d, 0xeb, 0x3d, 0xeb, 0x3d,
    0xeb, 0x3d, 0xeb, 0x3d, 0xeb, 0x3d, 0xeb, 0x3d, 0xeb, 0x3d, 0xeb, 0x3d, 0xeb, 0x3d, 0xeb, 0x3d,
    0xeb, 0x3d, 0xeb, 0x3d, 0xeb, 0x3d, 0xeb, 0x3d, 0xeb, 0x3d, 0xeb, 0x3d, 0xeb, 0x3d, 0xeb, 0x3d,
    0xeb, 0x3d, 0xeb, 0x3d, 0xeb, 0x3d, 0xeb, 0x3d, 0xeb, 0x3d, 0xeb, 0x3d, 0xeb, 0x3d, 0xeb, 0x3d,
    0xeb, 0x3d, 0xeb, 0x3d, 0xeb, 0x3d, 0xeb, 0x3d, 0xeb, 0x3d, 0xeb, 0x3d, 0xeb, 0x3d, 0xeb, 0x3d,
    0xeb, 0x3d, 0xeb, 0x3d, 0xeb, 0x3d, 0xeb, 0x3d, 0xeb, 0x3d, 0xeb, 0x3d, 0xeb, 0x3d, 0xeb, 0x3d,
    0xeb, 0x3d, 0xeb, 0x3d, 0xeb, 0x3d, 0xeb, 0x3d, 0x27, 0x2c, 0x00, 0x00, 0x00, 0x00, 0x00, 0x00,
    0x00, 0x00, 0x00, 0x00, 0x00, 0x00, 0x00, 0x00, 0x00, 0x00, 0x00, 0x00, 0x00, 0x00, 0x00, 0x00,
    0x00, 0x00, 0x00, 0x00, 0x00, 0x00, 0x00, 0x00, 0x00, 0x00, 0x00, 0x00, 0x00, 0x00, 0x00, 0x00,
    0x00, 0x00, 0x00, 0x00, 0x00, 0x00, 0x00, 0x00, 0x00, 0x00, 0x00, 0x00, 0x00, 0x00, 0x00, 0x00,
    0x00, 0x00, 0x00, 0x00, 0x00, 0x00, 0x68, 0x2c, 0xeb, 0x3d, 0xeb, 0x3d, 0xeb, 0x3d, 0xeb, 0x3d,
    0xeb, 0x3d, 0xeb, 0x3d, 0xeb, 0x3d, 0xeb, 0x3d, 0xeb, 0x3d, 0xeb, 0x3d, 0xeb, 0x3d, 0xeb, 0x3d,
    0xeb, 0x3d, 0xeb, 0x3d, 0xeb, 0x3d, 0xeb, 0x3d, 0xeb, 0x3d, 0xeb, 0x3d, 0xeb, 0x3d, 0xeb, 0x3d,
    0xeb, 0x3d, 0xeb, 0x3d, 0xeb, 0x3d, 0xeb, 0x3d, 0xeb, 0x3d, 0xeb, 0x3d, 0xeb, 0x3d, 0xeb, 0x3d,
    0xeb, 0x3d, 0xeb, 0x3d, 0xeb, 0x3d, 0xeb, 0x3d, 0xeb, 0x3d, 0xeb, 0x3d, 0xeb, 0x3d, 0xeb, 0x3d,
    0xeb, 0x3d, 0xeb, 0x3d, 0xeb, 0x3d, 0xeb, 0x3d, 0xeb, 0x3d, 0xeb, 0x3d, 0xeb, 0x3d, 0xeb, 0x3d,
    0xeb, 0x3d, 0xeb, 0x3d, 0xeb, 0x3d, 0xeb, 0x3d, 0xeb, 0x3d, 0xeb, 0x3d, 0xeb, 0x3d, 0xeb, 0x3d,
    0xeb, 0x3d, 0xeb, 0x3d, 0xeb, 0x3d, 0xeb, 0x3d, 0xeb, 0x3d, 0xeb, 0x3d, 0xeb, 0x3d, 0xeb, 0x3d,
    0xeb, 0x3d, 0xeb, 0x3d, 0xeb, 0x3d, 0xeb, 0x3d, 0xeb, 0x3d, 0xa8, 0x34, 0x00, 0x00, 0x00, 0x00,
    0x00, 0x00, 0x00, 0x00, 0x00, 0x00, 0x00, 0x00, 0x00, 0x00, 0x00, 0x00, 0x00, 0x00, 0x00, 0x00,
    0x00, 0x00, 0x00, 0x00, 0x00, 0x00, 0x00, 0x00, 0x00, 0x00, 0x00, 0x00, 0x00, 0x00, 0x00, 0x00,
    0x00, 0x00, 0x00, 0x00, 0x00, 0x00, 0x00, 0x00, 0x00, 0x00, 0x00, 0x00, 0x00, 0x00, 0x00, 0x00,
    0x00, 0x00, 0x00, 0x00, 0x00, 0x00, 0x00, 0x00, 0x00, 0x00, 0x00, 0x00, 0x00, 0x00, 0x00, 0x00,
    0x00, 0x00, 0x84, 0x1a, 0xeb, 0x3d, 0xeb, 0x3d, 0xeb, 0x3d, 0xeb, 0x3d, 0xeb, 0x3d, 0xeb, 0x3d,
    0xeb, 0x3d, 0xeb, 0x3d, 0xeb, 0x3d, 0xeb, 0x3d, 0xeb, 0x3d, 0xeb, 0x3d, 0xeb, 0x3d, 0xeb, 0x3d,
    0xeb, 0x3d, 0xeb, 0x3d, 0xeb, 0x3d, 0xeb, 0x3d, 0xeb, 0x3d, 0xeb, 0x3d, 0xeb, 0x3d, 0xeb, 0x3d,
    0xeb, 0x3d, 0xeb, 0x3d, 0xeb, 0x3d, 0xeb, 0x3d, 0xeb, 0x3d, 0xeb, 0x3d, 0xeb, 0x3d, 0xeb, 0x3d,
    0xeb, 0x3d, 0xeb, 0x3d, 0xeb, 0x3d, 0xeb, 0x3d, 0xeb, 0x3d, 0xeb, 0x3d, 0xeb, 0x3d, 0xeb, 0x3d,
    0xeb, 0x3d, 0xeb, 0x3d, 0xeb, 0x3d, 0xeb, 0x3d, 0xeb, 0x3d, 0xeb, 0x3d, 0xeb, 0x3d, 0xeb, 0x3d,
    0xeb, 0x3d, 0xeb, 0x3d, 0xeb, 0x3d, 0xeb, 0x3d, 0xeb, 0x3d, 0xeb, 0x3d, 0xeb, 0x3d, 0xeb, 0x3d,
    0xeb, 0x3d, 0xeb, 0x3d, 0xeb, 0x3d, 0xeb, 0x3d, 0xeb, 0x3d, 0xeb, 0x3d, 0xeb, 0x3d, 0xeb, 0x3d,
    0xeb, 0x3d, 0xeb, 0x3d, 0xeb, 0x3d, 0xeb, 0x3d, 0xeb, 0x3d, 0xc3, 0x11, 0x00, 0x00, 0x00, 0x00,
    0x00, 0x00, 0x00, 0x00, 0x00, 0x00, 0x00, 0x00, 0x00, 0x00, 0x00, 0x00, 0x00, 0x00, 0x00, 0x00,
    0x00, 0x00, 0x00, 0x00, 0x00, 0x00, 0x00, 0x00, 0x00, 0x00, 0x00, 0x00, 0x00, 0x00, 0x00, 0x00,
    0x00, 0x00, 0x00, 0x00, 0x00, 0x00, 0x00, 0x00, 0x00, 0x00, 0x00, 0x00, 0x00, 0x00, 0x00, 0x00,
    0x00, 0x00, 0x00, 0x00, 0x03, 0x12, 0xeb, 0x3d, 0xeb, 0x3d, 0xeb, 0x3d, 0xeb, 0x3d, 0xeb, 0x3d,
    0xeb, 0x3d, 0xeb, 0x3d, 0xeb, 0x3d, 0xeb, 0x3d, 0xeb, 0x3d, 0xeb, 0x3d, 0xeb, 0x3d, 0xeb, 0x3d,
    0xeb, 0x3d, 0xeb, 0x3d, 0xeb, 0x3d, 0xeb, 0x3d, 0xeb, 0x3d, 0xeb, 0x3d, 0xeb, 0x3d, 0xeb, 0x3d,
    0xeb, 0x3d, 0xeb, 0x3d, 0xeb, 0x3d, 0xeb, 0x3d, 0xeb, 0x3d, 0xeb, 0x3d, 0xeb, 0x3d, 0xeb, 0x3d,
    0xeb, 0x3d, 0xeb, 0x3d, 0xeb, 0x3d, 0xeb, 0x3d, 0xeb, 0x3d, 0xeb, 0x3d, 0xeb, 0x3d, 0xeb, 0x3d,
    0xeb, 0x3d, 0xeb, 0x3d, 0xeb, 0x3d, 0xeb, 0x3d, 0xeb, 0x3d, 0xeb, 0x3d, 0xeb, 0x3d, 0xeb, 0x3d,
    0xeb, 0x3d, 0xeb, 0x3d, 0xeb, 0x3d, 0xeb, 0x3d, 0xeb, 0x3d, 0xeb, 0x3d, 0xeb, 0x3d, 0xeb, 0x3d,
    0xeb, 0x3d, 0xeb, 0x3d, 0xeb, 0x3d, 0xeb, 0x3d, 0xeb, 0x3d, 0xeb, 0x3d, 0xeb, 0x3d, 0xeb, 0x3d,
    0xeb, 0x3d, 0xeb, 0x3d, 0xeb, 0x3d, 0xeb, 0x3d, 0xeb, 0x3d, 0xeb, 0x3d, 0x44, 0x1a, 0x00, 0x00,
    0x00, 0x00, 0x00, 0x00, 0x00, 0x00, 0x00, 0x00, 0x00, 0x00, 0x00, 0x00, 0x00, 0x00, 0x00, 0x00,
    0x00, 0x00, 0x00, 0x00, 0x00, 0x00, 0x00, 0x00, 0x00, 0x00, 0x00, 0x00, 0x00, 0x00, 0x00, 0x00,
    0x00, 0x00, 0x00, 0x00, 0x00, 0x00, 0x00, 0x00, 0x00, 0x00, 0x00, 0x00, 0x00, 0x00, 0x00, 0x00,
    0x00, 0x00, 0x00, 0x00, 0x00, 0x00, 0x00, 0x00, 0x00, 0x00, 0x00, 0x00, 0x00, 0x00, 0x00, 0x00,
    0x40, 0x00, 0x6a, 0x3d, 0xeb, 0x3d, 0xeb, 0x3d, 0xeb, 0x3d, 0xeb, 0x3d, 0xeb, 0x3d, 0xeb, 0x3d,
    0xeb, 0x3d, 0xeb, 0x3d, 0xeb, 0x3d, 0xeb, 0x3d, 0xeb, 0x3d, 0xeb, 0x3d, 0xeb, 0x3d, 0xeb, 0x3d,
    0xeb, 0x3d, 0xeb, 0x3d, 0xeb, 0x3d, 0xeb, 0x3d, 0xeb, 0x3d, 0xeb, 0x3d, 0xeb, 0x3d, 0xeb, 0x3d,
    0xeb, 0x3d, 0xeb, 0x3d, 0xeb, 0x3d, 0xeb, 0x3d, 0xeb, 0x3d, 0xeb, 0x3d, 0xeb, 0x3d, 0xeb, 0x3d,
    0xeb, 0x3d, 0xeb, 0x3d, 0xeb, 0x3d, 0xeb, 0x3d, 0xeb, 0x3d, 0xeb, 0x3d, 0xeb, 0x3d, 0xeb, 0x3d,
    0xeb, 0x3d, 0xeb, 0x3d, 0xeb, 0x3d, 0xeb, 0x3d, 0xeb, 0x3d, 0xeb, 0x3d, 0xeb, 0x3d, 0xeb, 0x3d,
    0xeb, 0x3d, 0xeb, 0x3d, 0xeb, 0x3d, 0xeb, 0x3d, 0xeb, 0x3d, 0xeb, 0x3d, 0xeb, 0x3d, 0xeb, 0x3d,
    0xeb, 0x3d, 0xeb, 0x3d, 0xeb, 0x3d, 0xeb, 0x3d, 0xeb, 0x3d, 0xeb, 0x3d, 0xeb, 0x3d, 0xeb, 0x3d,
    0xeb, 0x3d, 0xeb, 0x3d, 0xeb, 0x3d, 0xeb, 0x3d, 0xeb, 0x3d, 0xc9, 0x34, 0x00, 0x00, 0x00, 0x00,
    0x00, 0x00, 0x00, 0x00, 0x00, 0x00, 0x00, 0x00, 0x00, 0x00, 0x00, 0x00, 0x00, 0x00, 0x00, 0x00,
    0x00, 0x00, 0x00, 0x00, 0x00, 0x00, 0x00, 0x00, 0x00, 0x00, 0x00, 0x00, 0x00, 0x00, 0x00, 0x00,
    0x00, 0x00, 0x00, 0x00, 0x00, 0x00, 0x00, 0x00, 0x00, 0x00, 0x00, 0x00, 0x00, 0x00, 0x00, 0x00,
    0x00, 0x00, 0x00, 0x00, 0x09, 0x35, 0xeb, 0x3d, 0xeb, 0x3d, 0xeb, 0x3d, 0xeb, 0x3d, 0xeb, 0x3d,
    0xeb, 0x3d, 0xeb, 0x3d, 0xeb, 0x3d, 0xeb, 0x3d, 0xeb, 0x3d, 0xeb, 0x3d, 0xeb, 0x3d, 0xeb, 0x3d,
    0xeb, 0x3d, 0xeb, 0x3d, 0xeb, 0x3d, 0xeb, 0x3d, 0xeb, 0x3d, 0xeb, 0x3d, 0xeb, 0x3d, 0xeb, 0x3d,
    0xeb, 0x3d, 0xeb, 0x3d, 0xeb, 0x3d, 0xeb, 0x3d, 0xeb, 0x3d, 0xeb, 0x3d, 0xeb, 0x3d, 0xeb, 0x3d,
    0xeb, 0x3d, 0xeb, 0x3d, 0xeb, 0x3d, 0xeb, 0x3d, 0xeb, 0x3d, 0xeb, 0x3d, 0xeb, 0x3d, 0xeb, 0x3d,
    0xeb, 0x3d, 0xeb, 0x3d, 0xeb, 0x3d, 0xeb, 0x3d, 0xeb, 0x3d, 0xeb, 0x3d, 0xeb, 0x3d, 0xeb, 0x3d,
    0xeb, 0x3d, 0xeb, 0x3d, 0xeb, 0x3d, 0xeb, 0x3d, 0xeb, 0x3d, 0xeb, 0x3d, 0xeb, 0x3d, 0xeb, 0x3d,
    0xeb, 0x3d, 0xeb, 0x3d, 0xeb, 0x3d, 0xeb, 0x3d, 0xeb, 0x3d, 0xeb, 0x3d, 0xeb, 0x3d, 0xeb, 0x3d,
    0xeb, 0x3d, 0xeb, 0x3d, 0xeb, 0x3d, 0xeb, 0x3d, 0xeb, 0x3d, 0xeb, 0x3d, 0x29, 0x35, 0x20, 0x00,
    0x00, 0x00, 0x00, 0x00, 0x00, 0x00, 0x00, 0x00, 0x00, 0x00, 0x00, 0x00, 0x00, 0x00, 0x00, 0x00,
    0x00, 0x00, 0x00, 0x00, 0x00, 0x00, 0x00, 0x00, 0x00, 0x00, 0x00, 0x00, 0x00, 0x00, 0x00, 0x00,
    0x00, 0x00, 0x00, 0x00, 0x00, 0x00, 0x00, 0x00, 0x00, 0x00, 0x00, 0x00, 0x00, 0x00, 0x00, 0x00,
    0x00, 0x00, 0x00, 0x00, 0x00, 0x00, 0x00, 0x00, 0x00, 0x00, 0x00, 0x00, 0x00, 0x00, 0x00, 0x00,
    0xc5, 0x1a, 0xeb, 0x3d, 0xeb, 0x3d, 0xeb, 0x3d, 0xeb, 0x3d, 0xeb, 0x3d, 0xeb, 0x3d, 0xeb, 0x3d,
    0xeb, 0x3d, 0xeb, 0x3d, 0xeb, 0x3d, 0xeb, 0x3d, 0xeb, 0x3d, 0xeb, 0x3d, 0xeb, 0x3d, 0xeb, 0x3d,
    0xeb, 0x3d, 0xeb, 0x3d, 0xeb, 0x3d, 0xeb, 0x3d, 0xeb, 0x3d, 0xeb, 0x3d, 0xeb, 0x3d, 0xeb, 0x3d,
    0xeb, 0x3d, 0xeb, 0x3d, 0xeb, 0x3d, 0xeb, 0x3d, 0xeb, 0x3d, 0xeb, 0x3d, 0xeb, 0x3d, 0xeb, 0x3d,
    0xeb, 0x3d, 0xeb, 0x3d, 0xeb, 0x3d, 0xeb, 0x3d, 0xeb, 0x3d, 0xeb, 0x3d, 0xeb, 0x3d, 0xeb, 0x3d,
    0xeb, 0x3d, 0xeb, 0x3d, 0xeb, 0x3d, 0xeb, 0x3d, 0xeb, 0x3d, 0xeb, 0x3d, 0xeb, 0x3d, 0xeb, 0x3d,
    0xeb, 0x3d, 0xeb, 0x3d, 0xeb, 0x3d, 0xeb, 0x3d, 0xeb, 0x3d, 0xeb, 0x3d, 0xeb, 0x3d, 0xeb, 0x3d,
    0xeb, 0x3d, 0xeb, 0x3d, 0xeb, 0x3d, 0xeb, 0x3d, 0xeb, 0x3d, 0xeb, 0x3d, 0xeb, 0x3d, 0xeb, 0x3d,
    0xeb, 0x3d, 0xeb, 0x3d, 0xeb, 0x3d, 0xeb, 0x3d, 0xeb, 0x3d, 0xeb, 0x3d, 0xc3, 0x11, 0x00, 0x00,
    0x00, 0x00, 0x00, 0x00, 0x00, 0x00, 0x00, 0x00, 0x00, 0x00, 0x00, 0x00, 0x00, 0x00, 0x00, 0x00,
    0x00, 0x00, 0x00, 0x00, 0x00, 0x00, 0x00, 0x00, 0x00, 0x00, 0x00, 0x00, 0x00, 0x00, 0x00, 0x00,
    0x00, 0x00, 0x00, 0x00, 0x00, 0x00, 0x00, 0x00, 0x00, 0x00, 0x00, 0x00, 0x00, 0x00, 0x00, 0x00,
    0x00, 0x00, 0x44, 0x12, 0xeb, 0x3d, 0xeb, 0x3d, 0xeb, 0x3d, 0xeb, 0x3d, 0xeb, 0x3d, 0xeb, 0x3d,
    0xeb, 0x3d, 0xeb, 0x3d, 0xeb, 0x3d, 0xeb, 0x3d, 0xeb, 0x3d, 0xeb, 0x3d, 0xeb, 0x3d, 0xeb, 0x3d,
    0xeb, 0x3d, 0xeb, 0x3d, 0xeb, 0x3d, 0xeb, 0x3d, 0xeb, 0x3d, 0xeb, 0x3d, 0xeb, 0x3d, 0xeb, 0x3d,
    0xeb, 0x3d, 0xeb, 0x3d, 0xeb, 0x3d, 0xeb, 0x3d, 0xeb, 0x3d, 0xeb, 0x3d, 0xeb, 0x3d, 0xeb, 0x3d,
    0xeb, 0x3d, 0xeb, 0x3d, 0xeb, 0x3d, 0xeb, 0x3d, 0xeb, 0x3d, 0xeb, 0x3d, 0xeb, 0x3d, 0xeb, 0x3d,
    0xeb, 0x3d, 0xeb, 0x3d, 0xeb, 0x3d, 0xeb, 0x3d, 0xeb, 0x3d, 0xeb, 0x3d, 0xeb, 0x3d, 0xeb, 0x3d,
    0xeb, 0x3d, 0xeb, 0x3d, 0xeb, 0x3d, 0xeb, 0x3d, 0xeb, 0x3d, 0xeb, 0x3d, 0xeb, 0x3d, 0xeb, 0x3d,
    0xeb, 0x3d, 0xeb, 0x3d, 0xeb, 0x3d, 0xeb, 0x3d, 0xeb, 0x3d, 0xeb, 0x3d, 0xeb, 0x3d, 0xeb, 0x3d,
    0xeb, 0x3d, 0xeb, 0x3d, 0xeb, 0x3d, 0xeb, 0x3d, 0xeb, 0x3d, 0xeb, 0x3d, 0xeb, 0x3d, 0x84, 0x1a,
    0x00, 0x00, 0x00, 0x00, 0x00, 0x00, 0x00, 0x00, 0x00, 0x00, 0x00, 0x00, 0x00, 0x00, 0x00, 0x00,
    0x00, 0x00, 0x00, 0x00, 0x00, 0x00, 0x00, 0x00, 0x00, 0x00, 0x00, 0x00, 0x00, 0x00, 0x00, 0x00,
    0x00, 0x00, 0x00, 0x00, 0x00, 0x00, 0x00, 0x00, 0x00, 0x00, 0x00, 0x00, 0x00, 0x00, 0x00, 0x00,
    0x00, 0x00, 0x00, 0x00, 0x00, 0x00, 0x00, 0x00, 0x00, 0x00, 0x00, 0x00, 0x00, 0x00, 0x20, 0x00,
    0x4a, 0x3d, 0xeb, 0x3d, 0xeb, 0x3d, 0xeb, 0x3d, 0xeb, 0x3d, 0xeb, 0x3d, 0xeb, 0x3d, 0xeb, 0x3d,
    0xeb, 0x3d, 0xeb, 0x3d, 0xeb, 0x3d, 0xeb, 0x3d, 0xeb, 0x3d, 0xeb, 0x3d, 0xeb, 0x3d, 0xeb, 0x3d,
    0xeb, 0x3d, 0xeb, 0x3d, 0xeb, 0x3d, 0xeb, 0x3d, 0xeb, 0x3d, 0xeb, 0x3d, 0xeb, 0x3d, 0xeb, 0x3d,
    0xeb, 0x3d, 0xeb, 0x3d, 0xeb, 0x3d, 0xeb, 0x3d, 0xeb, 0x3d, 0xeb, 0x3d, 0xeb, 0x3d, 0xeb, 0x3d,
    0xeb, 0x3d, 0xeb, 0x3d, 0xeb, 0x3d, 0xeb, 0x3d, 0xeb, 0x3d, 0xeb, 0x3d, 0xeb, 0x3d, 0xeb, 0x3d,
    0xeb, 0x3d, 0xeb, 0x3d, 0xeb, 0x3d, 0xeb, 0x3d, 0xeb, 0x3d, 0xeb, 0x3d, 0xeb, 0x3d, 0xeb, 0x3d,
    0xeb, 0x3d, 0xeb, 0x3d, 0xeb, 0x3d, 0xeb, 0x3d, 0xeb, 0x3d, 0xeb, 0x3d, 0xeb, 0x3d, 0xeb, 0x3d,
    0xeb, 0x3d, 0xeb, 0x3d, 0xeb, 0x3d, 0xeb, 0x3d, 0xeb, 0x3d, 0xeb, 0x3d, 0xeb, 0x3d, 0xeb, 0x3d,
    0xeb, 0x3d, 0xeb, 0x3d, 0xeb, 0x3d, 0xeb, 0x3d, 0xeb, 0x3d, 0xeb, 0x3d, 0x88, 0x34, 0x00, 0x00,
    0x00, 0x00, 0x00, 0x00, 0x00, 0x00, 0x00, 0x00, 0x00, 0x00, 0x00, 0x00, 0x00, 0x00, 0x00, 0x00,
    0x00, 0x00, 0x00, 0x00, 0x00, 0x00, 0x00, 0x00, 0x00, 0x00, 0x00, 0x00, 0x00, 0x00, 0x00, 0x00,
    0x00, 0x00, 0x00, 0x00, 0x00, 0x00, 0x00, 0x00, 0x00, 0x00, 0x00, 0x00, 0x00, 0x00, 0x00, 0x00,
    0x00, 0x00, 0xc9, 0x34, 0xeb, 0x3d, 0xeb, 0x3d, 0xeb, 0x3d, 0xeb, 0x3d, 0xeb, 0x3d, 0xeb, 0x3d,
    0xeb, 0x3d, 0xeb, 0x3d, 0xeb, 0x3d, 0xeb, 0x3d, 0xeb, 0x3d, 0xeb, 0x3d, 0xeb, 0x3d, 0xeb, 0x3d,
    0xeb, 0x3d, 0xeb, 0x3d, 0xeb, 0x3d, 0xeb, 0x3d, 0xeb, 0x3d, 0xeb, 0x3d, 0xeb, 0x3d, 0xeb, 0x3d,
    0xeb, 0x3d, 0xeb, 0x3d, 0xeb, 0x3d, 0xeb, 0x3d, 0xeb, 0x3d, 0xeb, 0x3d, 0xeb, 0x3d, 0xeb, 0x3d,
    0xeb, 0x3d, 0xeb, 0x3d, 0xeb, 0x3d, 0xeb, 0x3d, 0xeb, 0x3d, 0xeb, 0x3d, 0xeb, 0x3d, 0xeb, 0x3d,
    0xeb, 0x3d, 0xeb, 0x3d, 0xeb, 0x3d, 0xeb, 0x3d, 0xeb, 0x3d, 0xeb, 0x3d, 0xeb, 0x3d, 0xeb, 0x3d,
    0xeb, 0x3d, 0xeb, 0x3d, 0xeb, 0x3d, 0xeb, 0x3d, 0xeb, 0x3d, 0xeb, 0x3d, 0xeb, 0x3d, 0xeb, 0x3d,
    0xeb, 0x3d, 0xeb, 0x3d, 0xeb, 0x3d, 0xeb, 0x3d, 0xeb, 0x3d, 0xeb, 0x3d, 0xeb, 0x3d, 0xeb, 0x3d,
    0xeb, 0x3d, 0xeb, 0x3d, 0xeb, 0x3d, 0xeb, 0x3d, 0xeb, 0x3d, 0xeb, 0x3d, 0xeb, 0x3d, 0x29, 0x35,
    0x20, 0x00, 0x00, 0x00, 0x00, 0x00, 0x00, 0x00, 0x00, 0x00, 0x00, 0x00, 0x00, 0x00, 0x00, 0x00,
    0x00, 0x00, 0x00, 0x00, 0x00, 0x00, 0x00, 0x00, 0x00, 0x00, 0x00, 0x00, 0x00, 0x00, 0x00, 0x00,
    0x00, 0x00, 0x00, 0x00, 0x00, 0x00, 0x00, 0x00, 0x00, 0x00, 0x00, 0x00, 0x00, 0x00, 0x00, 0x00,
    0x00, 0x00, 0x00, 0x00, 0x00, 0x00, 0x00, 0x00, 0x00, 0x00, 0x00, 0x00, 0x00, 0x00, 0x24, 0x12,
    0xeb, 0x3d, 0xeb, 0x3d, 0xeb, 0x3d, 0xeb, 0x3d, 0xeb, 0x3d, 0xeb, 0x3d, 0xeb, 0x3d, 0xeb, 0x3d,
    0xeb, 0x3d, 0xeb, 0x3d, 0xeb, 0x3d, 0xeb, 0x3d, 0xeb, 0x3d, 0xeb, 0x3d, 0xeb, 0x3d, 0xeb, 0x3d,
    0xeb, 0x3d, 0xeb, 0x3d, 0xeb, 0x3d, 0xeb, 0x3d, 0xeb, 0x3d, 0xeb, 0x3d, 0xeb, 0x3d, 0xeb, 0x3d,
    0xeb, 0x3d, 0xeb, 0x3d, 0xeb, 0x3d, 0xeb, 0x3d, 0xeb, 0x3d, 0xeb, 0x3d, 0xeb, 0x3d, 0xeb, 0x3d,
    0xeb, 0x3d, 0xeb, 0x3d, 0xeb, 0x3d, 0xeb, 0x3d, 0xeb, 0x3d, 0xeb, 0x3d, 0xeb, 0x3d, 0xeb, 0x3d,
    0xeb, 0x3d, 0xeb, 0x3d, 0xeb, 0x3d, 0xeb, 0x3d, 0xeb, 0x3d, 0xeb, 0x3d, 0xeb, 0x3d, 0xeb, 0x3d,
    0xeb, 0x3d, 0xeb, 0x3d, 0xeb, 0x3d, 0xeb, 0x3d, 0xeb, 0x3d, 0xeb, 0x3d, 0xeb, 0x3d, 0xeb, 0x3d,
    0xeb, 0x3d, 0xeb, 0x3d, 0xeb, 0x3d, 0xeb, 0x3d, 0xeb, 0x3d, 0xeb, 0x3d, 0xeb, 0x3d, 0xeb, 0x3d,
    0xeb, 0x3d, 0xeb, 0x3d, 0xeb, 0x3d, 0xeb, 0x3d, 0xeb, 0x3d, 0xeb, 0x3d, 0xeb, 0x3d, 0x42, 0x09,
    0x00, 0x00, 0x00, 0x00, 0x00, 0x00, 0x00, 0x00, 0x00, 0x00, 0x00, 0x00, 0x00, 0x00, 0x00, 0x00,
    0x00, 0x00, 0x00, 0x00, 0x00, 0x00, 0x00, 0x00, 0x00, 0x00, 0x00, 0x00, 0x00, 0x00, 0x00, 0x00,
    0x00, 0x00, 0x00, 0x00, 0x00, 0x00, 0x00, 0x00, 0x00, 0x00, 0x00, 0x00, 0x00, 0x00, 0x00, 0x00,
    0x62, 0x09, 0xeb, 0x3d, 0xeb, 0x3d, 0xeb, 0x3d, 0xeb, 0x3d, 0xeb, 0x3d, 0xeb, 0x3d, 0xeb, 0x3d,
    0xeb, 0x3d, 0xeb, 0x3d, 0xeb, 0x3d, 0xeb, 0x3d, 0xeb, 0x3d, 0xeb, 0x3d, 0xeb, 0x3d, 0xeb, 0x3d,
    0xeb, 0x3d, 0xeb, 0x3d, 0xeb, 0x3d, 0xeb, 0x3d, 0xeb, 0x3d, 0xeb, 0x3d, 0xeb, 0x3d, 0xeb, 0x3d,
    0xeb, 0x3d, 0xeb, 0x3d, 0xeb, 0x3d, 0xeb, 0x3d, 0xeb, 0x3d, 0xeb, 0x3d, 0xeb, 0x3d, 0xeb, 0x3d,
    0xeb, 0x3d, 0xeb, 0x3d, 0xeb, 0x3d, 0xeb, 0x3d, 0xeb, 0x3d, 0xeb, 0x3d, 0xeb, 0x3d, 0xeb, 0x3d,
    0xeb, 0x3d, 0xeb, 0x3d, 0xeb, 0x3d, 0xeb, 0x3d, 0xeb, 0x3d, 0xeb, 0x3d, 0xeb, 0x3d, 0xeb, 0x3d,
    0xeb, 0x3d, 0xeb, 0x3d, 0xeb, 0x3d, 0xeb, 0x3d, 0xeb, 0x3d, 0xeb, 0x3d, 0xeb, 0x3d, 0xeb, 0x3d,
    0xeb, 0x3d, 0xeb, 0x3d, 0xeb, 0x3d, 0xeb, 0x3d, 0xeb, 0x3d, 0xeb, 0x3d, 0xeb, 0x3d, 0xeb, 0x3d,
    0xeb, 0x3d, 0xeb, 0x3d, 0xeb, 0x3d, 0xeb, 0x3d, 0xeb, 0x3d, 0xeb, 0x3d, 0xeb, 0x3d, 0xeb, 0x3d,
    0x03, 0x12, 0x00, 0x00, 0x00, 0x00, 0x00, 0x00, 0x00, 0x00, 0x00, 0x00, 0x00, 0x00, 0x00, 0x00,
    0x00, 0x00, 0x00, 0x00, 0x00, 0x00, 0x00, 0x00, 0x00, 0x00, 0x00, 0x00, 0x00, 0x00, 0x00, 0x00,
    0x00, 0x00, 0x00, 0x00, 0x00, 0x00, 0x00, 0x00, 0x00, 0x00, 0x00, 0x00, 0x00, 0x00, 0x00, 0x00,
    0x00, 0x00, 0x00, 0x00, 0x00, 0x00, 0x00, 0x00, 0x00, 0x00, 0x00, 0x00, 0x00, 0x00, 0x88, 0x34,
    0xeb, 0x3d, 0xeb, 0x3d, 0xeb, 0x3d, 0xeb, 0x3d, 0xeb, 0x3d, 0xeb, 0x3d, 0xeb, 0x3d, 0xeb, 0x3d,
    0xeb, 0x3d, 0xeb, 0x3d, 0xeb, 0x3d, 0xeb, 0x3d, 0xeb, 0x3d, 0xeb, 0x3d, 0xeb, 0x3d, 0xeb, 0x3d,
    0xeb, 0x3d, 0xeb, 0x3d, 0xeb, 0x3d, 0xeb, 0x3d, 0xeb, 0x3d, 0xeb, 0x3d, 0xeb, 0x3d, 0xeb, 0x3d,
    0xeb, 0x3d, 0xeb, 0x3d, 0xeb, 0x3d, 0xeb, 0x3d, 0xeb, 0x3d, 0xeb, 0x3d, 0xeb, 0x3d, 0xeb, 0x3d,
    0xeb, 0x3d, 0xeb, 0x3d, 0xeb, 0x3d, 0xeb, 0x3d, 0xeb, 0x3d, 0xeb, 0x3d, 0xeb, 0x3d, 0xeb, 0x3d,
    0xeb, 0x3d, 0xeb, 0x3d, 0xeb, 0x3d, 0xeb, 0x3d, 0xeb, 0x3d, 0xeb, 0x3d, 0xeb, 0x3d, 0xeb, 0x3d,
    0xeb, 0x3d, 0xeb, 0x3d, 0xeb, 0x3d, 0xeb, 0x3d, 0xeb, 0x3d, 0xeb, 0x3d, 0xeb, 0x3d, 0xeb, 0x3d,
    0xeb, 0x3d, 0xeb, 0x3d, 0xeb, 0x3d, 0xeb, 0x3d, 0xeb, 0x3d, 0xeb, 0x3d, 0xeb, 0x3d, 0xeb, 0x3d,
    0xeb, 0x3d, 0xeb, 0x3d, 0xeb, 0x3d, 0xeb, 0x3d, 0xeb, 0x3d, 0xeb, 0x3d, 0xeb, 0x3d, 0x86, 0x23,
    0x00, 0x00, 0x00, 0x00, 0x00, 0x00, 0x00, 0x00, 0x00, 0x00, 0x00, 0x00, 0x00, 0x00, 0x00, 0x00,
    0x00, 0x00, 0x00, 0x00, 0x00, 0x00, 0x00, 0x00, 0x00, 0x00, 0x00, 0x00, 0x00, 0x00, 0x00, 0x00,
    0x00, 0x00, 0x00, 0x00, 0x00, 0x00, 0x00, 0x00, 0x00, 0x00, 0x00, 0x00, 0x00, 0x00, 0x00, 0x00,
    0xa7, 0x23, 0xeb, 0x3d, 0xeb, 0x3d, 0xeb, 0x3d, 0xeb, 0x3d, 0xeb, 0x3d, 0xeb, 0x3d, 0xeb, 0x3d,
    0xeb, 0x3d, 0xeb, 0x3d, 0xeb, 0x3d, 0xeb, 0x3d, 0xeb, 0x3d, 0xeb, 0x3d, 0xeb, 0x3d, 0xeb, 0x3d,
    0xeb, 0x3d, 0xeb, 0x3d, 0xeb, 0x3d, 0xeb, 0x3d, 0xeb, 0x3d, 0xeb, 0x3d, 0xeb, 0x3d, 0xeb, 0x3d,
    0xeb, 0x3d, 0xeb, 0x3d, 0xeb, 0x3d, 0xeb, 0x3d, 0xeb, 0x3d, 0xeb, 0x3d, 0xeb, 0x3d, 0xeb, 0x3d,
    0xeb, 0x3d, 0xeb, 0x3d, 0xeb, 0x3d, 0xeb, 0x3d, 0xeb, 0x3d, 0xeb, 0x3d, 0xeb, 0x3d, 0xeb, 0x3d,
    0xeb, 0x3d, 0xeb, 0x3d, 0xeb, 0x3d, 0xeb, 0x3d, 0xeb, 0x3d, 0xeb, 0x3d, 0xeb, 0x3d, 0xeb, 0x3d,
    0xeb, 0x3d, 0xeb, 0x3d, 0xeb, 0x3d, 0xeb, 0x3d, 0xeb, 0x3d, 0xeb, 0x3d, 0xeb, 0x3d, 0xeb, 0x3d,
    0xeb, 0x3d, 0xeb, 0x3d, 0xeb, 0x3d, 0xeb, 0x3d, 0xeb, 0x3d, 0xeb, 0x3d, 0xeb, 0x3d, 0xeb, 0x3d,
    0xeb, 0x3d, 0xeb, 0x3d, 0xeb, 0x3d, 0xeb, 0x3d, 0xeb, 0x3d, 0xeb, 0x3d, 0xeb, 0x3d, 0xeb, 0x3d,
    0x48, 0x2c, 0x00, 0x00, 0x00, 0x00, 0x00, 0x00, 0x00, 0x00, 0x00, 0x00, 0x00, 0x00, 0x00, 0x00,
    0x00, 0x00, 0x00, 0x00, 0x00, 0x00, 0x00, 0x00, 0x00, 0x00, 0x00, 0x00, 0x00, 0x00, 0x00, 0x00,
    0x00, 0x00, 0x00, 0x00, 0x00, 0x00, 0x00, 0x00, 0x00, 0x00, 0x00, 0x00, 0x00, 0x00, 0x00, 0x00,
    0x00, 0x00, 0x00, 0x00, 0x00, 0x00, 0x00, 0x00, 0x00, 0x00, 0x00, 0x00, 0xe1, 0x08, 0xeb, 0x3d,
    0xeb, 0x3d, 0xeb, 0x3d, 0xeb, 0x3d, 0xeb, 0x3d, 0xeb, 0x3d, 0xeb, 0x3d, 0xeb, 0x3d, 0xeb, 0x3d,
    0xeb, 0x3d, 0xeb, 0x3d, 0xeb, 0x3d, 0xeb, 0x3d, 0xeb, 0x3d, 0xeb, 0x3d, 0xeb, 0x3d, 0xeb, 0x3d,
    0xeb, 0x3d, 0xeb, 0x3d, 0xeb, 0x3d, 0xeb, 0x3d, 0xeb, 0x3d, 0xeb, 0x3d, 0xeb, 0x3d, 0xeb, 0x3d,
    0xeb, 0x3d, 0xeb, 0x3d, 0xeb, 0x3d, 0xeb, 0x3d, 0xeb, 0x3d, 0xeb, 0x3d, 0xeb, 0x3d, 0xeb, 0x3d,
    0xeb, 0x3d, 0xeb, 0x3d, 0xeb, 0x3d, 0xeb, 0x3d, 0xeb, 0x3d, 0xeb, 0x3d, 0xeb, 0x3d, 0xeb, 0x3d,
    0xeb, 0x3d, 0xeb, 0x3d, 0xeb, 0x3d, 0xeb, 0x3d, 0xeb, 0x3d, 0xeb, 0x3d, 0xeb, 0x3d, 0xeb, 0x3d,
    0xeb, 0x3d, 0xeb, 0x3d, 0xeb, 0x3d, 0xeb, 0x3d, 0xeb, 0x3d, 0xeb, 0x3d, 0xeb, 0x3d, 0xeb, 0x3d,
    0xeb, 0x3d, 0xeb, 0x3d, 0xeb, 0x3d, 0xeb, 0x3d, 0xeb, 0x3d, 0xeb, 0x3d, 0xeb, 0x3d, 0xeb, 0x3d,
    0xeb, 0x3d, 0xeb, 0x3d, 0xeb, 0x3d, 0xeb, 0x3d, 0xeb, 0x3d, 0xeb, 0x3d, 0xeb, 0x3d, 0x8a, 0x3d,
    0x20, 0x00, 0x00, 0x00, 0x00, 0x00, 0x00, 0x00, 0x00, 0x00, 0x00, 0x00, 0x00, 0x00, 0x00, 0x00,
    0x00, 0x00, 0x00, 0x00, 0x00, 0x00, 0x00, 0x00, 0x00, 0x00, 0x00, 0x00, 0x00, 0x00, 0x00, 0x00,
    0x00, 0x00, 0x00, 0x00, 0x00, 0x00, 0x00, 0x00, 0x00, 0x00, 0x00, 0x00, 0x00, 0x00, 0x40, 0x00,
    0xaa, 0x3d, 0xeb, 0x3d, 0xeb, 0x3d, 0xeb, 0x3d, 0xeb, 0x3d, 0xeb, 0x3d, 0xeb, 0x3d, 0xeb, 0x3d,
    0xeb, 0x3d, 0xeb, 0x3d, 0xeb, 0x3d, 0xeb, 0x3d, 0xeb, 0x3d, 0xeb, 0x3d, 0xeb, 0x3d, 0xeb, 0x3d,
    0xeb, 0x3d, 0xeb, 0x3d, 0xeb, 0x3d, 0xeb, 0x3d, 0xeb, 0x3d, 0xeb, 0x3d, 0xeb, 0x3d, 0xeb, 0x3d,
    0xeb, 0x3d, 0xeb, 0x3d, 0xeb, 0x3d, 0xeb, 0x3d, 0xeb, 0x3d, 0xeb, 0x3d, 0xeb, 0x3d, 0xeb, 0x3d,
    0xeb, 0x3d, 0xeb, 0x3d, 0xeb, 0x3d, 0xeb, 0x3d, 0xeb, 0x3d, 0xeb, 0x3d, 0xeb, 0x3d, 0xeb, 0x3d,
    0xeb, 0x3d, 0xeb, 0x3d, 0xeb, 0x3d, 0xeb, 0x3d, 0xeb, 0x3d, 0xeb, 0x3d, 0xeb, 0x3d, 0xeb, 0x3d,
    0xeb, 0x3d, 0xeb, 0x3d, 0xeb, 0x3d, 0xeb, 0x3d, 0xeb, 0x3d, 0xeb, 0x3d, 0xeb, 0x3d, 0xeb, 0x3d,
    0xeb, 0x3d, 0xeb, 0x3d, 0xeb, 0x3d, 0xeb, 0x3d, 0xeb, 0x3d, 0xeb, 0x3d, 0xeb, 0x3d, 0xeb, 0x3d,
    0xeb, 0x3d, 0xeb, 0x3d, 0xeb, 0x3d, 0xeb, 0x3d, 0xeb, 0x3d, 0xeb, 0x3d, 0xeb, 0x3d, 0xeb, 0x3d,
    0xcb, 0x3d, 0xa1, 0x00, 0x00, 0x00, 0x00, 0x00, 0x00, 0x00, 0x00, 0x00, 0x00, 0x00, 0x00, 0x00,
    0x00, 0x00, 0x00, 0x00, 0x00, 0x00, 0x00, 0x00, 0x00, 0x00, 0x00, 0x00, 0x00, 0x00, 0x00, 0x00,
    0x00, 0x00, 0x00, 0x00, 0x00, 0x00, 0x00, 0x00, 0x00, 0x00, 0x00, 0x00, 0x00, 0x00, 0x00, 0x00,
    0x00, 0x00, 0x00, 0x00, 0x00, 0x00, 0x00, 0x00, 0x00, 0x00, 0x00, 0x00, 0xe5, 0x1a, 0xeb, 0x3d,
    0xeb, 0x3d, 0xeb, 0x3d, 0xeb, 0x3d, 0xeb, 0x3d, 0xeb, 0x3d, 0xeb, 0x3d, 0xeb, 0x3d, 0xeb, 0x3d,
    0xeb, 0x3d, 0xeb, 0x3d, 0xeb, 0x3d, 0xeb, 0x3d, 0xeb, 0x3d, 0xeb, 0x3d, 0xeb, 0x3d, 0xeb, 0x3d,
    0xeb, 0x3d, 0xeb, 0x3d, 0xeb, 0x3d, 0xeb, 0x3d, 0xeb, 0x3d, 0xeb, 0x3d, 0xeb, 0x3d, 0xeb, 0x3d,
    0xeb, 0x3d, 0xeb, 0x3d, 0xeb, 0x3d, 0xeb, 0x3d, 0xeb, 0x3d, 0xeb, 0x3d, 0xeb, 0x3d, 0xeb, 0x3d,
    0xeb, 0x3d, 0xeb, 0x3d, 0xeb, 0x3d, 0xeb, 0x3d, 0xeb, 0x3d, 0xeb, 0x3d, 0xeb, 0x3d, 0xeb, 0x3d,
    0xeb, 0x3d, 0xeb, 0x3d, 0xeb, 0x3d, 0xeb, 0x3d, 0xeb, 0x3d, 0xeb, 0x3d, 0xeb, 0x3d, 0xeb, 0x3d,
    0xeb, 0x3d, 0xeb, 0x3d, 0xeb, 0x3d, 0xeb, 0x3d, 0xeb, 0x3d, 0xeb, 0x3d, 0xeb, 0x3d, 0xeb, 0x3d,
    0xeb, 0x3d, 0xeb, 0x3d, 0xeb, 0x3d, 0xeb, 0x3d, 0xeb, 0x3d, 0xeb, 0x3d, 0xeb, 0x3d, 0xeb, 0x3d,
    0xeb, 0x3d, 0xeb, 0x3d, 0xeb, 0x3d, 0xeb, 0x3d, 0xeb, 0x3d, 0xeb, 0x3d, 0xeb, 0x3d, 0xeb, 0x3d,
    0xc3, 0x11, 0x00, 0x00, 0x00, 0x00, 0x00, 0x00, 0x00, 0x00, 0x00, 0x00, 0x00, 0x00, 0x00, 0x00,
    0x00, 0x00, 0x00, 0x00, 0x00, 0x00, 0x00, 0x00, 0x00, 0x00, 0x00, 0x00, 0x00, 0x00, 0x00, 0x00,
    0x00, 0x00, 0x00, 0x00, 0x00, 0x00, 0x00, 0x00, 0x00, 0x00, 0x00, 0x00, 0x00, 0x00, 0xe3, 0x11,
    0xeb, 0x3d, 0xeb, 0x3d, 0xeb, 0x3d, 0xeb, 0x3d, 0xeb, 0x3d, 0xeb, 0x3d, 0xeb, 0x3d, 0xeb, 0x3d,
    0xeb, 0x3d, 0xeb, 0x3d, 0xeb, 0x3d, 0xeb, 0x3d, 0xeb, 0x3d, 0xeb, 0x3d, 0xeb, 0x3d, 0xeb, 0x3d,
    0xeb, 0x3d, 0xeb, 0x3d, 0xeb, 0x3d, 0xeb, 0x3d, 0xeb, 0x3d, 0xeb, 0x3d, 0xeb, 0x3d, 0xeb, 0x3d,
    0xeb, 0x3d, 0xeb, 0x3d, 0xeb, 0x3d, 0xeb, 0x3d, 0xeb, 0x3d, 0xeb, 0x3d, 0xeb, 0x3d, 0xeb, 0x3d,
    0xeb, 0x3d, 0xeb, 0x3d, 0xeb, 0x3d, 0xeb, 0x3d, 0xeb, 0x3d, 0xeb, 0x3d, 0xeb, 0x3d, 0xeb, 0x3d,
    0xeb, 0x3d, 0xeb, 0x3d, 0xeb, 0x3d, 0xeb, 0x3d, 0xeb, 0x3d, 0xeb, 0x3d, 0xeb, 0x3d, 0xeb, 0x3d,
    0xeb, 0x3d, 0xeb, 0x3d, 0xeb, 0x3d, 0xeb, 0x3d, 0xeb, 0x3d, 0xeb, 0x3d, 0xeb, 0x3d, 0xeb, 0x3d,
    0xeb, 0x3d, 0xeb, 0x3d, 0xeb, 0x3d, 0xeb, 0x3d, 0xeb, 0x3d, 0xeb, 0x3d, 0xeb, 0x3d, 0xeb, 0x3d,
    0xeb, 0x3d, 0xeb, 0x3d, 0xeb, 0x3d, 0xeb, 0x3d, 0xeb, 0x3d, 0xeb, 0x3d, 0xeb, 0x3d, 0xeb, 0x3d,
    0xeb, 0x3d, 0x84, 0x1a, 0x00, 0x00, 0x00, 0x00, 0x00, 0x00, 0x00, 0x00, 0x00, 0x00, 0x00, 0x00,
    0x00, 0x00, 0x00, 0x00, 0x00, 0x00, 0x00, 0x00, 0x00, 0x00, 0x00, 0x00, 0x00, 0x00, 0x00, 0x00,
    0x00, 0x00, 0x00, 0x00, 0x00, 0x00, 0x00, 0x00, 0x00, 0x00, 0x00, 0x00, 0x00, 0x00, 0x00, 0x00,
    0x00, 0x00, 0x00, 0x00, 0x00, 0x00, 0x00, 0x00, 0x00, 0x00, 0x00, 0x00, 0xa8, 0x34, 0xeb, 0x3d,
    0xeb, 0x3d, 0xeb, 0x3d, 0xeb, 0x3d, 0xeb, 0x3d, 0xeb, 0x3d, 0xeb, 0x3d, 0xeb, 0x3d, 0xeb, 0x3d,
    0xeb, 0x3d, 0xeb, 0x3d, 0xeb, 0x3d, 0xeb, 0x3d, 0xeb, 0x3d, 0xeb, 0x3d, 0xeb, 0x3d, 0xeb, 0x3d,
    0xeb, 0x3d, 0xeb, 0x3d, 0xeb, 0x3d, 0xeb, 0x3d, 0xeb, 0x3d, 0xeb, 0x3d, 0xeb, 0x3d, 0xeb, 0x3d,
    0xeb, 0x3d, 0xeb, 0x3d, 0xeb, 0x3d, 0xeb, 0x3d, 0xeb, 0x3d, 0xeb, 0x3d, 0xeb, 0x3d, 0xeb, 0x3d,
    0xeb, 0x3d, 0xeb, 0x3d, 0xeb, 0x3d, 0xeb, 0x3d, 0xeb, 0x3d, 0xeb, 0x3d, 0xeb, 0x3d, 0xeb, 0x3d,
    0xeb, 0x3d, 0xeb, 0x3d, 0xeb, 0x3d, 0xeb, 0x3d, 0xeb, 0x3d, 0xeb, 0x3d, 0xeb, 0x3d, 0xeb, 0x3d,
    0xeb, 0x3d, 0xeb, 0x3d, 0xeb, 0x3d, 0xeb, 0x3d, 0xeb, 0x3d, 0xeb, 0x3d, 0xeb, 0x3d, 0xeb, 0x3d,
    0xeb, 0x3d, 0xeb, 0x3d, 0xeb, 0x3d, 0xeb, 0x3d, 0xeb, 0x3d, 0xeb, 0x3d, 0xeb, 0x3d, 0xeb, 0x3d,
    0xeb, 0x3d, 0xeb, 0x3d, 0xeb, 0x3d, 0xeb, 0x3d, 0xeb, 0x3d, 0xeb, 0x3d, 0xeb, 0x3d, 0xeb, 0x3d,
    0x86, 0x23, 0x00, 0x00, 0x00, 0x00, 0x00, 0x00, 0x00, 0x00, 0x00, 0x00, 0x00, 0x00, 0x00, 0x00,
    0x00, 0x00, 0x00, 0x00, 0x00, 0x00, 0x00, 0x00, 0x00, 0x00, 0x00, 0x00, 0x00, 0x00, 0x00, 0x00,
    0x00, 0x00, 0x00, 0x00, 0x00, 0x00, 0x00, 0x00, 0x00, 0x00, 0x00, 0x00, 0x00, 0x00, 0xe7, 0x2b,
    0xeb, 0x3d, 0xeb, 0x3d, 0xeb, 0x3d, 0xeb, 0x3d, 0xeb, 0x3d, 0xeb, 0x3d, 0xeb, 0x3d, 0xeb, 0x3d,
    0xeb, 0x3d, 0xeb, 0x3d, 0xeb, 0x3d, 0xeb, 0x3d, 0xeb, 0x3d, 0xeb, 0x3d, 0xeb, 0x3d, 0xeb, 0x3d,
    0xeb, 0x3d, 0xeb, 0x3d, 0xeb, 0x3d, 0xeb, 0x3d, 0xeb, 0x3d, 0xeb, 0x3d, 0xeb, 0x3d, 0xeb, 0x3d,
    0xeb, 0x3d, 0xeb, 0x3d, 0xeb, 0x3d, 0xeb, 0x3d, 0xeb, 0x3d, 0xeb, 0x3d, 0xeb, 0x3d, 0xeb, 0x3d,
    0xeb, 0x3d, 0xeb, 0x3d, 0xeb, 0x3d, 0xeb, 0x3d, 0xeb, 0x3d, 0xeb, 0x3d, 0xeb, 0x3d, 0xeb, 0x3d,
    0xeb, 0x3d, 0xeb, 0x3d, 0xeb, 0x3d, 0xeb, 0x3d, 0xeb, 0x3d, 0xeb, 0x3d, 0xeb, 0x3d, 0xeb, 0x3d,
    0xeb, 0x3d, 0xeb, 0x3d, 0xeb, 0x3d, 0xeb, 0x3d, 0xeb, 0x3d, 0xeb, 0x3d, 0xeb, 0x3d, 0xeb, 0x3d,
    0xeb, 0x3d, 0xeb, 0x3d, 0xeb, 0x3d, 0xeb, 0x3d, 0xeb, 0x3d, 0xeb, 0x3d, 0xeb, 0x3d, 0xeb, 0x3d,
    0xeb, 0x3d, 0xeb, 0x3d, 0xeb, 0x3d, 0xeb, 0x3d, 0xeb, 0x3d, 0xeb, 0x3d, 0xeb, 0x3d, 0xeb, 0x3d,
    0xeb, 0x3d, 0x48, 0x2c, 0x00, 0x00, 0x00, 0x00, 0x00, 0x00, 0x00, 0x00, 0x00, 0x00, 0x00, 0x00,
    0x00, 0x00, 0x00, 0x00, 0x00, 0x00, 0x00, 0x00, 0x00, 0x00, 0x00, 0x00, 0x00, 0x00, 0x00, 0x00,
    0x00, 0x00, 0x00, 0x00, 0x00, 0x00, 0x00, 0x00, 0x00, 0x00, 0x00, 0x00, 0x00, 0x00, 0x00, 0x00,
    0x00, 0x00, 0x00, 0x00, 0x00, 0x00, 0x00, 0x00, 0x00, 0x00, 0x81, 0x00, 0xca, 0x3d, 0xeb, 0x3d,
    0xeb, 0x3d, 0xeb, 0x3d, 0xeb, 0x3d, 0xeb, 0x3d, 0xeb, 0x3d, 0xeb, 0x3d, 0xeb, 0x3d, 0xeb, 0x3d,
    0xeb, 0x3d, 0xeb, 0x3d, 0xeb, 0x3d, 0xeb, 0x3d, 0xeb, 0x3d, 0xeb, 0x3d, 0xeb, 0x3d, 0xeb, 0x3d,
    0xeb, 0x3d, 0xeb, 0x3d, 0xeb, 0x3d, 0xeb, 0x3d, 0xeb, 0x3d, 0xeb, 0x3d, 0xeb, 0x3d, 0xeb, 0x3d,
    0xeb, 0x3d, 0xeb, 0x3d, 0xeb, 0x3d, 0xeb, 0x3d, 0xeb, 0x3d, 0xeb, 0x3d, 0xeb, 0x3d, 0xeb, 0x3d,
    0xeb, 0x3d, 0xeb, 0x3d, 0xeb, 0x3d, 0xeb, 0x3d, 0xeb, 0x3d, 0xeb, 0x3d, 0xeb, 0x3d, 0xeb, 0x3d,
    0xeb, 0x3d, 0xeb, 0x3d, 0xeb, 0x3d, 0xeb, 0x3d, 0xeb, 0x3d, 0xeb, 0x3d, 0xeb, 0x3d, 0xeb, 0x3d,
    0xeb, 0x3d, 0xeb, 0x3d, 0xeb, 0x3d, 0xeb, 0x3d, 0xeb, 0x3d, 0xeb, 0x3d, 0xeb, 0x3d, 0xeb, 0x3d,
    0xeb, 0x3d, 0xeb, 0x3d, 0xeb, 0x3d, 0xeb, 0x3d, 0xeb, 0x3d, 0xeb, 0x3d, 0xeb, 0x3d, 0xeb, 0x3d,
    0xeb, 0x3d, 0xeb, 0x3d, 0xeb, 0x3d, 0xeb, 0x3d, 0xeb, 0x3d, 0xeb, 0x3d, 0xeb, 0x3d, 0xeb, 0x3d,
    0x29, 0x35, 0x00, 0x00, 0x00, 0x00, 0x00, 0x00, 0x00, 0x00, 0x00, 0x00, 0x00, 0x00, 0x00, 0x00,
    0x00, 0x00, 0x00, 0x00, 0x00, 0x00, 0x00, 0x00, 0x00, 0x00, 0x00, 0x00, 0x00, 0x00, 0x00, 0x00,
    0x00, 0x00, 0x00, 0x00, 0x00, 0x00, 0x00, 0x00, 0x00, 0x00, 0x00, 0x00, 0x20, 0x00, 0x4a, 0x3d,
    0xeb, 0x3d, 0xeb, 0x3d, 0xeb, 0x3d, 0xeb, 0x3d, 0xeb, 0x3d, 0xeb, 0x3d, 0xeb, 0x3d, 0xeb, 0x3d,
    0xeb, 0x3d, 0xeb, 0x3d, 0xeb, 0x3d, 0xeb, 0x3d, 0xeb, 0x3d, 0xeb, 0x3d, 0xeb, 0x3d, 0xeb, 0x3d,
    0xeb, 0x3d, 0xeb, 0x3d, 0xeb, 0x3d, 0xeb, 0x3d, 0xeb, 0x3d, 0xeb, 0x3d, 0xeb, 0x3d, 0xeb, 0x3d,
    0xeb, 0x3d, 0xeb, 0x3d, 0xeb, 0x3d, 0xeb, 0x3d, 0xeb, 0x3d, 0xeb, 0x3d, 0xeb, 0x3d, 0xeb, 0x3d,
    0xeb, 0x3d, 0xeb, 0x3d, 0xeb, 0x3d, 0xeb, 0x3d, 0xeb, 0x3d, 0xeb, 0x3d, 0xeb, 0x3d, 0xeb, 0x3d,
    0xeb, 0x3d, 0xeb, 0x3d, 0xeb, 0x3d, 0xeb, 0x3d, 0xeb, 0x3d, 0xeb, 0x3d, 0xeb, 0x3d, 0xeb, 0x3d,
    0xeb, 0x3d, 0xeb, 0x3d, 0xeb, 0x3d, 0xeb, 0x3d, 0xeb, 0x3d, 0xeb, 0x3d, 0xeb, 0x3d, 0xeb, 0x3d,
    0xeb, 0x3d, 0xeb, 0x3d, 0xeb, 0x3d, 0xeb, 0x3d, 0xeb, 0x3d, 0xeb, 0x3d, 0xeb, 0x3d, 0xeb, 0x3d,
    0xeb, 0x3d, 0xeb, 0x3d, 0xeb, 0x3d, 0xeb, 0x3d, 0xeb, 0x3d, 0xeb, 0x3d, 0xeb, 0x3d, 0xeb, 0x3d,
    0xeb, 0x3d, 0xaa, 0x3d, 0x40, 0x00, 0x00, 0x00, 0x00, 0x00, 0x00, 0x00, 0x00, 0x00, 0x00, 0x00,
    0x00, 0x00, 0x00, 0x00, 0x00, 0x00, 0x00, 0x00, 0x00, 0x00, 0x00, 0x00, 0x00, 0x00, 0x00, 0x00,
    0x00, 0x00, 0x00, 0x00, 0x00, 0x00, 0x00, 0x00, 0x00, 0x00, 0x00, 0x00, 0x00, 0x00, 0x00, 0x00,
    0x00, 0x00, 0x00, 0x00, 0x00, 0x00, 0x00, 0x00, 0x00, 0x00, 0xe3, 0x11, 0xeb, 0x3d, 0xeb, 0x3d,
    0xeb, 0x3d, 0xeb, 0x3d, 0xeb, 0x3d, 0xeb, 0x3d, 0xeb, 0x3d, 0xeb, 0x3d, 0xeb, 0x3d, 0xeb, 0x3d,
    0xeb, 0x3d, 0xeb, 0x3d, 0xeb, 0x3d, 0xeb, 0x3d, 0xeb, 0x3d, 0xeb, 0x3d, 0xeb, 0x3d, 0xeb, 0x3d,
    0xeb, 0x3d, 0xeb, 0x3d, 0xeb, 0x3d, 0xeb, 0x3d, 0xeb, 0x3d, 0xeb, 0x3d, 0xeb, 0x3d, 0xeb, 0x3d,
    0xeb, 0x3d, 0xeb, 0x3d, 0xeb, 0x3d, 0xeb, 0x3d, 0xeb, 0x3d, 0xeb, 0x3d, 0xeb, 0x3d, 0xeb, 0x3d,
    0xeb, 0x3d, 0xeb, 0x3d, 0xeb, 0x3d, 0xeb, 0x3d, 0xeb, 0x3d, 0xeb, 0x3d, 0xeb, 0x3d, 0xeb, 0x3d,
    0xeb, 0x3d, 0xeb, 0x3d, 0xeb, 0x3d, 0xeb, 0x3d, 0xeb, 0x3d, 0xeb, 0x3d, 0xeb, 0x3d, 0xeb, 0x3d,
    0xeb, 0x3d, 0xeb, 0x3d, 0xeb, 0x3d, 0xeb, 0x3d, 0xeb, 0x3d, 0xeb, 0x3d, 0xeb, 0x3d, 0xeb, 0x3d,
    0xeb, 0x3d, 0xeb, 0x3d, 0xeb, 0x3d, 0xeb, 0x3d, 0xeb, 0x3d, 0xeb, 0x3d, 0xeb, 0x3d, 0xeb, 0x3d,
    0xeb, 0x3d, 0xeb, 0x3d, 0xeb, 0x3d, 0xeb, 0x3d, 0xeb, 0x3d, 0xeb, 0x3d, 0xeb, 0x3d, 0xeb, 0x3d,
    0xeb, 0x3d, 0xc1, 0x08, 0x00, 0x00, 0x00, 0x00, 0x00, 0x00, 0x00, 0x00, 0x00, 0x00, 0x00, 0x00,
    0x00, 0x00, 0x00, 0x00, 0x00, 0x00, 0x00, 0x00, 0x00, 0x00, 0x00, 0x00, 0x00, 0x00, 0x00, 0x00,
    0x00, 0x00, 0x00, 0x00, 0x00, 0x00, 0x00, 0x00, 0x00, 0x00, 0x00, 0x00, 0x02, 0x09, 0xeb, 0x3d,
    0xeb, 0x3d, 0xeb, 0x3d, 0xeb, 0x3d, 0xeb, 0x3d, 0xeb, 0x3d, 0xeb, 0x3d, 0xeb, 0x3d, 0xeb, 0x3d,
    0xeb, 0x3d, 0xeb, 0x3d, 0xeb, 0x3d, 0xeb, 0x3d, 0xeb, 0x3d, 0xeb, 0x3d, 0xeb, 0x3d, 0xeb, 0x3d,
    0xeb, 0x3d, 0xeb, 0x3d, 0xeb, 0x3d, 0xeb, 0x3d, 0xeb, 0x3d, 0xeb, 0x3d, 0xeb, 0x3d, 0xeb, 0x3d,
    0xeb, 0x3d, 0xeb, 0x3d, 0xeb, 0x3d, 0xeb, 0x3d, 0xeb, 0x3d, 0xeb, 0x3d, 0xeb, 0x3d, 0xeb, 0x3d,
    0xeb, 0x3d, 0xeb, 0x3d, 0xeb, 0x3d, 0xeb, 0x3d, 0xeb, 0x3d, 0xeb, 0x3d, 0xeb, 0x3d, 0xeb, 0x3d,
    0xeb, 0x3d, 0xeb, 0x3d, 0xeb, 0x3d, 0xeb, 0x3d, 0xeb, 0x3d, 0xeb, 0x3d, 0xeb, 0x3d, 0xeb, 0x3d,
    0xeb, 0x3d, 0xeb, 0x3d, 0xeb, 0x3d, 0xeb, 0x3d, 0xeb, 0x3d, 0xeb, 0x3d, 0xeb, 0x3d, 0xeb, 0x3d,
    0xeb, 0x3d, 0xeb, 0x3d, 0xeb, 0x3d, 0xeb, 0x3d, 0xeb, 0x3d, 0xeb, 0x3d, 0xeb, 0x3d, 0xeb, 0x3d,
    0xeb, 0x3d, 0xeb, 0x3d, 0xeb, 0x3d, 0xeb, 0x3d, 0xeb, 0x3d, 0xeb, 0x3d, 0xeb, 0x3d, 0xeb, 0x3d,
    0xeb, 0x3d, 0xeb, 0x3d, 0x82, 0x11, 0x00, 0x00, 0x00, 0x00, 0x00, 0x00, 0x00, 0x00, 0x00, 0x00,
    0x00, 0x00, 0x00, 0x00, 0x00, 0x00, 0x00, 0x00, 0x00, 0x00, 0x00, 0x00, 0x00, 0x00, 0x00, 0x00,
    0x00, 0x00, 0x00, 0x00, 0x00, 0x00, 0x00, 0x00, 0x00, 0x00, 0x00, 0x00, 0x00, 0x00, 0x00, 0x00,
    0x00, 0x00, 0x00, 0x00, 0x00, 0x00, 0x00, 0x00, 0x00, 0x00, 0x26, 0x23, 0xeb, 0x3d, 0xeb, 0x3d,
    0xeb, 0x3d, 0xeb, 0x3d, 0xeb, 0x3d, 0xeb, 0x3d, 0xeb, 0x3d, 0xeb, 0x3d, 0xeb, 0x3d, 0xeb, 0x3d,
    0xeb, 0x3d, 0xeb, 0x3d, 0xeb, 0x3d, 0xeb, 0x3d, 0xeb, 0x3d, 0xeb, 0x3d, 0xeb, 0x3d, 0xeb, 0x3d,
    0xeb, 0x3d, 0xeb, 0x3d, 0xeb, 0x3d, 0xeb, 0x3d, 0xeb, 0x3d, 0xeb, 0x3d, 0xeb, 0x3d, 0xeb, 0x3d,
    0xeb, 0x3d, 0xeb, 0x3d, 0xeb, 0x3d, 0xeb, 0x3d, 0xeb, 0x3d, 0xeb, 0x3d, 0xeb, 0x3d, 0xeb, 0x3d,
    0xeb, 0x3d, 0xeb, 0x3d, 0xeb, 0x3d, 0xeb, 0x3d, 0xeb, 0x3d, 0xeb, 0x3d, 0xeb, 0x3d, 0xeb, 0x3d,
    0xeb, 0x3d, 0xeb, 0x3d, 0xeb, 0x3d, 0xeb, 0x3d, 0xeb, 0x3d, 0xeb, 0x3d, 0xeb, 0x3d, 0xeb, 0x3d,
    0xeb, 0x3d, 0xeb, 0x3d, 0xeb, 0x3d, 0xeb, 0x3d, 0xeb, 0x3d, 0xeb, 0x3d, 0xeb, 0x3d, 0xeb, 0x3d,
    0xeb, 0x3d, 0xeb, 0x3d, 0xeb, 0x3d, 0xeb, 0x3d, 0xeb, 0x3d, 0xeb, 0x3d, 0xeb, 0x3d, 0xeb, 0x3d,
    0xeb, 0x3d, 0xeb, 0x3d, 0xeb, 0x3d, 0xeb, 0x3d, 0xeb, 0x3d, 0xeb, 0x3d, 0xeb, 0x3d, 0xeb, 0x3d,
    0xeb, 0x3d, 0x03, 0x12, 0x00, 0x00, 0x00, 0x00, 0x00, 0x00, 0x00, 0x00, 0x00, 0x00, 0x00, 0x00,
    0x00, 0x00, 0x00, 0x00, 0x00, 0x00, 0x00, 0x00, 0x00, 0x00, 0x00, 0x00, 0x00, 0x00, 0x00, 0x00,
    0x00, 0x00, 0x00, 0x00, 0x00, 0x00, 0x00, 0x00, 0x00, 0x00, 0x00, 0x00, 0x44, 0x1a, 0xeb, 0x3d,
    0xeb, 0x3d, 0xeb, 0x3d, 0xeb, 0x3d, 0xeb, 0x3d, 0xeb, 0x3d, 0xeb, 0x3d, 0xeb, 0x3d, 0xeb, 0x3d,
    0xeb, 0x3d, 0xeb, 0x3d, 0xeb, 0x3d, 0xeb, 0x3d, 0xeb, 0x3d, 0xeb, 0x3d, 0xeb, 0x3d, 0xeb, 0x3d,
    0xeb, 0x3d, 0xeb, 0x3d, 0xeb, 0x3d, 0xeb, 0x3d, 0xeb, 0x3d, 0xeb, 0x3d, 0xeb, 0x3d, 0xeb, 0x3d,
    0xeb, 0x3d, 0xeb, 0x3d, 0xeb, 0x3d, 0xeb, 0x3d, 0xeb, 0x3d, 0xeb, 0x3d, 0xeb, 0x3d, 0xeb, 0x3d,
    0xeb, 0x3d, 0xeb, 0x3d, 0xeb, 0x3d, 0xeb, 0x3d, 0xeb, 0x3d, 0xeb, 0x3d, 0xeb, 0x3d, 0xeb, 0x3d,
    0xeb, 0x3d, 0xeb, 0x3d, 0xeb, 0x3d, 0xeb, 0x3d, 0xeb, 0x3d, 0xeb, 0x3d, 0xeb, 0x3d, 0xeb, 0x3d,
    0xeb, 0x3d, 0xeb, 0x3d, 0xeb, 0x3d, 0xeb, 0x3d, 0xeb, 0x3d, 0xeb, 0x3d, 0xeb, 0x3d, 0xeb, 0x3d,
    0xeb, 0x3d, 0xeb, 0x3d, 0xeb, 0x3d, 0xeb, 0x3d, 0xeb, 0x3d, 0xeb, 0x3d, 0xeb, 0x3d, 0xeb, 0x3d,
    0xeb, 0x3d, 0xeb, 0x3d, 0xeb, 0x3d, 0xeb, 0x3d, 0xeb, 0x3d, 0xeb, 0x3d, 0xeb, 0x3d, 0xeb, 0x3d,
    0xeb, 0x3d, 0xeb, 0x3d, 0xe5, 0x1a, 0x00, 0x00, 0x00, 0x00, 0x00, 0x00, 0x00, 0x00, 0x00, 0x00,
    0x00, 0x00, 0x00, 0x00, 0x00, 0x00, 0x00, 0x00, 0x00, 0x00, 0x00, 0x00, 0x00, 0x00, 0x00, 0x00,
    0x00, 0x00, 0x00, 0x00, 0x00, 0x00, 0x00, 0x00, 0x00, 0x00, 0x00, 0x00, 0x00, 0x00, 0x00, 0x00,
    0x00, 0x00, 0x00, 0x00, 0x00, 0x00, 0x00, 0x00, 0x00, 0x00, 0x68, 0x2c, 0xeb, 0x3d, 0xeb, 0x3d,
    0xeb, 0x3d, 0xeb, 0x3d, 0xeb, 0x3d, 0xeb, 0x3d, 0xeb, 0x3d, 0xeb, 0x3d, 0xeb, 0x3d, 0xeb, 0x3d,
    0xeb, 0x3d, 0xeb, 0x3d, 0xeb, 0x3d, 0xeb, 0x3d, 0xeb, 0x3d, 0xeb, 0x3d, 0xeb, 0x3d, 0xeb, 0x3d,
    0xeb, 0x3d, 0xeb, 0x3d, 0xeb, 0x3d, 0xeb, 0x3d, 0xeb, 0x3d, 0xeb, 0x3d, 0xeb, 0x3d, 0xeb, 0x3d,
    0xeb, 0x3d, 0xeb, 0x3d, 0xeb, 0x3d, 0xeb, 0x3d, 0xeb, 0x3d, 0xeb, 0x3d, 0xeb, 0x3d, 0xeb, 0x3d,
    0xeb, 0x3d, 0xeb, 0x3d, 0xeb, 0x3d, 0xeb, 0x3d, 0xeb, 0x3d, 0xeb, 0x3d, 0xeb, 0x3d, 0xeb, 0x3d,
    0xeb, 0x3d, 0xeb, 0x3d, 0xeb, 0x3d, 0xeb, 0x3d, 0xeb, 0x3d, 0xeb, 0x3d, 0xeb, 0x3d, 0xeb, 0x3d,
    0xeb, 0x3d, 0xeb, 0x3d, 0xeb, 0x3d, 0xeb, 0x3d, 0xeb, 0x3d, 0xeb, 0x3d, 0xeb, 0x3d, 0xeb, 0x3d,
    0xeb, 0x3d, 0xeb, 0x3d, 0xeb, 0x3d, 0xeb, 0x3d, 0xeb, 0x3d, 0xeb, 0x3d, 0xeb, 0x3d, 0xeb, 0x3d,
    0xeb, 0x3d, 0xeb, 0x3d, 0xeb, 0x3d, 0xeb, 0x3d, 0xeb, 0x3d, 0xeb, 0x3d, 0xeb, 0x3d, 0xeb, 0x3d,
    0xeb, 0x3d, 0x26, 0x23, 0x00, 0x00, 0x00, 0x00, 0x00, 0x00, 0x00, 0x00, 0x00, 0x00, 0x00, 0x00,
    0x00, 0x00, 0x00, 0x00, 0x00, 0x00, 0x00, 0x00, 0x00, 0x00, 0x00, 0x00, 0x00, 0x00, 0x00, 0x00,
    0x00, 0x00, 0x00, 0x00, 0x00, 0x00, 0x00, 0x00, 0x00, 0x00, 0x00, 0x00, 0x86, 0x23, 0xeb, 0x3d,
    0xeb, 0x3d, 0xeb, 0x3d, 0xeb, 0x3d, 0xeb, 0x3d, 0xeb, 0x3d, 0xeb, 0x3d, 0xeb, 0x3d, 0xeb, 0x3d,
    0xeb, 0x3d, 0xeb, 0x3d, 0xeb, 0x3d, 0xeb, 0x3d, 0xeb, 0x3d, 0xeb, 0x3d, 0xeb, 0x3d, 0xeb, 0x3d,
    0xeb, 0x3d, 0xeb, 0x3d, 0xeb, 0x3d, 0xeb, 0x3d, 0xeb, 0x3d, 0xeb, 0x3d, 0xeb, 0x3d, 0xeb, 0x3d,
    0xeb, 0x3d, 0xeb, 0x3d, 0xeb, 0x3d, 0xeb, 0x3d, 0xeb, 0x3d, 0xeb, 0x3d, 0xeb, 0x3d, 0xeb, 0x3d,
    0xeb, 0x3d, 0xeb, 0x3d, 0xeb, 0x3d, 0xeb, 0x3d, 0xeb, 0x3d, 0xeb, 0x3d, 0xeb, 0x3d, 0xeb, 0x3d,
    0xeb, 0x3d, 0xeb, 0x3d, 0xeb, 0x3d, 0xeb, 0x3d, 0xeb, 0x3d, 0xeb, 0x3d, 0xeb, 0x3d, 0xeb, 0x3d,
    0xeb, 0x3d, 0xeb, 0x3d, 0xeb, 0x3d, 0xeb, 0x3d, 0xeb, 0x3d, 0xeb, 0x3d, 0xeb, 0x3d, 0xeb, 0x3d,
    0xeb, 0x3d, 0xeb, 0x3d, 0xeb, 0x3d, 0xeb, 0x3d, 0xeb, 0x3d, 0xeb, 0x3d, 0xeb, 0x3d, 0xeb, 0x3d,
    0xeb, 0x3d, 0xeb, 0x3d, 0xeb, 0x3d, 0xeb, 0x3d, 0xeb, 0x3d, 0xeb, 0x3d, 0xeb, 0x3d, 0xeb, 0x3d,
    0xeb, 0x3d, 0xeb, 0x3d, 0xe7, 0x2b, 0x00, 0x00, 0x00, 0x00, 0x00, 0x00, 0x00, 0x00, 0x00, 0x00,
    0x00, 0x00, 0x00, 0x00, 0x00, 0x00, 0x00, 0x00, 0x00, 0x00, 0x00, 0x00, 0x00, 0x00, 0x00, 0x00,
    0x00, 0x00, 0x00, 0x00, 0x00, 0x00, 0x00, 0x00, 0x00, 0x00, 0x00, 0x00, 0x00, 0x00, 0x00, 0x00,
    0x00, 0x00, 0x00, 0x00, 0x00, 0x00, 0x00, 0x00, 0x20, 0x00, 0x4a, 0x3d, 0xeb, 0x3d, 0xeb, 0x3d,
    0xeb, 0x3d, 0xeb, 0x3d, 0xeb, 0x3d, 0xeb, 0x3d, 0xeb, 0x3d, 0xeb, 0x3d, 0xeb, 0x3d, 0xeb, 0x3d,
    0xeb, 0x3d, 0xeb, 0x3d, 0xeb, 0x3d, 0xeb, 0x3d, 0xeb, 0x3d, 0xeb, 0x3d, 0xeb, 0x3d, 0xeb, 0x3d,
    0xeb, 0x3d, 0xeb, 0x3d, 0xeb, 0x3d, 0xeb, 0x3d, 0xeb, 0x3d, 0xeb, 0x3d, 0xeb, 0x3d, 0xeb, 0x3d,
    0xeb, 0x3d, 0xeb, 0x3d, 0xeb, 0x3d, 0xeb, 0x3d, 0xeb, 0x3d, 0xeb, 0x3d, 0xeb, 0x3d, 0xeb, 0x3d,
    0xeb, 0x3d, 0xeb, 0x3d, 0xeb, 0x3d, 0xeb, 0x3d, 0xeb, 0x3d, 0xeb, 0x3d, 0xeb, 0x3d, 0xeb, 0x3d,
    0xeb, 0x3d, 0xeb, 0x3d, 0xeb, 0x3d, 0xeb, 0x3d, 0xeb, 0x3d, 0xeb, 0x3d, 0xeb, 0x3d, 0xeb, 0x3d,
    0xeb, 0x3d, 0xeb, 0x3d, 0xeb, 0x3d, 0xeb, 0x3d, 0xeb, 0x3d, 0xeb, 0x3d, 0xeb, 0x3d, 0xeb, 0x3d,
    0xeb, 0x3d, 0xeb, 0x3d, 0xeb, 0x3d, 0xeb, 0x3d, 0xeb, 0x3d, 0xeb, 0x3d, 0xeb, 0x3d, 0xeb, 0x3d,
    0xeb, 0x3d, 0xeb, 0x3d, 0xeb, 0x3d, 0xeb, 0x3d, 0xeb, 0x3d, 0xeb, 0x3d, 0xeb, 0x3d, 0xeb, 0x3d,
    0xeb, 0x3d, 0x27, 0x2c, 0x00, 0x00, 0x00, 0x00, 0x00, 0x00, 0x00, 0x00, 0x00, 0x00, 0x00, 0x00,
    0x00, 0x00, 0x00, 0x00, 0x00, 0x00, 0x00, 0x00, 0x00, 0x00, 0x00, 0x00, 0x00, 0x00, 0x00, 0x00,
    0x00, 0x00, 0x00, 0x00, 0x00, 0x00, 0x00, 0x00, 0x00, 0x00, 0x00, 0x00, 0x88, 0x2c, 0xeb, 0x3d,
    0xeb, 0x3d, 0xeb, 0x3d, 0xeb, 0x3d, 0xeb, 0x3d, 0xeb, 0x3d, 0xeb, 0x3d, 0xeb, 0x3d, 0xeb, 0x3d,
    0xeb, 0x3d, 0xeb, 0x3d, 0xeb, 0x3d, 0xeb, 0x3d, 0xeb, 0x3d, 0xeb, 0x3d, 0xeb, 0x3d, 0xeb, 0x3d,
    0xeb, 0x3d, 0xeb, 0x3d, 0xeb, 0x3d, 0xeb, 0x3d, 0xeb, 0x3d, 0xeb, 0x3d, 0xeb, 0x3d, 0xeb, 0x3d,
    0xeb, 0x3d, 0xeb, 0x3d, 0xeb, 0x3d, 0xeb, 0x3d, 0xeb, 0x3d, 0xeb, 0x3d, 0xeb, 0x3d, 0xeb, 0x3d,
    0xeb, 0x3d, 0xeb, 0x3d, 0xeb, 0x3d, 0xeb, 0x3d, 0xeb, 0x3d, 0xeb, 0x3d, 0xeb, 0x3d, 0xeb, 0x3d,
    0xeb, 0x3d, 0xeb, 0x3d, 0xeb, 0x3d, 0xeb, 0x3d, 0xeb, 0x3d, 0xeb, 0x3d, 0xeb, 0x3d, 0xeb, 0x3d,
    0xeb, 0x3d, 0xeb, 0x3d, 0xeb, 0x3d, 0xeb, 0x3d, 0xeb, 0x3d, 0xeb, 0x3d, 0xeb, 0x3d, 0xeb, 0x3d,
    0xeb, 0x3d, 0xeb, 0x3d, 0xeb, 0x3d, 0xeb, 0x3d, 0xeb, 0x3d, 0xeb, 0x3d, 0xeb, 0x3d, 0xeb, 0x3d,
    0xeb, 0x3d, 0xeb, 0x3d, 0xeb, 0x3d, 0xeb, 0x3d, 0xeb, 0x3d, 0xeb, 0x3d, 0xeb, 0x3d, 0xeb, 0x3d,
    0xeb, 0x3d, 0xeb, 0x3d, 0xe9, 0x34, 0x00, 0x00, 0x00, 0x00, 0x00, 0x00, 0x00, 0x00, 0x00, 0x00,
    0x00, 0x00, 0x00, 0x00, 0x00, 0x00, 0x00, 0x00, 0x00, 0x00, 0x00, 0x00, 0x00, 0x00, 0x00, 0x00,
    0x00, 0x00, 0x00, 0x00, 0x00, 0x00, 0x00, 0x00, 0x00, 0x00, 0x00, 0x00, 0x00, 0x00, 0x00, 0x00,
    0x00, 0x00, 0x00, 0x00, 0x00, 0x00, 0x00, 0x00, 0xa1, 0x00, 0xcb, 0x3d, 0xeb, 0x3d, 0xeb, 0x3d,
    0xeb, 0x3d, 0xeb, 0x3d, 0xeb, 0x3d, 0xeb, 0x3d, 0xeb, 0x3d, 0xeb, 0x3d, 0xeb, 0x3d, 0xeb, 0x3d,
    0xeb, 0x3d, 0xeb, 0x3d, 0xeb, 0x3d, 0xeb, 0x3d, 0xeb, 0x3d, 0xeb, 0x3d, 0xeb, 0x3d, 0xeb, 0x3d,
    0xeb, 0x3d, 0xeb, 0x3d, 0xeb, 0x3d, 0xeb, 0x3d, 0xeb, 0x3d, 0xeb, 0x3d, 0xeb, 0x3d, 0xeb, 0x3d,
    0xeb, 0x3d, 0xeb, 0x3d, 0xeb, 0x3d, 0xeb, 0x3d, 0xeb, 0x3d, 0xeb, 0x3d, 0xeb, 0x3d, 0xeb, 0x3d,
    0xeb, 0x3d, 0xeb, 0x3d, 0xeb, 0x3d, 0xeb, 0x3d, 0xeb, 0x3d, 0xeb, 0x3d, 0xeb, 0x3d, 0xeb, 0x3d,
    0xeb, 0x3d, 0xeb, 0x3d, 0xeb, 0x3d, 0xeb, 0x3d, 0xeb, 0x3d, 0xeb, 0x3d, 0xeb, 0x3d, 0xeb, 0x3d,
    0xeb, 0x3d, 0xeb, 0x3d, 0xeb, 0x3d, 0xeb, 0x3d, 0xeb, 0x3d, 0xeb, 0x3d, 0xeb, 0x3d, 0xeb, 0x3d,
    0xeb, 0x3d, 0xeb, 0x3d, 0xeb, 0x3d, 0xeb, 0x3d, 0xeb, 0x3d, 0xeb, 0x3d, 0xeb, 0x3d, 0xeb, 0x3d,
    0xeb, 0x3d, 0xeb, 0x3d, 0xeb, 0x3d, 0xeb, 0x3d, 0xeb, 0x3d, 0xeb, 0x3d, 0xeb, 0x3d, 0xeb, 0x3d,
    0xeb, 0x3d, 0x09, 0x35, 0x00, 0x00, 0x00, 0x00, 0x00, 0x00, 0x00, 0x00, 0x00, 0x00, 0x00, 0x00,
    0x00, 0x00, 0x00, 0x00, 0x00, 0x00, 0x00, 0x00, 0x00, 0x00, 0x00, 0x00, 0x00, 0x00, 0x00, 0x00,
    0x00, 0x00, 0x00, 0x00, 0x00, 0x00, 0x00, 0x00, 0x00, 0x00, 0x00, 0x00, 0x4a, 0x3d, 0xeb, 0x3d,
    0xeb, 0x3d, 0xeb, 0x3d, 0xeb, 0x3d, 0xeb, 0x3d, 0xeb, 0x3d, 0xeb, 0x3d, 0xeb, 0x3d, 0xeb, 0x3d,
    0xeb, 0x3d, 0xeb, 0x3d, 0xeb, 0x3d, 0xeb, 0x3d, 0xeb, 0x3d, 0xeb, 0x3d, 0xeb, 0x3d, 0xeb, 0x3d,
    0xeb, 0x3d, 0xeb, 0x3d, 0xeb, 0x3d, 0xeb, 0x3d, 0xeb, 0x3d, 0xeb, 0x3d, 0xeb, 0x3d, 0xeb, 0x3d,
    0xeb, 0x3d, 0xeb, 0x3d, 0xeb, 0x3d, 0xeb, 0x3d, 0xeb, 0x3d, 0xeb, 0x3d, 0xeb, 0x3d, 0xeb, 0x3d,
    0xeb, 0x3d, 0xeb, 0x3d, 0xeb, 0x3d, 0xeb, 0x3d, 0xeb, 0x3d, 0xeb, 0x3d, 0xeb, 0x3d, 0xeb, 0x3d,
    0xeb, 0x3d, 0xeb, 0x3d, 0xeb, 0x3d, 0xeb, 0x3d, 0xeb, 0x3d, 0xeb, 0x3d, 0xeb, 0x3d, 0xeb, 0x3d,
    0xeb, 0x3d, 0xeb, 0x3d, 0xeb, 0x3d, 0xeb, 0x3d, 0xeb, 0x3d, 0xeb, 0x3d, 0xeb, 0x3d, 0xeb, 0x3d,
    0xeb, 0x3d, 0xeb, 0x3d, 0xeb, 0x3d, 0xeb, 0x3d, 0xeb, 0x3d, 0xeb, 0x3d, 0xeb, 0x3d, 0xeb, 0x3d,
    0xeb, 0x3d, 0xeb, 0x3d, 0xeb, 0x3d, 0xeb, 0x3d, 0xeb, 0x3d, 0xeb, 0x3d, 0xeb, 0x3d, 0xeb, 0x3d,
    0xeb, 0x3d, 0xeb, 0x3d, 0x8a, 0x3d, 0x60, 0x00, 0x00, 0x00, 0x00, 0x00, 0x00, 0x00, 0x00, 0x00,
    0x00, 0x00, 0x00, 0x00, 0x00, 0x00, 0x00, 0x00, 0x00, 0x00, 0x00, 0x00, 0x00, 0x00, 0x00, 0x00,
    0x00, 0x00, 0x00, 0x00, 0x00, 0x00, 0x00, 0x00, 0x00, 0x00, 0x00, 0x00, 0x00, 0x00, 0x00, 0x00,
    0x00, 0x00, 0x00, 0x00, 0x00, 0x00, 0x00, 0x00, 0xe3, 0x11, 0xeb, 0x3d, 0xeb, 0x3d, 0xeb, 0x3d,
    0xeb, 0x3d, 0xeb, 0x3d, 0xeb, 0x3d, 0xeb, 0x3d, 0xeb, 0x3d, 0xeb, 0x3d, 0xeb, 0x3d, 0xeb, 0x3d,
    0xeb, 0x3d, 0xeb, 0x3d, 0xeb, 0x3d, 0xeb, 0x3d, 0xeb, 0x3d, 0xeb, 0x3d, 0xeb, 0x3d, 0xeb, 0x3d,
    0xeb, 0x3d, 0xeb, 0x3d, 0xeb, 0x3d, 0xeb, 0x3d, 0xeb, 0x3d, 0xeb, 0x3d, 0xeb, 0x3d, 0xeb, 0x3d,
    0xeb, 0x3d, 0xeb, 0x3d, 0xeb, 0x3d, 0xeb, 0x3d, 0xeb, 0x3d, 0xeb, 0x3d, 0xeb, 0x3d, 0xeb, 0x3d,
    0xeb, 0x3d, 0xeb, 0x3d, 0xeb, 0x3d, 0xeb, 0x3d, 0xeb, 0x3d, 0xeb, 0x3d, 0xeb, 0x3d, 0xeb, 0x3d,
    0xeb, 0x3d, 0xeb, 0x3d, 0xeb, 0x3d, 0xeb, 0x3d, 0xeb, 0x3d, 0xeb, 0x3d, 0xeb, 0x3d, 0xeb, 0x3d,
    0xeb, 0x3d, 0xeb, 0x3d, 0xeb, 0x3d, 0xeb, 0x3d, 0xeb, 0x3d, 0xeb, 0x3d, 0xeb, 0x3d, 0xeb, 0x3d,
    0xeb, 0x3d, 0xeb, 0x3d, 0xeb, 0x3d, 0xeb, 0x3d, 0xeb, 0x3d, 0xeb, 0x3d, 0xeb, 0x3d, 0xeb, 0x3d,
    0xeb, 0x3d, 0xeb, 0x3d, 0xeb, 0x3d, 0xeb, 0x3d, 0xeb, 0x3d, 0xeb, 0x3d, 0xeb, 0x3d, 0xeb, 0x3d,
    0xeb, 0x3d, 0xaa, 0x3d, 0x00, 0x00, 0x00, 0x00, 0x00, 0x00, 0x00, 0x00, 0x00, 0x00, 0x00, 0x00,
    0x00, 0x00, 0x00, 0x00, 0x00, 0x00, 0x00, 0x00, 0x00, 0x00, 0x00, 0x00, 0x00, 0x00, 0x00, 0x00,
    0x00, 0x00, 0x00, 0x00, 0x00, 0x00, 0x00, 0x00, 0x00, 0x00, 0x00, 0x00, 0xeb, 0x3d, 0xeb, 0x3d,
    0xeb, 0x3d, 0xeb, 0x3d, 0xeb, 0x3d, 0xeb, 0x3d, 0xeb, 0x3d, 0xeb, 0x3d, 0xeb, 0x3d, 0xeb, 0x3d,
    0xeb, 0x3d, 0xeb, 0x3d, 0xeb, 0x3d, 0xeb, 0x3d, 0xeb, 0x3d, 0xeb, 0x3d, 0xeb, 0x3d, 0xeb, 0x3d,
    0xeb, 0x3d, 0xeb, 0x3d, 0xeb, 0x3d, 0xeb, 0x3d, 0xeb, 0x3d, 0xeb, 0x3d, 0xeb, 0x3d, 0xeb, 0x3d,
    0xeb, 0x3d, 0xeb, 0x3d, 0xeb, 0x3d, 0xeb, 0x3d, 0xeb, 0x3d, 0xeb, 0x3d, 0xeb, 0x3d, 0xeb, 0x3d,
    0xeb, 0x3d, 0xeb, 0x3d, 0xeb, 0x3d, 0xeb, 0x3d, 0xeb, 0x3d, 0xeb, 0x3d, 0xeb, 0x3d, 0xeb, 0x3d,
    0xeb, 0x3d, 0xeb, 0x3d, 0xeb, 0x3d, 0xeb, 0x3d, 0xeb, 0x3d, 0xeb, 0x3d, 0xeb, 0x3d, 0xeb, 0x3d,
    0xeb, 0x3d, 0xeb, 0x3d, 0xeb, 0x3d, 0xeb, 0x3d, 0xeb, 0x3d, 0xeb, 0x3d, 0xeb, 0x3d, 0xeb, 0x3d,
    0xeb, 0x3d, 0xeb, 0x3d, 0xeb, 0x3d, 0xeb, 0x3d, 0xeb, 0x3d, 0xeb, 0x3d, 0xeb, 0x3d, 0xeb, 0x3d,
    0xeb, 0x3d, 0xeb, 0x3d, 0xeb, 0x3d, 0xeb, 0x3d, 0xeb, 0x3d, 0xeb, 0x3d, 0xeb, 0x3d, 0xeb, 0x3d,
    0xeb, 0x3d, 0xeb, 0x3d, 0xeb, 0x3d, 0xe1, 0x08, 0x00, 0x00, 0x00, 0x00, 0x00, 0x00, 0x00, 0x00,
    0x00, 0x00, 0x00, 0x00, 0x00, 0x00, 0x00, 0x00, 0x00, 0x00, 0x00, 0x00, 0x00, 0x00, 0x00, 0x00,
    0x00, 0x00, 0x00, 0x00, 0x00, 0x00, 0x00, 0x00, 0x00, 0x00, 0x00, 0x00, 0x00, 0x00, 0x00, 0x00,
    0x00, 0x00, 0x00, 0x00, 0x00, 0x00, 0x00, 0x00, 0xe5, 0x1a, 0xeb, 0x3d, 0xeb, 0x3d, 0xeb, 0x3d,
    0xeb, 0x3d, 0xeb, 0x3d, 0xeb, 0x3d, 0xeb, 0x3d, 0xeb, 0x3d, 0xeb, 0x3d, 0xeb, 0x3d, 0xeb, 0x3d,
    0xeb, 0x3d, 0xeb, 0x3d, 0xeb, 0x3d, 0xeb, 0x3d, 0xeb, 0x3d, 0xeb, 0x3d, 0xeb, 0x3d, 0xeb, 0x3d,
    0xeb, 0x3d, 0xeb, 0x3d, 0xeb, 0x3d, 0xeb, 0x3d, 0xeb, 0x3d, 0xeb, 0x3d, 0xeb, 0x3d, 0xeb, 0x3d,
    0xeb, 0x3d, 0xeb, 0x3d, 0xeb, 0x3d, 0xeb, 0x3d, 0xeb, 0x3d, 0xeb, 0x3d, 0xeb, 0x3d, 0xeb, 0x3d,
    0xeb, 0x3d, 0xeb, 0x3d, 0xeb, 0x3d, 0xeb, 0x3d, 0xeb, 0x3d, 0xeb, 0x3d, 0xeb, 0x3d, 0xeb, 0x3d,
    0xeb, 0x3d, 0xeb, 0x3d, 0xeb, 0x3d, 0xeb, 0x3d, 0xeb, 0x3d, 0xeb, 0x3d, 0xeb, 0x3d, 0xeb, 0x3d,
    0xeb, 0x3d, 0xeb, 0x3d, 0xeb, 0x3d, 0xeb, 0x3d, 0xeb, 0x3d, 0xeb, 0x3d, 0xeb, 0x3d, 0xeb, 0x3d,
    0xeb, 0x3d, 0xeb, 0x3d, 0xeb, 0x3d, 0xeb, 0x3d, 0xeb, 0x3d, 0xeb, 0x3d, 0xeb, 0x3d, 0xeb, 0x3d,
    0xeb, 0x3d, 0xeb, 0x3d, 0xeb, 0x3d, 0xeb, 0x3d, 0xeb, 0x3d, 0xeb, 0x3d, 0xeb, 0x3d, 0xeb, 0x3d,
    0xeb, 0x3d, 0xeb, 0x3d, 0x40, 0x00, 0x00, 0x00, 0x00, 0x00, 0x00, 0x00, 0x00, 0x00, 0x00, 0x00,
    0x00, 0x00, 0x00, 0x00, 0x00, 0x00, 0x00, 0x00, 0x00, 0x00, 0x00, 0x00, 0x00, 0x00, 0x00, 0x00,
    0x00, 0x00, 0x00, 0x00, 0x00, 0x00, 0x00, 0x00, 0x00, 0x00, 0x81, 0x00, 0xeb, 0x3d, 0xeb, 0x3d,
    0xeb, 0x3d, 0xeb, 0x3d, 0xeb, 0x3d, 0xeb, 0x3d, 0xeb, 0x3d, 0xeb, 0x3d, 0xeb, 0x3d, 0xeb, 0x3d,
    0xeb, 0x3d, 0xeb, 0x3d, 0xeb, 0x3d, 0xeb, 0x3d, 0xeb, 0x3d, 0xeb, 0x3d, 0xeb, 0x3d, 0xeb, 0x3d,
    0xeb, 0x3d, 0xeb, 0x3d, 0xeb, 0x3d, 0xeb, 0x3d, 0xeb, 0x3d, 0xeb, 0x3d, 0xeb, 0x3d, 0xeb, 0x3d,
    0xeb, 0x3d, 0xeb, 0x3d, 0xeb, 0x3d, 0xeb, 0x3d, 0xeb, 0x3d, 0xeb, 0x3d, 0xeb, 0x3d, 0xeb, 0x3d,
    0xeb, 0x3d, 0xeb, 0x3d, 0xeb, 0x3d, 0xeb, 0x3d, 0xeb, 0x3d, 0xeb, 0x3d, 0xeb, 0x3d, 0xeb, 0x3d,
    0xeb, 0x3d, 0xeb, 0x3d, 0xeb, 0x3d, 0xeb, 0x3d, 0xeb, 0x3d, 0xeb, 0x3d, 0xeb, 0x3d, 0xeb, 0x3d,
    0xeb, 0x3d, 0xeb, 0x3d, 0xeb, 0x3d, 0xeb, 0x3d, 0xeb, 0x3d, 0xeb, 0x3d, 0xeb, 0x3d, 0xeb, 0x3d,
    0xeb, 0x3d, 0xeb, 0x3d, 0xeb, 0x3d, 0xeb, 0x3d, 0xeb, 0x3d, 0xeb, 0x3d, 0xeb, 0x3d, 0xeb, 0x3d,
    0xeb, 0x3d, 0xeb, 0x3d, 0xeb, 0x3d, 0xeb, 0x3d, 0xeb, 0x3d, 0xeb, 0x3d, 0xeb, 0x3d, 0xeb, 0x3d,
    0xeb, 0x3d, 0xeb, 0x3d, 0xeb, 0x3d, 0x03, 0x12, 0x00, 0x00, 0x00, 0x00, 0x00, 0x00, 0x00, 0x00,
    0x00, 0x00, 0x00, 0x00, 0x00, 0x00, 0x00, 0x00, 0x00, 0x00, 0x00, 0x00, 0x00, 0x00, 0x00, 0x00,
    0x00, 0x00, 0x00, 0x00, 0x00, 0x00, 0x00, 0x00, 0x00, 0x00, 0x00, 0x00, 0x00, 0x00, 0x00, 0x00,
    0x00, 0x00, 0x00, 0x00, 0x00, 0x00, 0x00, 0x00, 0xa6, 0x23, 0xeb, 0x3d, 0xeb, 0x3d, 0xeb, 0x3d,
    0xeb, 0x3d, 0xeb, 0x3d, 0xeb, 0x3d, 0xeb, 0x3d, 0xeb, 0x3d, 0xeb, 0x3d, 0xeb, 0x3d, 0xeb, 0x3d,
    0xeb, 0x3d, 0xeb, 0x3d, 0xeb, 0x3d, 0xeb, 0x3d, 0xeb, 0x3d, 0xeb, 0x3d, 0xeb, 0x3d, 0xeb, 0x3d,
    0xeb, 0x3d, 0xeb, 0x3d, 0xeb, 0x3d, 0xeb, 0x3d, 0xeb, 0x3d, 0xeb, 0x3d, 0xeb, 0x3d, 0xeb, 0x3d,
    0xeb, 0x3d, 0xeb, 0x3d, 0xeb, 0x3d, 0xeb, 0x3d, 0xeb, 0x3d, 0xeb, 0x3d, 0xeb, 0x3d, 0xeb, 0x3d,
    0xeb, 0x3d, 0xeb, 0x3d, 0xeb, 0x3d, 0xeb, 0x3d, 0xeb, 0x3d, 0xeb, 0x3d, 0xeb, 0x3d, 0xeb, 0x3d,
    0xeb, 0x3d, 0xeb, 0x3d, 0xeb, 0x3d, 0xeb, 0x3d, 0xeb, 0x3d, 0xeb, 0x3d, 0xeb, 0x3d, 0xeb, 0x3d,
    0xeb, 0x3d, 0xeb, 0x3d, 0xeb, 0x3d, 0xeb, 0x3d, 0xeb, 0x3d, 0xeb, 0x3d, 0xeb, 0x3d, 0xeb, 0x3d,
    0xeb, 0x3d, 0xeb, 0x3d, 0xeb, 0x3d, 0xeb, 0x3d, 0xeb, 0x3d, 0xeb, 0x3d, 0xeb, 0x3d, 0xeb, 0x3d,
    0xeb, 0x3d, 0xeb, 0x3d, 0xeb, 0x3d, 0xeb, 0x3d, 0xeb, 0x3d, 0xeb, 0x3d, 0xeb, 0x3d, 0xeb, 0x3d,
    0xeb, 0x3d, 0xeb, 0x3d, 0xa1, 0x00, 0x00, 0x00, 0x00, 0x00, 0x00, 0x00, 0x00, 0x00, 0x00, 0x00,
    0x00, 0x00, 0x00, 0x00, 0x00, 0x00, 0x00, 0x00, 0x00, 0x00, 0x00, 0x00, 0x00, 0x00, 0x00, 0x00,
    0x00, 0x00, 0x00, 0x00, 0x00, 0x00, 0x00, 0x00, 0x00, 0x00, 0xe1, 0x08, 0xeb, 0x3d, 0xeb, 0x3d,
    0xeb, 0x3d, 0xeb, 0x3d, 0xeb, 0x3d, 0xeb, 0x3d, 0xeb, 0x3d, 0xeb, 0x3d, 0xeb, 0x3d, 0xeb, 0x3d,
    0xeb, 0x3d, 0xeb, 0x3d, 0xeb, 0x3d, 0xeb, 0x3d, 0xeb, 0x3d, 0xeb, 0x3d, 0xeb, 0x3d, 0xeb, 0x3d,
    0xeb, 0x3d, 0xeb, 0x3d, 0xeb, 0x3d, 0xeb, 0x3d, 0xeb, 0x3d, 0xeb, 0x3d, 0xeb, 0x3d, 0xeb, 0x3d,
    0xeb, 0x3d, 0xeb, 0x3d, 0xeb, 0x3d, 0xeb, 0x3d, 0xeb, 0x3d, 0xeb, 0x3d, 0xeb, 0x3d, 0xeb, 0x3d,
    0xeb, 0x3d, 0xeb, 0x3d, 0xeb, 0x3d, 0xeb, 0x3d, 0xeb, 0x3d, 0xeb, 0x3d, 0xeb, 0x3d, 0xeb, 0x3d,
    0xeb, 0x3d, 0xeb, 0x3d, 0xeb, 0x3d, 0xeb, 0x3d, 0xeb, 0x3d, 0xeb, 0x3d, 0xeb, 0x3d, 0xeb, 0x3d,
    0xeb, 0x3d, 0xeb, 0x3d, 0xeb, 0x3d, 0xeb, 0x3d, 0xeb, 0x3d, 0xeb, 0x3d, 0xeb, 0x3d, 0xeb, 0x3d,
    0xeb, 0x3d, 0xeb, 0x3d, 0xeb, 0x3d, 0xeb, 0x3d, 0xeb, 0x3d, 0xeb, 0x3d, 0xeb, 0x3d, 0xeb, 0x3d,
    0xeb, 0x3d, 0xeb, 0x3d, 0xeb, 0x3d, 0xeb, 0x3d, 0xeb, 0x3d, 0xeb, 0x3d, 0xeb, 0x3d, 0xeb, 0x3d,
    0xeb, 0x3d, 0xeb, 0x3d, 0xeb, 0x3d, 0xc5, 0x1a, 0x00, 0x00, 0x00, 0x00, 0x00, 0x00, 0x00, 0x00,
    0x00, 0x00, 0x00, 0x00, 0x00, 0x00, 0x00, 0x00, 0x00, 0x00, 0x00, 0x00, 0x00, 0x00, 0x00, 0x00,
    0x00, 0x00, 0x00, 0x00, 0x00, 0x00, 0x00, 0x00, 0x00, 0x00, 0x00, 0x00, 0x00, 0x00, 0x00, 0x00,
    0x00, 0x00, 0x00, 0x00, 0x00, 0x00, 0x00, 0x00, 0xc7, 0x2b, 0xeb, 0x3d, 0xeb, 0x3d, 0xeb, 0x3d,
    0xeb, 0x3d, 0xeb, 0x3d, 0xeb, 0x3d, 0xeb, 0x3d, 0xeb, 0x3d, 0xeb, 0x3d, 0xeb, 0x3d, 0xeb, 0x3d,
    0xeb, 0x3d, 0xeb, 0x3d, 0xeb, 0x3d, 0xeb, 0x3d, 0xeb, 0x3d, 0xeb, 0x3d, 0xeb, 0x3d, 0xeb, 0x3d,
    0xeb, 0x3d, 0xeb, 0x3d, 0xeb, 0x3d, 0xeb, 0x3d, 0xeb, 0x3d, 0xeb, 0x3d, 0xeb, 0x3d, 0xeb, 0x3d,
    0xeb, 0x3d, 0xeb, 0x3d, 0xeb, 0x3d, 0xeb, 0x3d, 0xeb, 0x3d, 0xeb, 0x3d, 0xeb, 0x3d, 0xeb, 0x3d,
    0xeb, 0x3d, 0xeb, 0x3d, 0xeb, 0x3d, 0xeb, 0x3d, 0xeb, 0x3d, 0xeb, 0x3d, 0xeb, 0x3d, 0xeb, 0x3d,
    0xeb, 0x3d, 0xeb, 0x3d, 0xeb, 0x3d, 0xeb, 0x3d, 0xeb, 0x3d, 0xeb, 0x3d, 0xeb, 0x3d, 0xeb, 0x3d,
    0xeb, 0x3d, 0xeb, 0x3d, 0xeb, 0x3d, 0xeb, 0x3d, 0xeb, 0x3d, 0xeb, 0x3d, 0xeb, 0x3d, 0xeb, 0x3d,
    0xeb, 0x3d, 0xeb, 0x3d, 0xeb, 0x3d, 0xeb, 0x3d, 0xeb, 0x3d, 0xeb, 0x3d, 0xeb, 0x3d, 0xeb, 0x3d,
    0xeb, 0x3d, 0xeb, 0x3d, 0xeb, 0x3d, 0xeb, 0x3d, 0xeb, 0x3d, 0xeb, 0x3d, 0xeb, 0x3d, 0xeb, 0x3d,
    0xeb, 0x3d, 0xeb, 0x3d, 0x22, 0x09, 0x00, 0x00, 0x00, 0x00, 0x00, 0x00, 0x00, 0x00, 0x00, 0x00,
    0x00, 0x00, 0x00, 0x00, 0x00, 0x00, 0x00, 0x00, 0x00, 0x00, 0x00, 0x00, 0x00, 0x00, 0x00, 0x00,
    0x00, 0x00, 0x00, 0x00, 0x00, 0x00, 0x00, 0x00, 0x00, 0x00, 0x22, 0x09, 0xeb, 0x3d, 0xeb, 0x3d,
    0xeb, 0x3d, 0xeb, 0x3d, 0xeb, 0x3d, 0xeb, 0x3d, 0xeb, 0x3d, 0xeb, 0x3d, 0xeb, 0x3d, 0xeb, 0x3d,
    0xeb, 0x3d, 0xeb, 0x3d, 0xeb, 0x3d, 0xeb, 0x3d, 0xeb, 0x3d, 0xeb, 0x3d, 0xeb, 0x3d, 0xeb, 0x3d,
    0xeb, 0x3d, 0xeb, 0x3d, 0xeb, 0x3d, 0xeb, 0x3d, 0xeb, 0x3d, 0xeb, 0x3d, 0xeb, 0x3d, 0xeb, 0x3d,
    0xeb, 0x3d, 0xeb, 0x3d, 0xeb, 0x3d, 0xeb, 0x3d, 0xeb, 0x3d, 0xeb, 0x3d, 0xeb, 0x3d, 0xeb, 0x3d,
    0xeb, 0x3d, 0xeb, 0x3d, 0xeb, 0x3d, 0xeb, 0x3d, 0xeb, 0x3d, 0xeb, 0x3d, 0xeb, 0x3d, 0xeb, 0x3d,
    0xeb, 0x3d, 0xeb, 0x3d, 0xeb, 0x3d, 0xeb, 0x3d, 0xeb, 0x3d, 0xeb, 0x3d, 0xeb, 0x3d, 0xeb, 0x3d,
    0xeb, 0x3d, 0xeb, 0x3d, 0xeb, 0x3d, 0xeb, 0x3d, 0xeb, 0x3d, 0xeb, 0x3d, 0xeb, 0x3d, 0xeb, 0x3d,
    0xeb, 0x3d, 0xeb, 0x3d, 0xeb, 0x3d, 0xeb, 0x3d, 0xeb, 0x3d, 0xeb, 0x3d, 0xeb, 0x3d, 0xeb, 0x3d,
    0xeb, 0x3d, 0xeb, 0x3d, 0xeb, 0x3d, 0xeb, 0x3d, 0xeb, 0x3d, 0xeb, 0x3d, 0xeb, 0x3d, 0xeb, 0x3d,
    0xeb, 0x3d, 0xeb, 0x3d, 0xeb, 0x3d, 0x46, 0x23, 0x00, 0x00, 0x00, 0x00, 0x00, 0x00, 0x00, 0x00,
    0x00, 0x00, 0x00, 0x00, 0x00, 0x00, 0x00, 0x00, 0x00, 0x00, 0x00, 0x00, 0x00, 0x00, 0x00, 0x00,
    0x00, 0x00, 0x00, 0x00, 0x00, 0x00, 0x00, 0x00, 0x00, 0x00, 0x00, 0x00, 0x00, 0x00, 0x00, 0x00,
    0x00, 0x00, 0x00, 0x00, 0x00, 0x00, 0x00, 0x00, 0xa7, 0x23, 0xeb, 0x3d, 0xeb, 0x3d, 0xeb, 0x3d,
    0xeb, 0x3d, 0xeb, 0x3d, 0xeb, 0x3d, 0xeb, 0x3d, 0xeb, 0x3d, 0xeb, 0x3d, 0xeb, 0x3d, 0xeb, 0x3d,
    0xeb, 0x3d, 0xeb, 0x3d, 0xeb, 0x3d, 0xeb, 0x3d, 0xeb, 0x3d, 0xeb, 0x3d, 0xeb, 0x3d, 0xeb, 0x3d,
    0xeb, 0x3d, 0xeb, 0x3d, 0xeb, 0x3d, 0xeb, 0x3d, 0xeb, 0x3d, 0xeb, 0x3d, 0xeb, 0x3d, 0xeb, 0x3d,
    0xeb, 0x3d, 0xeb, 0x3d, 0xeb, 0x3d, 0xeb, 0x3d, 0xeb, 0x3d, 0xeb, 0x3d, 0xeb, 0x3d, 0xeb, 0x3d,
    0xeb, 0x3d, 0xeb, 0x3d, 0xeb, 0x3d, 0xeb, 0x3d, 0xeb, 0x3d, 0xeb, 0x3d, 0xeb, 0x3d, 0xeb, 0x3d,
    0xeb, 0x3d, 0xeb, 0x3d, 0xeb, 0x3d, 0xeb, 0x3d, 0xeb, 0x3d, 0xeb, 0x3d, 0xeb, 0x3d, 0xeb, 0x3d,
    0xeb, 0x3d, 0xeb, 0x3d, 0xeb, 0x3d, 0xeb, 0x3d, 0xeb, 0x3d, 0xeb, 0x3d, 0xeb, 0x3d, 0xeb, 0x3d,
    0xeb, 0x3d, 0xeb, 0x3d, 0xeb, 0x3d, 0xeb, 0x3d, 0xeb, 0x3d, 0xeb, 0x3d, 0xeb, 0x3d, 0xeb, 0x3d,
    0xeb, 0x3d, 0xeb, 0x3d, 0xeb, 0x3d, 0xeb, 0x3d, 0xeb, 0x3d, 0xeb, 0x3d, 0xeb, 0x3d, 0xeb, 0x3d,
    0xeb, 0x3d, 0xeb, 0x3d, 0x82, 0x11, 0x00, 0x00, 0x00, 0x00, 0x00, 0x00, 0x00, 0x00, 0x00, 0x00,
    0x00, 0x00, 0x00, 0x00, 0x00, 0x00, 0x00, 0x00, 0x00, 0x00, 0x00, 0x00, 0x00, 0x00, 0x00, 0x00,
    0x00, 0x00, 0x00, 0x00, 0x00, 0x00, 0x00, 0x00, 0x00, 0x00, 0x82, 0x11, 0xeb, 0x3d, 0xeb, 0x3d,
    0xeb, 0x3d, 0xeb, 0x3d, 0xeb, 0x3d, 0xeb, 0x3d, 0xeb, 0x3d, 0xeb, 0x3d, 0xeb, 0x3d, 0xeb, 0x3d,
    0xeb, 0x3d, 0xeb, 0x3d, 0xeb, 0x3d, 0xeb, 0x3d, 0xeb, 0x3d, 0xeb, 0x3d, 0xeb, 0x3d, 0xeb, 0x3d,
    0xeb, 0x3d, 0xeb, 0x3d, 0xeb, 0x3d, 0xeb, 0x3d, 0xeb, 0x3d, 0xeb, 0x3d, 0xeb, 0x3d, 0xeb, 0x3d,
    0xeb, 0x3d, 0xeb, 0x3d, 0xeb, 0x3d, 0xeb, 0x3d, 0xeb, 0x3d, 0xeb, 0x3d, 0xeb, 0x3d, 0xeb, 0x3d,
    0xeb, 0x3d, 0xeb, 0x3d, 0xeb, 0x3d, 0xeb, 0x3d, 0xeb, 0x3d, 0xeb, 0x3d, 0xeb, 0x3d, 0xeb, 0x3d,
    0xeb, 0x3d, 0xeb, 0x3d, 0xeb, 0x3d, 0xeb, 0x3d, 0xeb, 0x3d, 0xeb, 0x3d, 0xeb, 0x3d, 0xeb, 0x3d,
    0xeb, 0x3d, 0xeb, 0x3d, 0xeb, 0x3d, 0xeb, 0x3d, 0xeb, 0x3d, 0xeb, 0x3d, 0xeb, 0x3d, 0xeb, 0x3d,
    0xeb, 0x3d, 0xeb, 0x3d, 0xeb, 0x3d, 0xeb, 0x3d, 0xeb, 0x3d, 0xeb, 0x3d, 0xeb, 0x3d, 0xeb, 0x3d,
    0xeb, 0x3d, 0xeb, 0x3d, 0xeb, 0x3d, 0xeb, 0x3d, 0xeb, 0x3d, 0xeb, 0x3d, 0xeb, 0x3d, 0xeb, 0x3d,
    0xeb, 0x3d, 0xeb, 0x3d, 0xeb, 0x3d, 0xa6, 0x23, 0x00, 0x00, 0x00, 0x00, 0x00, 0x00, 0x00, 0x00,
    0x00, 0x00, 0x00, 0x00, 0x00, 0x00, 0x00, 0x00, 0x00, 0x00, 0x00, 0x00, 0x00, 0x00, 0x00, 0x00,
    0x00, 0x00, 0x00, 0x00, 0x00, 0x00, 0x00, 0x00, 0x00, 0x00, 0x00, 0x00, 0x00, 0x00, 0x00, 0x00,
    0x00, 0x00, 0x00, 0x00, 0x00, 0x00, 0x00, 0x00, 0x86, 0x23, 0xeb, 0x3d, 0xeb, 0x3d, 0xeb, 0x3d,
    0xeb, 0x3d, 0xeb, 0x3d, 0xeb, 0x3d, 0xeb, 0x3d, 0xeb, 0x3d, 0xeb, 0x3d, 0xeb, 0x3d, 0xeb, 0x3d,
    0xeb, 0x3d, 0xeb, 0x3d, 0xeb, 0x3d, 0xeb, 0x3d, 0xeb, 0x3d, 0xeb, 0x3d, 0xeb, 0x3d, 0xeb, 0x3d,
    0xeb, 0x3d, 0xeb, 0x3d, 0xeb, 0x3d, 0xeb, 0x3d, 0xeb, 0x3d, 0xeb, 0x3d, 0xeb, 0x3d, 0xeb, 0x3d,
    0xeb, 0x3d, 0xeb, 0x3d, 0xeb, 0x3d, 0xeb, 0x3d, 0xeb, 0x3d, 0xeb, 0x3d, 0xeb, 0x3d, 0xeb, 0x3d,
    0xeb, 0x3d, 0xeb, 0x3d, 0xeb, 0x3d, 0xeb, 0x3d, 0xeb, 0x3d, 0xeb, 0x3d, 0xeb, 0x3d, 0xeb, 0x3d,
    0xeb, 0x3d, 0xeb, 0x3d, 0xeb, 0x3d, 0xeb, 0x3d, 0xeb, 0x3d, 0xeb, 0x3d, 0xeb, 0x3d, 0xeb, 0x3d,
    0xeb, 0x3d, 0xeb, 0x3d, 0xeb, 0x3d, 0xeb, 0x3d, 0xeb, 0x3d, 0xeb, 0x3d, 0xeb, 0x3d, 0xeb, 0x3d,
    0xeb, 0x3d, 0xeb, 0x3d, 0xeb, 0x3d, 0xeb, 0x3d, 0xeb, 0x3d, 0xeb, 0x3d, 0xeb, 0x3d, 0xeb, 0x3d,
    0xeb, 0x3d, 0xeb, 0x3d, 0xeb, 0x3d, 0xeb, 0x3d, 0xeb, 0x3d, 0xeb, 0x3d, 0xeb, 0x3d, 0xeb, 0x3d,
    0xeb, 0x3d, 0xeb, 0x3d, 0x42, 0x09, 0x00, 0x00, 0x00, 0x00, 0x00, 0x00, 0x00, 0x00, 0x00, 0x00,
    0x00, 0x00, 0x00, 0x00, 0x00, 0x00, 0x00, 0x00, 0x00, 0x00, 0x00, 0x00, 0x00, 0x00, 0x00, 0x00,
    0x00, 0x00, 0x00, 0x00, 0x00, 0x00, 0x00, 0x00, 0x00, 0x00, 0x42, 0x09, 0xeb, 0x3d, 0xeb, 0x3d,
    0xeb, 0x3d, 0xeb, 0x3d, 0xeb, 0x3d, 0xeb, 0x3d, 0xeb, 0x3d, 0xeb, 0x3d, 0xeb, 0x3d, 0xeb, 0x3d,
    0xeb, 0x3d, 0xeb, 0x3d, 0xeb, 0x3d, 0xeb, 0x3d, 0xeb, 0x3d, 0xeb, 0x3d, 0xeb, 0x3d, 0xeb, 0x3d,
    0xeb, 0x3d, 0xeb, 0x3d, 0xeb, 0x3d, 0xeb, 0x3d, 0xeb, 0x3d, 0xeb, 0x3d, 0xeb, 0x3d, 0xeb, 0x3d,
    0xeb, 0x3d, 0xeb, 0x3d, 0xeb, 0x3d, 0xeb, 0x3d, 0xeb, 0x3d, 0xeb, 0x3d, 0xeb, 0x3d, 0xeb, 0x3d,
    0xeb, 0x3d, 0xeb, 0x3d, 0xeb, 0x3d, 0xeb, 0x3d, 0xeb, 0x3d, 0xeb, 0x3d, 0xeb, 0x3d, 0xeb, 0x3d,
    0xeb, 0x3d, 0xeb, 0x3d, 0xeb, 0x3d, 0xeb, 0x3d, 0xeb, 0x3d, 0xeb, 0x3d, 0xeb, 0x3d, 0xeb, 0x3d,
    0xeb, 0x3d, 0xeb, 0x3d, 0xeb, 0x3d, 0xeb, 0x3d, 0xeb, 0x3d, 0xeb, 0x3d, 0xeb, 0x3d, 0xeb, 0x3d,
    0xeb, 0x3d, 0xeb, 0x3d, 0xeb, 0x3d, 0xeb, 0x3d, 0xeb, 0x3d, 0xeb, 0x3d, 0xeb, 0x3d, 0xeb, 0x3d,
    0xeb, 0x3d, 0xeb, 0x3d, 0xeb, 0x3d, 0xeb, 0x3d, 0xeb, 0x3d, 0xeb, 0x3d, 0xeb, 0x3d, 0xeb, 0x3d,
    0xeb, 0x3d, 0xeb, 0x3d, 0xeb, 0x3d, 0x66, 0x23, 0x00, 0x00, 0x00, 0x00, 0x00, 0x00, 0x00, 0x00,
    0x00, 0x00, 0x00, 0x00, 0x00, 0x00, 0x00, 0x00, 0x00, 0x00, 0x00, 0x00, 0x00, 0x00, 0x00, 0x00,
    0x00, 0x00, 0x00, 0x00, 0x00, 0x00, 0x00, 0x00, 0x00, 0x00, 0x00, 0x00, 0x00, 0x00, 0x00, 0x00,
    0x00, 0x00, 0x00, 0x00, 0x00, 0x00, 0x00, 0x00, 0x05, 0x1b, 0xeb, 0x3d, 0xeb, 0x3d, 0xeb, 0x3d,
    0xeb, 0x3d, 0xeb, 0x3d, 0xeb, 0x3d, 0xeb, 0x3d, 0xeb, 0x3d, 0xeb, 0x3d, 0xeb, 0x3d, 0xeb, 0x3d,
    0xeb, 0x3d, 0xeb, 0x3d, 0xeb, 0x3d, 0xeb, 0x3d, 0xeb, 0x3d, 0xeb, 0x3d, 0xeb, 0x3d, 0xeb, 0x3d,
    0xeb, 0x3d, 0xeb, 0x3d, 0xeb, 0x3d, 0xeb, 0x3d, 0xeb, 0x3d, 0xeb, 0x3d, 0xeb, 0x3d, 0xeb, 0x3d,
    0xeb, 0x3d, 0xeb, 0x3d, 0xeb, 0x3d, 0xeb, 0x3d, 0xeb, 0x3d, 0xeb, 0x3d, 0xeb, 0x3d, 0xeb, 0x3d,
    0xeb, 0x3d, 0xeb, 0x3d, 0xeb, 0x3d, 0xeb, 0x3d, 0xeb, 0x3d, 0xeb, 0x3d, 0xeb, 0x3d, 0xeb, 0x3d,
    0xeb, 0x3d, 0xeb, 0x3d, 0xeb, 0x3d, 0xeb, 0x3d, 0xeb, 0x3d, 0xeb, 0x3d, 0xeb, 0x3d, 0xeb, 0x3d,
    0xeb, 0x3d, 0xeb, 0x3d, 0xeb, 0x3d, 0xeb, 0x3d, 0xeb, 0x3d, 0xeb, 0x3d, 0xeb, 0x3d, 0xeb, 0x3d,
    0xeb, 0x3d, 0xeb, 0x3d, 0xeb, 0x3d, 0xeb, 0x3d, 0xeb, 0x3d, 0xeb, 0x3d, 0xeb, 0x3d, 0xeb, 0x3d,
    0xeb, 0x3d, 0xeb, 0x3d, 0xeb, 0x3d, 0xeb, 0x3d, 0xeb, 0x3d, 0xeb, 0x3d, 0xeb, 0x3d, 0xeb, 0x3d,
    0xeb, 0x3d, 0xeb, 0x3d, 0x42, 0x09, 0x00, 0x00, 0x00, 0x00, 0x00, 0x00, 0x00, 0x00, 0x00, 0x00,
    0x00, 0x00, 0x00, 0x00, 0x00, 0x00, 0x00, 0x00, 0x00, 0x00, 0x00, 0x00, 0x00, 0x00, 0x00, 0x00,
    0x00, 0x00, 0x00, 0x00, 0x00, 0x00, 0x00, 0x00, 0x00, 0x00, 0x42, 0x09, 0xeb, 0x3d, 0xeb, 0x3d,
    0xeb, 0x3d, 0xeb, 0x3d, 0xeb, 0x3d, 0xeb, 0x3d, 0xeb, 0x3d, 0xeb, 0x3d, 0xeb, 0x3d, 0xeb, 0x3d,
    0xeb, 0x3d, 0xeb, 0x3d, 0xeb, 0x3d, 0xeb, 0x3d, 0xeb, 0x3d, 0xeb, 0x3d, 0xeb, 0x3d, 0xeb, 0x3d,
    0xeb, 0x3d, 0xeb, 0x3d, 0xeb, 0x3d, 0xeb, 0x3d, 0xeb, 0x3d, 0xeb, 0x3d, 0xeb, 0x3d, 0xeb, 0x3d,
    0xeb, 0x3d, 0xeb, 0x3d, 0xeb, 0x3d, 0xeb, 0x3d, 0xeb, 0x3d, 0xeb, 0x3d, 0xeb, 0x3d, 0xeb, 0x3d,
    0xeb, 0x3d, 0xeb, 0x3d, 0xeb, 0x3d, 0xeb, 0x3d, 0xeb, 0x3d, 0xeb, 0x3d, 0xeb, 0x3d, 0xeb, 0x3d,
    0xeb, 0x3d, 0xeb, 0x3d, 0xeb, 0x3d, 0xeb, 0x3d, 0xeb, 0x3d, 0xeb, 0x3d, 0xeb, 0x3d, 0xeb, 0x3d,
    0xeb, 0x3d, 0xeb, 0x3d, 0xeb, 0x3d, 0xeb, 0x3d, 0xeb, 0x3d, 0xeb, 0x3d, 0xeb, 0x3d, 0xeb, 0x3d,
    0xeb, 0x3d, 0xeb, 0x3d, 0xeb, 0x3d, 0xeb, 0x3d, 0xeb, 0x3d, 0xeb, 0x3d, 0xeb, 0x3d, 0xeb, 0x3d,
    0xeb, 0x3d, 0xeb, 0x3d, 0xeb, 0x3d, 0xeb, 0x3d, 0xeb, 0x3d, 0xeb, 0x3d, 0xeb, 0x3d, 0xeb, 0x3d,
    0xeb, 0x3d, 0xeb, 0x3d, 0xeb, 0x3d, 0xe5, 0x1a, 0x00, 0x00, 0x00, 0x00, 0x00, 0x00, 0x00, 0x00,
    0x00, 0x00, 0x00, 0x00, 0x00, 0x00, 0x00, 0x00, 0x00, 0x00, 0x00, 0x00, 0x00, 0x00, 0x00, 0x00,
    0x00, 0x00, 0x00, 0x00, 0x00, 0x00, 0x00, 0x00, 0x00, 0x00, 0x00, 0x00, 0x00, 0x00, 0x00, 0x00,
    0x00, 0x00, 0x00, 0x00, 0x00, 0x00, 0x00, 0x00, 0x24, 0x12, 0xeb, 0x3d, 0xeb, 0x3d, 0xeb, 0x3d,
    0xeb, 0x3d, 0xeb, 0x3d, 0xeb, 0x3d, 0xeb, 0x3d, 0xeb, 0x3d, 0xeb, 0x3d, 0xeb, 0x3d, 0xeb, 0x3d,
    0xeb, 0x3d, 0xeb, 0x3d, 0xeb, 0x3d, 0xeb, 0x3d, 0xeb, 0x3d, 0xeb, 0x3d, 0xeb, 0x3d, 0xeb, 0x3d,
    0xeb, 0x3d, 0xeb, 0x3d, 0xeb, 0x3d, 0xeb, 0x3d, 0xeb, 0x3d, 0xeb, 0x3d, 0xeb, 0x3d, 0xeb, 0x3d,
    0xeb, 0x3d, 0xeb, 0x3d, 0xeb, 0x3d, 0xeb, 0x3d, 0xeb, 0x3d, 0xeb, 0x3d, 0xeb, 0x3d, 0xeb, 0x3d,
    0xeb, 0x3d, 0xeb, 0x3d, 0xeb, 0x3d, 0xeb, 0x3d, 0xeb, 0x3d, 0xeb, 0x3d, 0xeb, 0x3d, 0xeb, 0x3d,
    0xeb, 0x3d, 0xeb, 0x3d, 0xeb, 0x3d, 0xeb, 0x3d, 0xeb, 0x3d, 0xeb, 0x3d, 0xeb, 0x3d, 0xeb, 0x3d,
    0xeb, 0x3d, 0xeb, 0x3d, 0xeb, 0x3d, 0xeb, 0x3d, 0xeb, 0x3d, 0xeb, 0x3d, 0xeb, 0x3d, 0xeb, 0x3d,
    0xeb, 0x3d, 0xeb, 0x3d, 0xeb, 0x3d, 0xeb, 0x3d, 0xeb, 0x3d, 0xeb, 0x3d, 0xeb, 0x3d, 0xeb, 0x3d,
    0xeb, 0x3d, 0xeb, 0x3d, 0xeb, 0x3d, 0xeb, 0x3d, 0xeb, 0x3d, 0xeb, 0x3d, 0xeb, 0x3d, 0xeb, 0x3d,
    0xeb, 0x3d, 0xeb, 0x3d, 0x42, 0x09, 0x00, 0x00, 0x00, 0x00, 0x00, 0x00, 0x00, 0x00, 0x00, 0x00,
    0x00, 0x00, 0x00, 0x00, 0x00, 0x00, 0x00, 0x00, 0x00, 0x00, 0x00, 0x00, 0x00, 0x00, 0x00, 0x00,
    0x00, 0x00, 0x00, 0x00, 0x00, 0x00, 0x00, 0x00, 0x00, 0x00, 0x42, 0x09, 0xeb, 0x3d, 0xeb, 0x3d,
    0xeb, 0x3d, 0xeb, 0x3d, 0xeb, 0x3d, 0xeb, 0x3d, 0xeb, 0x3d, 0xeb, 0x3d, 0xeb, 0x3d, 0xeb, 0x3d,
    0xeb, 0x3d, 0xeb, 0x3d, 0xeb, 0x3d, 0xeb, 0x3d, 0xeb, 0x3d, 0xeb, 0x3d, 0xeb, 0x3d, 0xeb, 0x3d,
    0xeb, 0x3d, 0xeb, 0x3d, 0xeb, 0x3d, 0xeb, 0x3d, 0xeb, 0x3d, 0xeb, 0x3d, 0xeb, 0x3d, 0xeb, 0x3d,
    0xeb, 0x3d, 0xeb, 0x3d, 0xeb, 0x3d, 0xeb, 0x3d, 0xeb, 0x3d, 0xeb, 0x3d, 0xeb, 0x3d, 0xeb, 0x3d,
    0xeb, 0x3d, 0xeb, 0x3d, 0xeb, 0x3d, 0xeb, 0x3d, 0xeb, 0x3d, 0xeb, 0x3d, 0xeb, 0x3d, 0xeb, 0x3d,
    0xeb, 0x3d, 0xeb, 0x3d, 0xeb, 0x3d, 0xeb, 0x3d, 0xeb, 0x3d, 0xeb, 0x3d, 0xeb, 0x3d, 0xeb, 0x3d,
    0xeb, 0x3d, 0xeb, 0x3d, 0xeb, 0x3d, 0xeb, 0x3d, 0xeb, 0x3d, 0xeb, 0x3d, 0xeb, 0x3d, 0xeb, 0x3d,
    0xeb, 0x3d, 0xeb, 0x3d, 0xeb, 0x3d, 0xeb, 0x3d, 0xeb, 0x3d, 0xeb, 0x3d, 0xeb, 0x3d, 0xeb, 0x3d,
    0xeb, 0x3d, 0xeb, 0x3d, 0xeb, 0x3d, 0xeb, 0x3d, 0xeb, 0x3d, 0xeb, 0x3d, 0xeb, 0x3d, 0xeb, 0x3d,
    0xeb, 0x3d, 0xeb, 0x3d, 0xeb, 0x3d, 0x24, 0x12, 0x00, 0x00, 0x00, 0x00, 0x00, 0x00, 0x00, 0x00,
    0x00, 0x00, 0x00, 0x00, 0x00, 0x00, 0x00, 0x00, 0x00, 0x00, 0x00, 0x00, 0x00, 0x00, 0x00, 0x00,
    0x00, 0x00, 0x00, 0x00, 0x00, 0x00, 0x00, 0x00, 0x00, 0x00, 0x00, 0x00, 0x00, 0x00, 0x00, 0x00,
    0x00, 0x00, 0x00, 0x00, 0x00, 0x00, 0x00, 0x00, 0x22, 0x09, 0xeb, 0x3d, 0xeb, 0x3d, 0xeb, 0x3d,
    0xeb, 0x3d, 0xeb, 0x3d, 0xeb, 0x3d, 0xeb, 0x3d, 0xeb, 0x3d, 0xeb, 0x3d, 0xeb, 0x3d, 0xeb, 0x3d,
    0xeb, 0x3d, 0xeb, 0x3d, 0xeb, 0x3d, 0xeb, 0x3d, 0xeb, 0x3d, 0xeb, 0x3d, 0xeb, 0x3d, 0xeb, 0x3d,
    0xeb, 0x3d, 0xeb, 0x3d, 0xeb, 0x3d, 0xeb, 0x3d, 0xeb, 0x3d, 0xeb, 0x3d, 0xeb, 0x3d, 0xeb, 0x3d,
    0xeb, 0x3d, 0xeb, 0x3d, 0xeb, 0x3d, 0xeb, 0x3d, 0xeb, 0x3d, 0xeb, 0x3d, 0xeb, 0x3d, 0xeb, 0x3d,
    0xeb, 0x3d, 0xeb, 0x3d, 0xeb, 0x3d, 0xeb, 0x3d, 0xeb, 0x3d, 0xeb, 0x3d, 0xeb, 0x3d, 0xeb, 0x3d,
    0xeb, 0x3d, 0xeb, 0x3d, 0xeb, 0x3d, 0xeb, 0x3d, 0xeb, 0x3d, 0xeb, 0x3d, 0xeb, 0x3d, 0xeb, 0x3d,
    0xeb, 0x3d, 0xeb, 0x3d, 0xeb, 0x3d, 0xeb, 0x3d, 0xeb, 0x3d, 0xeb, 0x3d, 0xeb, 0x3d, 0xeb, 0x3d,
    0xeb, 0x3d, 0xeb, 0x3d, 0xeb, 0x3d, 0xeb, 0x3d, 0xeb, 0x3d, 0xeb, 0x3d, 0xeb, 0x3d, 0xeb, 0x3d,
    0xeb, 0x3d, 0xeb, 0x3d, 0xeb, 0x3d, 0xeb, 0x3d, 0xeb, 0x3d, 0xeb, 0x3d, 0xeb, 0x3d, 0xeb, 0x3d,
    0xeb, 0x3d, 0xeb, 0x3d, 0x42, 0x09, 0x00, 0x00, 0x00, 0x00, 0x00, 0x00, 0x00, 0x00, 0x00, 0x00,
    0x00, 0x00, 0x00, 0x00, 0x00, 0x00, 0x00, 0x00, 0x00, 0x00, 0x00, 0x00, 0x00, 0x00, 0x00, 0x00,
    0x00, 0x00, 0x00, 0x00, 0x00, 0x00, 0x00, 0x00, 0x00, 0x00, 0x42, 0x09, 0xeb, 0x3d, 0xeb, 0x3d,
    0xeb, 0x3d, 0xeb, 0x3d, 0xeb, 0x3d, 0xeb, 0x3d, 0xeb, 0x3d, 0xeb, 0x3d, 0xeb, 0x3d, 0xeb, 0x3d,
    0xeb, 0x3d, 0xeb, 0x3d, 0xeb, 0x3d, 0xeb, 0x3d, 0xeb, 0x3d, 0xeb, 0x3d, 0xeb, 0x3d, 0xeb, 0x3d,
    0xeb, 0x3d, 0xeb, 0x3d, 0xeb, 0x3d, 0xeb, 0x3d, 0xeb, 0x3d, 0xeb, 0x3d, 0xeb, 0x3d, 0xeb, 0x3d,
    0xeb, 0x3d, 0xeb, 0x3d, 0xeb, 0x3d, 0xeb, 0x3d, 0xeb, 0x3d, 0xeb, 0x3d, 0xeb, 0x3d, 0xeb, 0x3d,
    0xeb, 0x3d, 0xeb, 0x3d, 0xeb, 0x3d, 0xeb, 0x3d, 0xeb, 0x3d, 0xeb, 0x3d, 0xeb, 0x3d, 0xeb, 0x3d,
    0xeb, 0x3d, 0xeb, 0x3d, 0xeb, 0x3d, 0xeb, 0x3d, 0xeb, 0x3d, 0xeb, 0x3d, 0xeb, 0x3d, 0xeb, 0x3d,
    0xeb, 0x3d, 0xeb, 0x3d, 0xeb, 0x3d, 0xeb, 0x3d, 0xeb, 0x3d, 0xeb, 0x3d, 0xeb, 0x3d, 0xeb, 0x3d,
    0xeb, 0x3d, 0xeb, 0x3d, 0xeb, 0x3d, 0xeb, 0x3d, 0xeb, 0x3d, 0xeb, 0x3d, 0xeb, 0x3d, 0xeb, 0x3d,
    0xeb, 0x3d, 0xeb, 0x3d, 0xeb, 0x3d, 0xeb, 0x3d, 0xeb, 0x3d, 0xeb, 0x3d, 0xeb, 0x3d, 0xeb, 0x3d,
    0xeb, 0x3d, 0xeb, 0x3d, 0xeb, 0x3d, 0x01, 0x09, 0x00, 0x00, 0x00, 0x00, 0x00, 0x00, 0x00, 0x00,
    0x00, 0x00, 0x00, 0x00, 0x00, 0x00, 0x00, 0x00, 0x00, 0x00, 0x00, 0x00, 0x00, 0x00, 0x00, 0x00,
    0x00, 0x00, 0x00, 0x00, 0x00, 0x00, 0x00, 0x00, 0x00, 0x00, 0x00, 0x00, 0x00, 0x00, 0x00, 0x00,
    0x00, 0x00, 0x00, 0x00, 0x00, 0x00, 0x00, 0x00, 0x60, 0x00, 0x8a, 0x3d, 0xeb, 0x3d, 0xeb, 0x3d,
    0xeb, 0x3d, 0xeb, 0x3d, 0xeb, 0x3d, 0xeb, 0x3d, 0xeb, 0x3d, 0xeb, 0x3d, 0xeb, 0x3d, 0xeb, 0x3d,
    0xeb, 0x3d, 0xeb, 0x3d, 0xeb, 0x3d, 0xeb, 0x3d, 0xeb, 0x3d, 0xeb, 0x3d, 0xeb, 0x3d, 0xeb, 0x3d,
    0xeb, 0x3d, 0xeb, 0x3d, 0xeb, 0x3d, 0xeb, 0x3d, 0xeb, 0x3d, 0xeb, 0x3d, 0xeb, 0x3d, 0xeb, 0x3d,
    0xeb, 0x3d, 0xeb, 0x3d, 0xeb, 0x3d, 0xeb, 0x3d, 0xeb, 0x3d, 0xeb, 0x3d, 0xeb, 0x3d, 0xeb, 0x3d,
    0xeb, 0x3d, 0xeb, 0x3d, 0xeb, 0x3d, 0xeb, 0x3d, 0xeb, 0x3d, 0xeb, 0x3d, 0xeb, 0x3d, 0xeb, 0x3d,
    0xeb, 0x3d, 0xeb, 0x3d, 0xeb, 0x3d, 0xeb, 0x3d, 0xeb, 0x3d, 0xeb, 0x3d, 0xeb, 0x3d, 0xeb, 0x3d,
    0xeb, 0x3d, 0xeb, 0x3d, 0xeb, 0x3d, 0xeb, 0x3d, 0xeb, 0x3d, 0xeb, 0x3d, 0xeb, 0x3d, 0xeb, 0x3d,
    0xeb, 0x3d, 0xeb, 0x3d, 0xeb, 0x3d, 0xeb, 0x3d, 0xeb, 0x3d, 0xeb, 0x3d, 0xeb, 0x3d, 0xeb, 0x3d,
    0xeb, 0x3d, 0xeb, 0x3d, 0xeb, 0x3d, 0xeb, 0x3d, 0xeb, 0x3d, 0xeb, 0x3d, 0xeb, 0x3d, 0xeb, 0x3d,
    0xeb, 0x3d, 0xeb, 0x3d, 0x42, 0x09, 0x00, 0x00, 0x00, 0x00, 0x00, 0x00, 0x00, 0x00, 0x00, 0x00,
    0x00, 0x00, 0x00, 0x00, 0x00, 0x00, 0x00, 0x00, 0x00, 0x00, 0x00, 0x00, 0x00, 0x00, 0x00, 0x00,
    0x00, 0x00, 0x00, 0x00, 0x00, 0x00, 0x00, 0x00, 0x00, 0x00, 0x42, 0x09, 0xeb, 0x3d, 0xeb, 0x3d,
    0xeb, 0x3d, 0xeb, 0x3d, 0xeb, 0x3d, 0xeb, 0x3d, 0xeb, 0x3d, 0xeb, 0x3d, 0xeb, 0x3d, 0xeb, 0x3d,
    0xeb, 0x3d, 0xeb, 0x3d, 0xeb, 0x3d, 0xeb, 0x3d, 0xeb, 0x3d, 0xeb, 0x3d, 0xeb, 0x3d, 0xeb, 0x3d,
    0xeb, 0x3d, 0xeb, 0x3d, 0xeb, 0x3d, 0xeb, 0x3d, 0xeb, 0x3d, 0xeb, 0x3d, 0xeb, 0x3d, 0xeb, 0x3d,
    0xeb, 0x3d, 0xeb, 0x3d, 0xeb, 0x3d, 0xeb, 0x3d, 0xeb, 0x3d, 0xeb, 0x3d, 0xeb, 0x3d, 0xeb, 0x3d,
    0xeb, 0x3d, 0xeb, 0x3d, 0xeb, 0x3d, 0xeb, 0x3d, 0xeb, 0x3d, 0xeb, 0x3d, 0xeb, 0x3d, 0xeb, 0x3d,
    0xeb, 0x3d, 0xeb, 0x3d, 0xeb, 0x3d, 0xeb, 0x3d, 0xeb, 0x3d, 0xeb, 0x3d, 0xeb, 0x3d, 0xeb, 0x3d,
    0xeb, 0x3d, 0xeb, 0x3d, 0xeb, 0x3d, 0xeb, 0x3d, 0xeb, 0x3d, 0xeb, 0x3d, 0xeb, 0x3d, 0xeb, 0x3d,
    0xeb, 0x3d, 0xeb, 0x3d, 0xeb, 0x3d, 0xeb, 0x3d, 0xeb, 0x3d, 0xeb, 0x3d, 0xeb, 0x3d, 0xeb, 0x3d,
    0xeb, 0x3d, 0xeb, 0x3d, 0xeb, 0x3d, 0xeb, 0x3d, 0xeb, 0x3d, 0xeb, 0x3d, 0xeb, 0x3d, 0xeb, 0x3d,
    0xeb, 0x3d, 0xeb, 0x3d, 0x8a, 0x3d, 0x60, 0x00, 0x00, 0x00, 0x00, 0x00, 0x00, 0x00, 0x00, 0x00,
    0x00, 0x00, 0x00, 0x00, 0x00, 0x00, 0x00, 0x00, 0x00, 0x00, 0x00, 0x00, 0x00, 0x00, 0x00, 0x00,
    0x00, 0x00, 0x00, 0x00, 0x00, 0x00, 0x00, 0x00, 0x00, 0x00, 0x00, 0x00, 0x00, 0x00, 0x00, 0x00,
    0x00, 0x00, 0x00, 0x00, 0x00, 0x00, 0x00, 0x00, 0x00, 0x00, 0xe9, 0x34, 0xeb, 0x3d, 0xeb, 0x3d,
    0xeb, 0x3d, 0xeb, 0x3d, 0xeb, 0x3d, 0xeb, 0x3d, 0xeb, 0x3d, 0xeb, 0x3d, 0xeb, 0x3d, 0xeb, 0x3d,
    0xeb, 0x3d, 0xeb, 0x3d, 0xeb, 0x3d, 0xeb, 0x3d, 0xeb, 0x3d, 0xeb, 0x3d, 0xeb, 0x3d, 0xeb, 0x3d,
    0xeb, 0x3d, 0xeb, 0x3d, 0xeb, 0x3d, 0xeb, 0x3d, 0xeb, 0x3d, 0xeb, 0x3d, 0xeb, 0x3d, 0xeb, 0x3d,
    0xeb, 0x3d, 0xeb, 0x3d, 0xeb, 0x3d, 0xeb, 0x3d, 0xeb, 0x3d, 0xeb, 0x3d, 0xeb, 0x3d, 0xeb, 0x3d,
    0xeb, 0x3d, 0xeb, 0x3d, 0xeb, 0x3d, 0xeb, 0x3d, 0xeb, 0x3d, 0xeb, 0x3d, 0xeb, 0x3d, 0xeb, 0x3d,
    0xeb, 0x3d, 0xeb, 0x3d, 0xeb, 0x3d, 0xeb, 0x3d, 0xeb, 0x3d, 0xeb, 0x3d, 0xeb, 0x3d, 0xeb, 0x3d,
    0xeb, 0x3d, 0xeb, 0x3d, 0xeb, 0x3d, 0xeb, 0x3d, 0xeb, 0x3d, 0xeb, 0x3d, 0xeb, 0x3d, 0xeb, 0x3d,
    0xeb, 0x3d, 0xeb, 0x3d, 0xeb, 0x3d, 0xeb, 0x3d, 0xeb, 0x3d, 0xeb, 0x3d, 0xeb, 0x3d, 0xeb, 0x3d,
    0xeb, 0x3d, 0xeb, 0x3d, 0xeb, 0x3d, 0xeb, 0x3d, 0xeb, 0x3d, 0xeb, 0x3d, 0xeb, 0x3d, 0xeb, 0x3d,
    0xeb, 0x3d, 0xeb, 0x3d, 0x42, 0x09, 0x00, 0x00, 0x00, 0x00, 0x00, 0x00, 0x00, 0x00, 0x00, 0x00,
    0x00, 0x00, 0x00, 0x00, 0x00, 0x00, 0x00, 0x00, 0x00, 0x00, 0x00, 0x00, 0x00, 0x00, 0x00, 0x00,
    0x00, 0x00, 0x00, 0x00, 0x00, 0x00, 0x00, 0x00, 0x00, 0x00, 0x42, 0x09, 0xeb, 0x3d, 0xeb, 0x3d,
    0xeb, 0x3d, 0xeb, 0x3d, 0xeb, 0x3d, 0xeb, 0x3d, 0xeb, 0x3d, 0xeb, 0x3d, 0xeb, 0x3d, 0xeb, 0x3d,
    0xeb, 0x3d, 0xeb, 0x3d, 0xeb, 0x3d, 0xeb, 0x3d, 0xeb, 0x3d, 0xeb, 0x3d, 0xeb, 0x3d, 0xeb, 0x3d,
    0xeb, 0x3d, 0xeb, 0x3d, 0xeb, 0x3d, 0xeb, 0x3d, 0xeb, 0x3d, 0xeb, 0x3d, 0xeb, 0x3d, 0xeb, 0x3d,
    0xeb, 0x3d, 0xeb, 0x3d, 0xeb, 0x3d, 0xeb, 0x3d, 0xeb, 0x3d, 0xeb, 0x3d, 0xeb, 0x3d, 0xeb, 0x3d,
    0xeb, 0x3d, 0xeb, 0x3d, 0xeb, 0x3d, 0xeb, 0x3d, 0xeb, 0x3d, 0xeb, 0x3d, 0xeb, 0x3d, 0xeb, 0x3d,
    0xeb, 0x3d, 0xeb, 0x3d, 0xeb, 0x3d, 0xeb, 0x3d, 0xeb, 0x3d, 0xeb, 0x3d, 0xeb, 0x3d, 0xeb, 0x3d,
    0xeb, 0x3d, 0xeb, 0x3d, 0xeb, 0x3d, 0xeb, 0x3d, 0xeb, 0x3d, 0xeb, 0x3d, 0xeb, 0x3d, 0xeb, 0x3d,
    0xeb, 0x3d, 0xeb, 0x3d, 0xeb, 0x3d, 0xeb, 0x3d, 0xeb, 0x3d, 0xeb, 0x3d, 0xeb, 0x3d, 0xeb, 0x3d,
    0xeb, 0x3d, 0xeb, 0x3d, 0xeb, 0x3d, 0xeb, 0x3d, 0xeb, 0x3d, 0xeb, 0x3d, 0xeb, 0x3d, 0xeb, 0x3d,
    0xeb, 0x3d, 0xeb, 0x3d, 0xe9, 0x34, 0x00, 0x00, 0x00, 0x00, 0x00, 0x00, 0x00, 0x00, 0x00, 0x00,
    0x00, 0x00, 0x00, 0x00, 0x00, 0x00, 0x00, 0x00, 0x00, 0x00, 0x00, 0x00, 0x00, 0x00, 0x00, 0x00,
    0x00, 0x00, 0x00, 0x00, 0x00, 0x00, 0x00, 0x00, 0x00, 0x00, 0x00, 0x00, 0x00, 0x00, 0x00, 0x00,
    0x00, 0x00, 0x00, 0x00, 0x00, 0x00, 0x00, 0x00, 0x00, 0x00, 0xe7, 0x2b, 0xeb, 0x3d, 0xeb, 0x3d,
    0xeb, 0x3d, 0xeb, 0x3d, 0xeb, 0x3d, 0xeb, 0x3d, 0xeb, 0x3d, 0xeb, 0x3d, 0xeb, 0x3d, 0xeb, 0x3d,
    0xeb, 0x3d, 0xeb, 0x3d, 0xeb, 0x3d, 0xeb, 0x3d, 0xeb, 0x3d, 0xeb, 0x3d, 0xeb, 0x3d, 0xeb, 0x3d,
    0xeb, 0x3d, 0xeb, 0x3d, 0xeb, 0x3d, 0xeb, 0x3d, 0xeb, 0x3d, 0xeb, 0x3d, 0xeb, 0x3d, 0xeb, 0x3d,
    0xeb, 0x3d, 0xeb, 0x3d, 0xeb, 0x3d, 0xeb, 0x3d, 0xeb, 0x3d, 0xeb, 0x3d, 0xeb, 0x3d, 0xeb, 0x3d,
    0xeb, 0x3d, 0xeb, 0x3d, 0xeb, 0x3d, 0xeb, 0x3d, 0xeb, 0x3d, 0xeb, 0x3d, 0xeb, 0x3d, 0xeb, 0x3d,
    0xeb, 0x3d, 0xeb, 0x3d, 0xeb, 0x3d, 0xeb, 0x3d, 0xeb, 0x3d, 0xeb, 0x3d, 0xeb, 0x3d, 0xeb, 0x3d,
    0xeb, 0x3d, 0xeb, 0x3d, 0xeb, 0x3d, 0xeb, 0x3d, 0xeb, 0x3d, 0xeb, 0x3d, 0xeb, 0x3d, 0xeb, 0x3d,
    0xeb, 0x3d, 0xeb, 0x3d, 0xeb, 0x3d, 0xeb, 0x3d, 0xeb, 0x3d, 0xeb, 0x3d, 0xeb, 0x3d, 0xeb, 0x3d,
    0xeb, 0x3d, 0xeb, 0x3d, 0xeb, 0x3d, 0xeb, 0x3d, 0xeb, 0x3d, 0xeb, 0x3d, 0xeb, 0x3d, 0xeb, 0x3d,
    0xeb, 0x3d, 0xeb, 0x3d, 0x42, 0x09, 0x00, 0x00, 0x00, 0x00, 0x00, 0x00, 0x00, 0x00, 0x00, 0x00,
    0x00, 0x00, 0x00, 0x00, 0x00, 0x00, 0x00, 0x00, 0x00, 0x00, 0x00, 0x00, 0x00, 0x00, 0x00, 0x00,
    0x00, 0x00, 0x00, 0x00, 0x00, 0x00, 0x00, 0x00, 0x00, 0x00, 0x42, 0x09, 0xeb, 0x3d, 0xeb, 0x3d,
    0xeb, 0x3d, 0xeb, 0x3d, 0xeb, 0x3d, 0xeb, 0x3d, 0xeb, 0x3d, 0xeb, 0x3d, 0xeb, 0x3d, 0xeb, 0x3d,
    0xeb, 0x3d, 0xeb, 0x3d, 0xeb, 0x3d, 0xeb, 0x3d, 0xeb, 0x3d, 0xeb, 0x3d, 0xeb, 0x3d, 0xeb, 0x3d,
    0xeb, 0x3d, 0xeb, 0x3d, 0xeb, 0x3d, 0xeb, 0x3d, 0xeb, 0x3d, 0xeb, 0x3d, 0xeb, 0x3d, 0xeb, 0x3d,
    0xeb, 0x3d, 0xeb, 0x3d, 0xeb, 0x3d, 0xeb, 0x3d, 0xeb, 0x3d, 0xeb, 0x3d, 0xeb, 0x3d, 0xeb, 0x3d,
    0xeb, 0x3d, 0xeb, 0x3d, 0xeb, 0x3d, 0xeb, 0x3d, 0xeb, 0x3d, 0xeb, 0x3d, 0xeb, 0x3d, 0xeb, 0x3d,
    0xeb, 0x3d, 0xeb, 0x3d, 0xeb, 0x3d, 0xeb, 0x3d, 0xeb, 0x3d, 0xeb, 0x3d, 0xeb, 0x3d, 0xeb, 0x3d,
    0xeb, 0x3d, 0xeb, 0x3d, 0xeb, 0x3d, 0xeb, 0x3d, 0xeb, 0x3d, 0xeb, 0x3d, 0xeb, 0x3d, 0xeb, 0x3d,
    0xeb, 0x3d, 0xeb, 0x3d, 0xeb, 0x3d, 0xeb, 0x3d, 0xeb, 0x3d, 0xeb, 0x3d, 0xeb, 0x3d, 0xeb, 0x3d,
    0xeb, 0x3d, 0xeb, 0x3d, 0xeb, 0x3d, 0xeb, 0x3d, 0xeb, 0x3d, 0xeb, 0x3d, 0xeb, 0x3d, 0xeb, 0x3d,
    0xeb, 0x3d, 0xeb, 0x3d, 0xe7, 0x2b, 0x00, 0x00, 0x00, 0x00, 0x00, 0x00, 0x00, 0x00, 0x00, 0x00,
    0x00, 0x00, 0x00, 0x00, 0x00, 0x00, 0x00, 0x00, 0x00, 0x00, 0x00, 0x00, 0x00, 0x00, 0x00, 0x00,
    0x00, 0x00, 0x00, 0x00, 0x00, 0x00, 0x00, 0x00, 0x00, 0x00, 0x00, 0x00, 0x00, 0x00, 0x00, 0x00,
    0x00, 0x00, 0x00, 0x00, 0x00, 0x00, 0x00, 0x00, 0x00, 0x00, 0xa5, 0x1a, 0xeb, 0x3d, 0xeb, 0x3d,
    0xeb, 0x3d, 0xeb, 0x3d, 0xeb, 0x3d, 0xeb, 0x3d, 0xeb, 0x3d, 0xeb, 0x3d, 0xeb, 0x3d, 0xeb, 0x3d,
    0xeb, 0x3d, 0xeb, 0x3d, 0xeb, 0x3d, 0xeb, 0x3d, 0xeb, 0x3d, 0xeb, 0x3d, 0xeb, 0x3d, 0xeb, 0x3d,
    0xeb, 0x3d, 0xeb, 0x3d, 0xeb, 0x3d, 0xeb, 0x3d, 0xeb, 0x3d, 0xeb, 0x3d, 0xeb, 0x3d, 0xeb, 0x3d,
    0xeb, 0x3d, 0xeb, 0x3d, 0xeb, 0x3d, 0xeb, 0x3d, 0xeb, 0x3d, 0xeb, 0x3d, 0xeb, 0x3d, 0xeb, 0x3d,
    0xeb, 0x3d, 0xeb, 0x3d, 0xeb, 0x3d, 0xeb, 0x3d, 0xeb, 0x3d, 0xeb, 0x3d, 0xeb, 0x3d, 0xeb, 0x3d,
    0xeb, 0x3d, 0xeb, 0x3d, 0xeb, 0x3d, 0xeb, 0x3d, 0xeb, 0x3d, 0xeb, 0x3d, 0xeb, 0x3d, 0xeb, 0x3d,
    0xeb, 0x3d, 0xeb, 0x3d, 0xeb, 0x3d, 0xeb, 0x3d, 0xeb, 0x3d, 0xeb, 0x3d, 0xeb, 0x3d, 0xeb, 0x3d,
    0xeb, 0x3d, 0xeb, 0x3d, 0xeb, 0x3d, 0xeb, 0x3d, 0xeb, 0x3d, 0xeb, 0x3d, 0xeb, 0x3d, 0xeb, 0x3d,
    0xeb, 0x3d, 0xeb, 0x3d, 0xeb, 0x3d, 0xeb, 0x3d, 0xeb, 0x3d, 0xeb, 0x3d, 0xeb, 0x3d, 0xeb, 0x3d,
    0xeb, 0x3d, 0xeb, 0x3d, 0x42, 0x09, 0x00, 0x00, 0x00, 0x00, 0x00, 0x00, 0x00, 0x00, 0x00, 0x00,
    0x00, 0x00, 0x00, 0x00, 0x00, 0x00, 0x00, 0x00, 0x00, 0x00, 0x00, 0x00, 0x00, 0x00, 0x00, 0x00,
    0x00, 0x00, 0x00, 0x00, 0x00, 0x00, 0x00, 0x00, 0x00, 0x00, 0x42, 0x09, 0xeb, 0x3d, 0xeb, 0x3d,
    0xeb, 0x3d, 0xeb, 0x3d, 0xeb, 0x3d, 0xeb, 0x3d, 0xeb, 0x3d, 0xeb, 0x3d, 0xeb, 0x3d, 0xeb, 0x3d,
    0xeb, 0x3d, 0xeb, 0x3d, 0xeb, 0x3d, 0xeb, 0x3d, 0xeb, 0x3d, 0xeb, 0x3d, 0xeb, 0x3d, 0xeb, 0x3d,
    0xeb, 0x3d, 0xeb, 0x3d, 0xeb, 0x3d, 0xeb, 0x3d, 0xeb, 0x3d, 0xeb, 0x3d, 0xeb, 0x3d, 0xeb, 0x3d,
    0xeb, 0x3d, 0xeb, 0x3d, 0xeb, 0x3d, 0xeb, 0x3d, 0xeb, 0x3d, 0xeb, 0x3d, 0xeb, 0x3d, 0xeb, 0x3d,
    0xeb, 0x3d, 0xeb, 0x3d, 0xeb, 0x3d, 0xeb, 0x3d, 0xeb, 0x3d, 0xeb, 0x3d, 0xeb, 0x3d, 0xeb, 0x3d,
    0xeb, 0x3d, 0xeb, 0x3d, 0xeb, 0x3d, 0xeb, 0x3d, 0xeb, 0x3d, 0xeb, 0x3d, 0xeb, 0x3d, 0xeb, 0x3d,
    0xeb, 0x3d, 0xeb, 0x3d, 0xeb, 0x3d, 0xeb, 0x3d, 0xeb, 0x3d, 0xeb, 0x3d, 0xeb, 0x3d, 0xeb, 0x3d,
    0xeb, 0x3d, 0xeb, 0x3d, 0xeb, 0x3d, 0xeb, 0x3d, 0xeb, 0x3d, 0xeb, 0x3d, 0xeb, 0x3d, 0xeb, 0x3d,
    0xeb, 0x3d, 0xeb, 0x3d, 0xeb, 0x3d, 0xeb, 0x3d, 0xeb, 0x3d, 0xeb, 0x3d, 0xeb, 0x3d, 0xeb, 0x3d,
    0xeb, 0x3d, 0xeb, 0x3d, 0xa5, 0x1a, 0x00, 0x00, 0x00, 0x00, 0x00, 0x00, 0x00, 0x00, 0x00, 0x00,
    0x00, 0x00, 0x00, 0x00, 0x00, 0x00, 0x00, 0x00, 0x00, 0x00, 0x00, 0x00, 0x00, 0x00, 0x00, 0x00,
    0x00, 0x00, 0x00, 0x00, 0x00, 0x00, 0x00, 0x00, 0x00, 0x00, 0x00, 0x00, 0x00, 0x00, 0x00, 0x00,
    0x00, 0x00, 0x00, 0x00, 0x00, 0x00, 0x00, 0x00, 0x00, 0x00, 0x42, 0x09, 0xeb, 0x3d, 0xeb, 0x3d,
    0xeb, 0x3d, 0xeb, 0x3d, 0xeb, 0x3d, 0xeb, 0x3d, 0xeb, 0x3d, 0xeb, 0x3d, 0xeb, 0x3d, 0xeb, 0x3d,
    0xeb, 0x3d, 0xeb, 0x3d, 0xeb, 0x3d, 0xeb, 0x3d, 0xeb, 0x3d, 0xeb, 0x3d, 0xeb, 0x3d, 0xeb, 0x3d,
    0xeb, 0x3d, 0xeb, 0x3d, 0xeb, 0x3d, 0xeb, 0x3d, 0xeb, 0x3d, 0xeb, 0x3d, 0xeb, 0x3d, 0xeb, 0x3d,
    0xeb, 0x3d, 0xeb, 0x3d, 0xeb, 0x3d, 0xeb, 0x3d, 0xeb, 0x3d, 0xeb, 0x3d, 0xeb, 0x3d, 0xeb, 0x3d,
    0xeb, 0x3d, 0xeb, 0x3d, 0xeb, 0x3d, 0xeb, 0x3d, 0xeb, 0x3d, 0xeb, 0x3d, 0xeb, 0x3d, 0xeb, 0x3d,
    0xeb, 0x3d, 0xeb, 0x3d, 0xeb, 0x3d, 0xeb, 0x3d, 0xeb, 0x3d, 0xeb, 0x3d, 0xeb, 0x3d, 0xeb, 0x3d,
    0xeb, 0x3d, 0xeb, 0x3d, 0xeb, 0x3d, 0xeb, 0x3d, 0xeb, 0x3d, 0xeb, 0x3d, 0xeb, 0x3d, 0xeb, 0x3d,
    0xeb, 0x3d, 0xeb, 0x3d, 0xeb, 0x3d, 0xeb, 0x3d, 0xeb, 0x3d, 0xeb, 0x3d, 0xeb, 0x3d, 0xeb, 0x3d,
    0xeb, 0x3d, 0xeb, 0x3d, 0xeb, 0x3d, 0xeb, 0x3d, 0xeb, 0x3d, 0xeb, 0x3d, 0xeb, 0x3d, 0xeb, 0x3d,
    0xeb, 0x3d, 0xeb, 0x3d, 0x42, 0x09, 0x00, 0x00, 0x00, 0x00, 0x00, 0x00, 0x00, 0x00, 0x00, 0x00,
    0x00, 0x00, 0x00, 0x00, 0x00, 0x00, 0x00, 0x00, 0x00, 0x00, 0x00, 0x00, 0x00, 0x00, 0x00, 0x00,
    0x00, 0x00, 0x00, 0x00, 0x00, 0x00, 0x00, 0x00, 0x00, 0x00, 0x42, 0x09, 0xeb, 0x3d, 0xeb, 0x3d,
    0xeb, 0x3d, 0xeb, 0x3d, 0xeb, 0x3d, 0xeb, 0x3d, 0xeb, 0x3d, 0xeb, 0x3d, 0xeb, 0x3d, 0xeb, 0x3d,
    0xeb, 0x3d, 0xeb, 0x3d, 0xeb, 0x3d, 0xeb, 0x3d, 0xeb, 0x3d, 0xeb, 0x3d, 0xeb, 0x3d, 0xeb, 0x3d,
    0xeb, 0x3d, 0xeb, 0x3d, 0xeb, 0x3d, 0xeb, 0x3d, 0xeb, 0x3d, 0xeb, 0x3d, 0xeb, 0x3d, 0xeb, 0x3d,
    0xeb, 0x3d, 0xeb, 0x3d, 0xeb, 0x3d, 0xeb, 0x3d, 0xeb, 0x3d, 0xeb, 0x3d, 0xeb, 0x3d, 0xeb, 0x3d,
    0xeb, 0x3d, 0xeb, 0x3d, 0xeb, 0x3d, 0xeb, 0x3d, 0xeb, 0x3d, 0xeb, 0x3d, 0xeb, 0x3d, 0xeb, 0x3d,
    0xeb, 0x3d, 0xeb, 0x3d, 0xeb, 0x3d, 0xeb, 0x3d, 0xeb, 0x3d, 0xeb, 0x3d, 0xeb, 0x3d, 0xeb, 0x3d,
    0xeb, 0x3d, 0xeb, 0x3d, 0xeb, 0x3d, 0xeb, 0x3d, 0xeb, 0x3d, 0xeb, 0x3d, 0xeb, 0x3d, 0xeb, 0x3d,
    0xeb, 0x3d, 0xeb, 0x3d, 0xeb, 0x3d, 0xeb, 0x3d, 0xeb, 0x3d, 0xeb, 0x3d, 0xeb, 0x3d, 0xeb, 0x3d,
    0xeb, 0x3d, 0xeb, 0x3d, 0xeb, 0x3d, 0xeb, 0x3d, 0xeb, 0x3d, 0xeb, 0x3d, 0xeb, 0x3d, 0xeb, 0x3d,
    0xeb, 0x3d, 0xeb, 0x3d, 0x42, 0x09, 0x00, 0x00, 0x00, 0x00, 0x00, 0x00, 0x00, 0x00, 0x00, 0x00,
    0x00, 0x00, 0x00, 0x00, 0x00, 0x00, 0x00, 0x00, 0x00, 0x00, 0x00, 0x00, 0x00, 0x00, 0x00, 0x00,
    0x00, 0x00, 0x00, 0x00, 0x00, 0x00, 0x00, 0x00, 0x00, 0x00, 0x00, 0x00, 0x00, 0x00, 0x00, 0x00,
    0x00, 0x00, 0x00, 0x00, 0x00, 0x00, 0x00, 0x00, 0x00, 0x00, 0x20, 0x00, 0x8a, 0x3d, 0xeb, 0x3d,
    0xeb, 0x3d, 0xeb, 0x3d, 0xeb, 0x3d, 0xeb, 0x3d, 0xeb, 0x3d, 0xeb, 0x3d, 0xeb, 0x3d, 0xeb, 0x3d,
    0xeb, 0x3d, 0xeb, 0x3d, 0xeb, 0x3d, 0xeb, 0x3d, 0xeb, 0x3d, 0xeb, 0x3d, 0xeb, 0x3d, 0xeb, 0x3d,
    0xeb, 0x3d, 0xeb, 0x3d, 0xeb, 0x3d, 0xeb, 0x3d, 0xeb, 0x3d, 0xeb, 0x3d, 0xeb, 0x3d, 0xeb, 0x3d,
    0xeb, 0x3d, 0xeb, 0x3d, 0xeb, 0x3d, 0xeb, 0x3d, 0xeb, 0x3d, 0xeb, 0x3d, 0xeb, 0x3d, 0xeb, 0x3d,
    0xeb, 0x3d, 0xeb, 0x3d, 0xeb, 0x3d, 0xeb, 0x3d, 0xeb, 0x3d, 0xeb, 0x3d, 0xeb, 0x3d, 0xeb, 0x3d,
    0xeb, 0x3d, 0xeb, 0x3d, 0xeb, 0x3d, 0xeb, 0x3d, 0xeb, 0x3d, 0xeb, 0x3d, 0xeb, 0x3d, 0xeb, 0x3d,
    0xeb, 0x3d, 0xeb, 0x3d, 0xeb, 0x3d, 0xeb, 0x3d, 0xeb, 0x3d, 0xeb, 0x3d, 0xeb, 0x3d, 0xeb, 0x3d,
    0xeb, 0x3d, 0xeb, 0x3d, 0xeb, 0x3d, 0xeb, 0x3d, 0xeb, 0x3d, 0xeb, 0x3d, 0xeb, 0x3d, 0xeb, 0x3d,
    0xeb, 0x3d, 0xeb, 0x3d, 0xeb, 0x3d, 0xeb, 0x3d, 0xeb, 0x3d, 0xeb, 0x3d, 0xeb, 0x3d, 0xeb, 0x3d,
    0xeb, 0x3d, 0xeb, 0x3d, 0x42, 0x09, 0x00, 0x00, 0x00, 0x00, 0x00, 0x00, 0x00, 0x00, 0x00, 0x00,
    0x00, 0x00, 0x00, 0x00, 0x00, 0x00, 0x00, 0x00, 0x00, 0x00, 0x00, 0x00, 0x00, 0x00, 0x00, 0x00,
    0x00, 0x00, 0x00, 0x00, 0x00, 0x00, 0x00, 0x00, 0x00, 0x00, 0x42, 0x09, 0xeb, 0x3d, 0xeb, 0x3d,
    0xeb, 0x3d, 0xeb, 0x3d, 0xeb, 0x3d, 0xeb, 0x3d, 0xeb, 0x3d, 0xeb, 0x3d, 0xeb, 0x3d, 0xeb, 0x3d,
    0xeb, 0x3d, 0xeb, 0x3d, 0xeb, 0x3d, 0xeb, 0x3d, 0xeb, 0x3d, 0xeb, 0x3d, 0xeb, 0x3d, 0xeb, 0x3d,
    0xeb, 0x3d, 0xeb, 0x3d, 0xeb, 0x3d, 0xeb, 0x3d, 0xeb, 0x3d, 0xeb, 0x3d, 0xeb, 0x3d, 0xeb, 0x3d,
    0xeb, 0x3d, 0xeb, 0x3d, 0xeb, 0x3d, 0xeb, 0x3d, 0xeb, 0x3d, 0xeb, 0x3d, 0xeb, 0x3d, 0xeb, 0x3d,
    0xeb, 0x3d, 0xeb, 0x3d, 0xeb, 0x3d, 0xeb, 0x3d, 0xeb, 0x3d, 0xeb, 0x3d, 0xeb, 0x3d, 0xeb, 0x3d,
    0xeb, 0x3d, 0xeb, 0x3d, 0xeb, 0x3d, 0xeb, 0x3d, 0xeb, 0x3d, 0xeb, 0x3d, 0xeb, 0x3d, 0xeb, 0x3d,
    0xeb, 0x3d, 0xeb, 0x3d, 0xeb, 0x3d, 0xeb, 0x3d, 0xeb, 0x3d, 0xeb, 0x3d, 0xeb, 0x3d, 0xeb, 0x3d,
    0xeb, 0x3d, 0xeb, 0x3d, 0xeb, 0x3d, 0xeb, 0x3d, 0xeb, 0x3d, 0xeb, 0x3d, 0xeb, 0x3d, 0xeb, 0x3d,
    0xeb, 0x3d, 0xeb, 0x3d, 0xeb, 0x3d, 0xeb, 0x3d, 0xeb, 0x3d, 0xeb, 0x3d, 0xeb, 0x3d, 0xeb, 0x3d,
    0xeb, 0x3d, 0x8a, 0x3d, 0x20, 0x00, 0x00, 0x00, 0x00, 0x00, 0x00, 0x00, 0x00, 0x00, 0x00, 0x00,
    0x00, 0x00, 0x00, 0x00, 0x00, 0x00, 0x00, 0x00, 0x00, 0x00, 0x00, 0x00, 0x00, 0x00, 0x00, 0x00,
    0x00, 0x00, 0x00, 0x00, 0x00, 0x00, 0x00, 0x00, 0x00, 0x00, 0x00, 0x00, 0x00, 0x00, 0x00, 0x00,
    0x00, 0x00, 0x00, 0x00, 0x00, 0x00, 0x00, 0x00, 0x00, 0x00, 0x00, 0x00, 0x07, 0x2c, 0xeb, 0x3d,
    0xeb, 0x3d, 0xeb, 0x3d, 0xeb, 0x3d, 0xeb, 0x3d, 0xeb, 0x3d, 0xeb, 0x3d, 0xeb, 0x3d, 0xeb, 0x3d,
    0xeb, 0x3d, 0xeb, 0x3d, 0xeb, 0x3d, 0xeb, 0x3d, 0xeb, 0x3d, 0xeb, 0x3d, 0xeb, 0x3d, 0xeb, 0x3d,
    0xeb, 0x3d, 0xeb, 0x3d, 0xeb, 0x3d, 0xeb, 0x3d, 0xeb, 0x3d, 0xeb, 0x3d, 0xeb, 0x3d, 0xeb, 0x3d,
    0xeb, 0x3d, 0xeb, 0x3d, 0xeb, 0x3d, 0xeb, 0x3d, 0xeb, 0x3d, 0xeb, 0x3d, 0xeb, 0x3d, 0xeb, 0x3d,
    0xeb, 0x3d, 0xeb, 0x3d, 0xeb, 0x3d, 0xeb, 0x3d, 0xeb, 0x3d, 0xeb, 0x3d, 0xeb, 0x3d, 0xeb, 0x3d,
    0xeb, 0x3d, 0xeb, 0x3d, 0xeb, 0x3d, 0xeb, 0x3d, 0xeb, 0x3d, 0xeb, 0x3d, 0xeb, 0x3d, 0xeb, 0x3d,
    0xeb, 0x3d, 0xeb, 0x3d, 0xeb, 0x3d, 0xeb, 0x3d, 0xeb, 0x3d, 0xeb, 0x3d, 0xeb, 0x3d, 0xeb, 0x3d,
    0xeb, 0x3d, 0xeb, 0x3d, 0xeb, 0x3d, 0xeb, 0x3d, 0xeb, 0x3d, 0xeb, 0x3d, 0xeb, 0x3d, 0xeb, 0x3d,
    0xeb, 0x3d, 0xeb, 0x3d, 0xeb, 0x3d, 0xeb, 0x3d, 0xeb, 0x3d, 0xeb, 0x3d, 0xeb, 0x3d, 0xeb, 0x3d,
    0xeb, 0x3d, 0xeb, 0x3d, 0x42, 0x09, 0x00, 0x00, 0x00, 0x00, 0x00, 0x00, 0x00, 0x00, 0x00, 0x00,
    0x00, 0x00, 0x00, 0x00, 0x00, 0x00, 0x00, 0x00, 0x00, 0x00, 0x00, 0x00, 0x00, 0x00, 0x00, 0x00,
    0x00, 0x00, 0x00, 0x00, 0x00, 0x00, 0x00, 0x00, 0x00, 0x00, 0x42, 0x09, 0xeb, 0x3d, 0xeb, 0x3d,
    0xeb, 0x3d, 0xeb, 0x3d, 0xeb, 0x3d, 0xeb, 0x3d, 0xeb, 0x3d, 0xeb, 0x3d, 0xeb, 0x3d, 0xeb, 0x3d,
    0xeb, 0x3d, 0xeb, 0x3d, 0xeb, 0x3d, 0xeb, 0x3d, 0xeb, 0x3d, 0xeb, 0x3d, 0xeb, 0x3d, 0xeb, 0x3d,
    0xeb, 0x3d, 0xeb, 0x3d, 0xeb, 0x3d, 0xeb, 0x3d, 0xeb, 0x3d, 0xeb, 0x3d, 0xeb, 0x3d, 0xeb, 0x3d,
    0xeb, 0x3d, 0xeb, 0x3d, 0xeb, 0x3d, 0xeb, 0x3d, 0xeb, 0x3d, 0xeb, 0x3d, 0xeb, 0x3d, 0xeb, 0x3d,
    0xeb, 0x3d, 0xeb, 0x3d, 0xeb, 0x3d, 0xeb, 0x3d, 0xeb, 0x3d, 0xeb, 0x3d, 0xeb, 0x3d, 0xeb, 0x3d,
    0xeb, 0x3d, 0xeb, 0x3d, 0xeb, 0x3d, 0xeb, 0x3d, 0xeb, 0x3d, 0xeb, 0x3d, 0xeb, 0x3d, 0xeb, 0x3d,
    0xeb, 0x3d, 0xeb, 0x3d, 0xeb, 0x3d, 0xeb, 0x3d, 0xeb, 0x3d, 0xeb, 0x3d, 0xeb, 0x3d, 0xeb, 0x3d,
    0xeb, 0x3d, 0xeb, 0x3d, 0xeb, 0x3d, 0xeb, 0x3d, 0xeb, 0x3d, 0xeb, 0x3d, 0xeb, 0x3d, 0xeb, 0x3d,
    0xeb, 0x3d, 0xeb, 0x3d, 0xeb, 0x3d, 0xeb, 0x3d, 0xeb, 0x3d, 0xeb, 0x3d, 0xeb, 0x3d, 0xeb, 0x3d,
    0xeb, 0x3d, 0x07, 0x2c, 0x00, 0x00, 0x00, 0x00, 0x00, 0x00, 0x00, 0x00, 0x00, 0x00, 0x00, 0x00,
    0x00, 0x00, 0x00, 0x00, 0x00, 0x00, 0x00, 0x00, 0x00, 0x00, 0x00, 0x00, 0x00, 0x00, 0x00, 0x00,
    0x00, 0x00, 0x00, 0x00, 0x00, 0x00, 0x00, 0x00, 0x00, 0x00, 0x00, 0x00, 0x00, 0x00, 0x00, 0x00,
    0x00, 0x00, 0x00, 0x00, 0x00, 0x00, 0x00, 0x00, 0x00, 0x00, 0x00, 0x00, 0x24, 0x12, 0xeb, 0x3d,
    0xeb, 0x3d, 0xeb, 0x3d, 0xeb, 0x3d, 0xeb, 0x3d, 0xeb, 0x3d, 0xeb, 0x3d, 0xeb, 0x3d, 0xeb, 0x3d,
    0xeb, 0x3d, 0xeb, 0x3d, 0xeb, 0x3d, 0xeb, 0x3d, 0xeb, 0x3d, 0xeb, 0x3d, 0xeb, 0x3d, 0xeb, 0x3d,
    0xeb, 0x3d, 0xeb, 0x3d, 0xeb, 0x3d, 0xeb, 0x3d, 0xeb, 0x3d, 0xeb, 0x3d, 0xeb, 0x3d, 0xeb, 0x3d,
    0xeb, 0x3d, 0xeb, 0x3d, 0xeb, 0x3d, 0xeb, 0x3d, 0xeb, 0x3d, 0xeb, 0x3d, 0xeb, 0x3d, 0xeb, 0x3d,
    0xeb, 0x3d, 0xeb, 0x3d, 0xeb, 0x3d, 0xeb, 0x3d, 0xeb, 0x3d, 0xeb, 0x3d, 0xeb, 0x3d, 0xeb, 0x3d,
    0xeb, 0x3d, 0xeb, 0x3d, 0xeb, 0x3d, 0xeb, 0x3d, 0xeb, 0x3d, 0xeb, 0x3d, 0xeb, 0x3d, 0xeb, 0x3d,
    0xeb, 0x3d, 0xeb, 0x3d, 0xeb, 0x3d, 0xeb, 0x3d, 0xeb, 0x3d, 0xeb, 0x3d, 0xeb, 0x3d, 0xeb, 0x3d,
    0xeb, 0x3d, 0xeb, 0x3d, 0xeb, 0x3d, 0xeb, 0x3d, 0xeb, 0x3d, 0xeb, 0x3d, 0xeb, 0x3d, 0xeb, 0x3d,
    0xeb, 0x3d, 0xeb, 0x3d, 0xeb, 0x3d, 0xeb, 0x3d, 0xeb, 0x3d, 0xeb, 0x3d, 0xeb, 0x3d, 0xeb, 0x3d,
    0xeb, 0x3d, 0xeb, 0x3d, 0x42, 0x09, 0x00, 0x00, 0x00, 0x00, 0x00, 0x00, 0x00, 0x00, 0x00, 0x00,
    0x00, 0x00, 0x00, 0x00, 0x00, 0x00, 0x00, 0x00, 0x00, 0x00, 0x00, 0x00, 0x00, 0x00, 0x00, 0x00,
    0x00, 0x00, 0x00, 0x00, 0x00, 0x00, 0x00, 0x00, 0x00, 0x00, 0x42, 0x09, 0xeb, 0x3d, 0xeb, 0x3d,
    0xeb, 0x3d, 0xeb, 0x3d, 0xeb, 0x3d, 0xeb, 0x3d, 0xeb, 0x3d, 0xeb, 0x3d, 0xeb, 0x3d, 0xeb, 0x3d,
    0xeb, 0x3d, 0xeb, 0x3d, 0xeb, 0x3d, 0xeb, 0x3d, 0xeb, 0x3d, 0xeb, 0x3d, 0xeb, 0x3d, 0xeb, 0x3d,
    0xeb, 0x3d, 0xeb, 0x3d, 0xeb, 0x3d, 0xeb, 0x3d, 0xeb, 0x3d, 0xeb, 0x3d, 0xeb, 0x3d, 0xeb, 0x3d,
    0xeb, 0x3d, 0xeb, 0x3d, 0xeb, 0x3d, 0xeb, 0x3d, 0xeb, 0x3d, 0xeb, 0x3d, 0xeb, 0x3d, 0xeb, 0x3d,
    0xeb, 0x3d, 0xeb, 0x3d, 0xeb, 0x3d, 0xeb, 0x3d, 0xeb, 0x3d, 0xeb, 0x3d, 0xeb, 0x3d, 0xeb, 0x3d,
    0xeb, 0x3d, 0xeb, 0x3d, 0xeb, 0x3d, 0xeb, 0x3d, 0xeb, 0x3d, 0xeb, 0x3d, 0xeb, 0x3d, 0xeb, 0x3d,
    0xeb, 0x3d, 0xeb, 0x3d, 0xeb, 0x3d, 0xeb, 0x3d, 0xeb, 0x3d, 0xeb, 0x3d, 0xeb, 0x3d, 0xeb, 0x3d,
    0xeb, 0x3d, 0xeb, 0x3d, 0xeb, 0x3d, 0xeb, 0x3d, 0xeb, 0x3d, 0xeb, 0x3d, 0xeb, 0x3d, 0xeb, 0x3d,
    0xeb, 0x3d, 0xeb, 0x3d, 0xeb, 0x3d, 0xeb, 0x3d, 0xeb, 0x3d, 0xeb, 0x3d, 0xeb, 0x3d, 0xeb, 0x3d,
    0xeb, 0x3d, 0x24, 0x12, 0x00, 0x00, 0x00, 0x00, 0x00, 0x00, 0x00, 0x00, 0x00, 0x00, 0x00, 0x00,
    0x00, 0x00, 0x00, 0x00, 0x00, 0x00, 0x00, 0x00, 0x00, 0x00, 0x00, 0x00, 0x00, 0x00, 0x00, 0x00,
    0x00, 0x00, 0x00, 0x00, 0x00, 0x00, 0x00, 0x00, 0x00, 0x00, 0x00, 0x00, 0x00, 0x00, 0x00, 0x00,
    0x00, 0x00, 0x00, 0x00, 0x00, 0x00, 0x00, 0x00, 0x00, 0x00, 0x00, 0x00, 0x60, 0x00, 0xaa, 0x3d,
    0xeb, 0x3d, 0xeb, 0x3d, 0xeb, 0x3d, 0xeb, 0x3d, 0xeb, 0x3d, 0xeb, 0x3d, 0xeb, 0x3d, 0xeb, 0x3d,
    0xeb, 0x3d, 0xeb, 0x3d, 0xeb, 0x3d, 0xeb, 0x3d, 0xeb, 0x3d, 0xeb, 0x3d, 0xeb, 0x3d, 0xeb, 0x3d,
    0xeb, 0x3d, 0xeb, 0x3d, 0xeb, 0x3d, 0xeb, 0x3d, 0xeb, 0x3d, 0xeb, 0x3d, 0xeb, 0x3d, 0xeb, 0x3d,
    0xeb, 0x3d, 0xeb, 0x3d, 0xeb, 0x3d, 0xeb, 0x3d, 0xeb, 0x3d, 0xeb, 0x3d, 0xeb, 0x3d, 0xeb, 0x3d,
    0xeb, 0x3d, 0xeb, 0x3d, 0xeb, 0x3d, 0xeb, 0x3d, 0xeb, 0x3d, 0xeb, 0x3d, 0xeb, 0x3d, 0xeb, 0x3d,
    0xeb, 0x3d, 0xeb, 0x3d, 0xeb, 0x3d, 0xeb, 0x3d, 0xeb, 0x3d, 0xeb, 0x3d, 0xeb, 0x3d, 0xeb, 0x3d,
    0xeb, 0x3d, 0xeb, 0x3d, 0xeb, 0x3d, 0xeb, 0x3d, 0xeb, 0x3d, 0xeb, 0x3d, 0xeb, 0x3d, 0xeb, 0x3d,
    0xeb, 0x3d, 0xeb, 0x3d, 0xeb, 0x3d, 0xeb, 0x3d, 0xeb, 0x3d, 0xeb, 0x3d, 0xeb, 0x3d, 0xeb, 0x3d,
    0xeb, 0x3d, 0xeb, 0x3d, 0xeb, 0x3d, 0xeb, 0x3d, 0xeb, 0x3d, 0xeb, 0x3d, 0xeb, 0x3d, 0xeb, 0x3d,
    0xeb, 0x3d, 0xeb, 0x3d, 0x42, 0x09, 0x00, 0x00, 0x00, 0x00, 0x00, 0x00, 0x00, 0x00, 0x00, 0x00,
    0x00, 0x00, 0x00, 0x00, 0x00, 0x00, 0x00, 0x00, 0x00, 0x00, 0x00, 0x00, 0x00, 0x00, 0x00, 0x00,
    0x00, 0x00, 0x00, 0x00, 0x00, 0x00, 0x00, 0x00, 0x00, 0x00, 0x42, 0x09, 0xeb, 0x3d, 0xeb, 0x3d,
    0xeb, 0x3d, 0xeb, 0x3d, 0xeb, 0x3d, 0xeb, 0x3d, 0xeb, 0x3d, 0xeb, 0x3d, 0xeb, 0x3d, 0xeb, 0x3d,
    0xeb, 0x3d, 0xeb, 0x3d, 0xeb, 0x3d, 0xeb, 0x3d, 0xeb, 0x3d, 0xeb, 0x3d, 0xeb, 0x3d, 0xeb, 0x3d,
    0xeb, 0x3d, 0xeb, 0x3d, 0xeb, 0x3d, 0xeb, 0x3d, 0xeb, 0x3d, 0xeb, 0x3d, 0xeb, 0x3d, 0xeb, 0x3d,
    0xeb, 0x3d, 0xeb, 0x3d, 0xeb, 0x3d, 0xeb, 0x3d, 0xeb, 0x3d, 0xeb, 0x3d, 0xeb, 0x3d, 0xeb, 0x3d,
    0xeb, 0x3d, 0xeb, 0x3d, 0xeb, 0x3d, 0xeb, 0x3d, 0xeb, 0x3d, 0xeb, 0x3d, 0xeb, 0x3d, 0xeb, 0x3d,
    0xeb, 0x3d, 0xeb, 0x3d, 0xeb, 0x3d, 0xeb, 0x3d, 0xeb, 0x3d, 0xeb, 0x3d, 0xeb, 0x3d, 0xeb, 0x3d,
    0xeb, 0x3d, 0xeb, 0x3d, 0xeb, 0x3d, 0xeb, 0x3d, 0xeb, 0x3d, 0xeb, 0x3d, 0xeb, 0x3d, 0xeb, 0x3d,
    0xeb, 0x3d, 0xeb, 0x3d, 0xeb, 0x3d, 0xeb, 0x3d, 0xeb, 0x3d, 0xeb, 0x3d, 0xeb, 0x3d, 0xeb, 0x3d,
    0xeb, 0x3d, 0xeb, 0x3d, 0xeb, 0x3d, 0xeb, 0x3d, 0xeb, 0x3d, 0xeb, 0x3d, 0xeb, 0x3d, 0xeb, 0x3d,
    0xaa, 0x3d, 0x60, 0x00, 0x00, 0x00, 0x00, 0x00, 0x00, 0x00, 0x00, 0x00, 0x00, 0x00, 0x00, 0x00,
    0x00, 0x00, 0x00, 0x00, 0x00, 0x00, 0x00, 0x00, 0x00, 0x00, 0x00, 0x00, 0x00, 0x00, 0x00, 0x00,
    0x00, 0x00, 0x00, 0x00, 0x00, 0x00, 0x00, 0x00, 0x00, 0x00, 0x00, 0x00, 0x00, 0x00, 0x00, 0x00,
    0x00, 0x00, 0x00, 0x00, 0x00, 0x00, 0x00, 0x00, 0x00, 0x00, 0x00, 0x00, 0x00, 0x00, 0xc7, 0x2b,
    0xeb, 0x3d, 0xeb, 0x3d, 0xeb, 0x3d, 0xeb, 0x3d, 0xeb, 0x3d, 0xeb, 0x3d, 0xeb, 0x3d, 0xeb, 0x3d,
    0xeb, 0x3d, 0xeb, 0x3d, 0xeb, 0x3d, 0xeb, 0x3d, 0xeb, 0x3d, 0xeb, 0x3d, 0xeb, 0x3d, 0xeb, 0x3d,
    0xeb, 0x3d, 0xeb, 0x3d, 0xeb, 0x3d, 0xeb, 0x3d, 0xeb, 0x3d, 0xeb, 0x3d, 0xeb, 0x3d, 0xeb, 0x3d,
    0xeb, 0x3d, 0xeb, 0x3d, 0xeb, 0x3d, 0xeb, 0x3d, 0xeb, 0x3d, 0xeb, 0x3d, 0xeb, 0x3d, 0xeb, 0x3d,
    0xeb, 0x3d, 0xeb, 0x3d, 0xeb, 0x3d, 0xeb, 0x3d, 0xeb, 0x3d, 0xeb, 0x3d, 0xeb, 0x3d, 0xeb, 0x3d,
    0xeb, 0x3d, 0xeb, 0x3d, 0xeb, 0x3d, 0xeb, 0x3d, 0xeb, 0x3d, 0xeb, 0x3d, 0xeb, 0x3d, 0xeb, 0x3d,
    0xeb, 0x3d, 0xeb, 0x3d, 0xeb, 0x3d, 0xeb, 0x3d, 0xeb, 0x3d, 0xeb, 0x3d, 0xeb, 0x3d, 0xeb, 0x3d,
    0xeb, 0x3d, 0xeb, 0x3d, 0xeb, 0x3d, 0xeb, 0x3d, 0xeb, 0x3d, 0xeb, 0x3d, 0xeb, 0x3d, 0xeb, 0x3d,
    0xeb, 0x3d, 0xeb, 0x3d, 0xeb, 0x3d, 0xeb, 0x3d, 0xeb, 0x3d, 0xeb, 0x3d, 0xeb, 0x3d, 0xeb, 0x3d,
    0xeb, 0x3d, 0xeb, 0x3d, 0x42, 0x09, 0x00, 0x00, 0x00, 0x00, 0x00, 0x00, 0x00, 0x00, 0x00, 0x00,
    0x00, 0x00, 0x00, 0x00, 0x00, 0x00, 0x00, 0x00, 0x00, 0x00, 0x00, 0x00, 0x00, 0x00, 0x00, 0x00,
    0x00, 0x00, 0x00, 0x00, 0x00, 0x00, 0x00, 0x00, 0x00, 0x00, 0x42, 0x09, 0xeb, 0x3d, 0xeb, 0x3d,
    0xeb, 0x3d, 0xeb, 0x3d, 0xeb, 0x3d, 0xeb, 0x3d, 0xeb, 0x3d, 0xeb, 0x3d, 0xeb, 0x3d, 0xeb, 0x3d,
    0xeb, 0x3d, 0xeb, 0x3d, 0xeb, 0x3d, 0xeb, 0x3d, 0xeb, 0x3d, 0xeb, 0x3d, 0xeb, 0x3d, 0xeb, 0x3d,
    0xeb, 0x3d, 0xeb, 0x3d, 0xeb, 0x3d, 0xeb, 0x3d, 0xeb, 0x3d, 0xeb, 0x3d, 0xeb, 0x3d, 0xeb, 0x3d,
    0xeb, 0x3d, 0xeb, 0x3d, 0xeb, 0x3d, 0xeb, 0x3d, 0xeb, 0x3d, 0xeb, 0x3d, 0xeb, 0x3d, 0xeb, 0x3d,
    0xeb, 0x3d, 0xeb, 0x3d, 0xeb, 0x3d, 0xeb, 0x3d, 0xeb, 0x3d, 0xeb, 0x3d, 0xeb, 0x3d, 0xeb, 0x3d,
    0xeb, 0x3d, 0xeb, 0x3d, 0xeb, 0x3d, 0xeb, 0x3d, 0xeb, 0x3d, 0xeb, 0x3d, 0xeb, 0x3d, 0xeb, 0x3d,
    0xeb, 0x3d, 0xeb, 0x3d, 0xeb, 0x3d, 0xeb, 0x3d, 0xeb, 0x3d, 0xeb, 0x3d, 0xeb, 0x3d, 0xeb, 0x3d,
    0xeb, 0x3d, 0xeb, 0x3d, 0xeb, 0x3d, 0xeb, 0x3d, 0xeb, 0x3d, 0xeb, 0x3d, 0xeb, 0x3d, 0xeb, 0x3d,
    0xeb, 0x3d, 0xeb, 0x3d, 0xeb, 0x3d, 0xeb, 0x3d, 0xeb, 0x3d, 0xeb, 0x3d, 0xeb, 0x3d, 0xeb, 0x3d,
    0xc7, 0x2b, 0x00, 0x00, 0x00, 0x00, 0x00, 0x00, 0x00, 0x00, 0x00, 0x00, 0x00, 0x00, 0x00, 0x00,
    0x00, 0x00, 0x00, 0x00, 0x00, 0x00, 0x00, 0x00, 0x00, 0x00, 0x00, 0x00, 0x00, 0x00, 0x00, 0x00,
    0x00, 0x00, 0x00, 0x00, 0x00, 0x00, 0x00, 0x00, 0x00, 0x00, 0x00, 0x00, 0x00, 0x00, 0x00, 0x00,
    0x00, 0x00, 0x00, 0x00, 0x00, 0x00, 0x00, 0x00, 0x00, 0x00, 0x00, 0x00, 0x00, 0x00, 0x62, 0x09,
    0xeb, 0x3d, 0xeb, 0x3d, 0xeb, 0x3d, 0xeb, 0x3d, 0xeb, 0x3d, 0xeb, 0x3d, 0xeb, 0x3d, 0xeb, 0x3d,
    0xeb, 0x3d, 0xeb, 0x3d, 0xeb, 0x3d, 0xeb, 0x3d, 0xeb, 0x3d, 0xeb, 0x3d, 0xeb, 0x3d, 0xeb, 0x3d,
    0xeb, 0x3d, 0xeb, 0x3d, 0xeb, 0x3d, 0xeb, 0x3d, 0xeb, 0x3d, 0xeb, 0x3d, 0xeb, 0x3d, 0xeb, 0x3d,
    0xeb, 0x3d, 0xeb, 0x3d, 0xeb, 0x3d, 0xeb, 0x3d, 0xeb, 0x3d, 0xeb, 0x3d, 0xeb, 0x3d, 0xeb, 0x3d,
    0xeb, 0x3d, 0xeb, 0x3d, 0xeb, 0x3d, 0xeb, 0x3d, 0xeb, 0x3d, 0xeb, 0x3d, 0xeb, 0x3d, 0xeb, 0x3d,
    0xeb, 0x3d, 0xeb, 0x3d, 0xeb, 0x3d, 0xeb, 0x3d, 0xeb, 0x3d, 0xeb, 0x3d, 0xeb, 0x3d, 0xeb, 0x3d,
    0xeb, 0x3d, 0xeb, 0x3d, 0xeb, 0x3d, 0xeb, 0x3d, 0xeb, 0x3d, 0xeb, 0x3d, 0xeb, 0x3d, 0xeb, 0x3d,
    0xeb, 0x3d, 0xeb, 0x3d, 0xeb, 0x3d, 0xeb, 0x3d, 0xeb, 0x3d, 0xeb, 0x3d, 0xeb, 0x3d, 0xeb, 0x3d,
    0xeb, 0x3d, 0xeb, 0x3d, 0xeb, 0x3d, 0xeb, 0x3d, 0xeb, 0x3d, 0xeb, 0x3d, 0xeb, 0x3d, 0xeb, 0x3d,
    0xeb, 0x3d, 0xeb, 0x3d, 0x42, 0x09, 0x00, 0x00, 0x00, 0x00, 0x00, 0x00, 0x00, 0x00, 0x00, 0x00,
    0x00, 0x00, 0x00, 0x00, 0x00, 0x00, 0x00, 0x00, 0x00, 0x00, 0x00, 0x00, 0x00, 0x00, 0x00, 0x00,
    0x00, 0x00, 0x00, 0x00, 0x00, 0x00, 0x00, 0x00, 0x00, 0x00, 0x42, 0x09, 0xeb, 0x3d, 0xeb, 0x3d,
    0xeb, 0x3d, 0xeb, 0x3d, 0xeb, 0x3d, 0xeb, 0x3d, 0xeb, 0x3d, 0xeb, 0x3d, 0xeb, 0x3d, 0xeb, 0x3d,
    0xeb, 0x3d, 0xeb, 0x3d, 0xeb, 0x3d, 0xeb, 0x3d, 0xeb, 0x3d, 0xeb, 0x3d, 0xeb, 0x3d, 0xeb, 0x3d,
    0xeb, 0x3d, 0xeb, 0x3d, 0xeb, 0x3d, 0xeb, 0x3d, 0xeb, 0x3d, 0xeb, 0x3d, 0xeb, 0x3d, 0xeb, 0x3d,
    0xeb, 0x3d, 0xeb, 0x3d, 0xeb, 0x3d, 0xeb, 0x3d, 0xeb, 0x3d, 0xeb, 0x3d, 0xeb, 0x3d, 0xeb, 0x3d,
    0xeb, 0x3d, 0xeb, 0x3d, 0xeb, 0x3d, 0xeb, 0x3d, 0xeb, 0x3d, 0xeb, 0x3d, 0xeb, 0x3d, 0xeb, 0x3d,
    0xeb, 0x3d, 0xeb, 0x3d, 0xeb, 0x3d, 0xeb, 0x3d, 0xeb, 0x3d, 0xeb, 0x3d, 0xeb, 0x3d, 0xeb, 0x3d,
    0xeb, 0x3d, 0xeb, 0x3d, 0xeb, 0x3d, 0xeb, 0x3d, 0xeb, 0x3d, 0xeb, 0x3d, 0xeb, 0x3d, 0xeb, 0x3d,
    0xeb, 0x3d, 0xeb, 0x3d, 0xeb, 0x3d, 0xeb, 0x3d, 0xeb, 0x3d, 0xeb, 0x3d, 0xeb, 0x3d, 0xeb, 0x3d,
    0xeb, 0x3d, 0xeb, 0x3d, 0xeb, 0x3d, 0xeb, 0x3d, 0xeb, 0x3d, 0xeb, 0x3d, 0xeb, 0x3d, 0xeb, 0x3d,
    0x62, 0x09, 0x00, 0x00, 0x00, 0x00, 0x00, 0x00, 0x00, 0x00, 0x00, 0x00, 0x00, 0x00, 0x00, 0x00,
    0x00, 0x00, 0x00, 0x00, 0x00, 0x00, 0x00, 0x00, 0x00, 0x00, 0x00, 0x00, 0x00, 0x00, 0x00, 0x00,
    0x00, 0x00, 0x00, 0x00, 0x00, 0x00, 0x00, 0x00, 0x00, 0x00, 0x00, 0x00, 0x00, 0x00, 0x00, 0x00,
    0x00, 0x00, 0x00, 0x00, 0x00, 0x00, 0x00, 0x00, 0x00, 0x00, 0x00, 0x00, 0x00, 0x00, 0x00, 0x00,
    0xa8, 0x34, 0xeb, 0x3d, 0xeb, 0x3d, 0xeb, 0x3d, 0xeb, 0x3d, 0xeb, 0x3d, 0xeb, 0x3d, 0xeb, 0x3d,
    0xeb, 0x3d, 0xeb, 0x3d, 0xeb, 0x3d, 0xeb, 0x3d, 0xeb, 0x3d, 0xeb, 0x3d, 0xeb, 0x3d, 0xeb, 0x3d,
    0xeb, 0x3d, 0xeb, 0x3d, 0xeb, 0x3d, 0xeb, 0x3d, 0xeb, 0x3d, 0xeb, 0x3d, 0xeb, 0x3d, 0xeb, 0x3d,
    0xeb, 0x3d, 0xeb, 0x3d, 0xeb, 0x3d, 0xeb, 0x3d, 0xeb, 0x3d, 0xeb, 0x3d, 0xeb, 0x3d, 0xeb, 0x3d,
    0xeb, 0x3d, 0xeb, 0x3d, 0xeb, 0x3d, 0xeb, 0x3d, 0xeb, 0x3d, 0xeb, 0x3d, 0xeb, 0x3d, 0xeb, 0x3d,
    0xeb, 0x3d, 0xeb, 0x3d, 0xeb, 0x3d, 0xeb, 0x3d, 0xeb, 0x3d, 0xeb, 0x3d, 0xeb, 0x3d, 0xeb, 0x3d,
    0xeb, 0x3d, 0xeb, 0x3d, 0xeb, 0x3d, 0xeb, 0x3d, 0xeb, 0x3d, 0xeb, 0x3d, 0xeb, 0x3d, 0xeb, 0x3d,
    0xeb, 0x3d, 0xeb, 0x3d, 0xeb, 0x3d, 0xeb, 0x3d, 0xeb, 0x3d, 0xeb, 0x3d, 0xeb, 0x3d, 0xeb, 0x3d,
    0xeb, 0x3d, 0xeb, 0x3d, 0xeb, 0x3d, 0xeb, 0x3d, 0xeb, 0x3d, 0xeb, 0x3d, 0xeb, 0x3d, 0xeb, 0x3d,
    0xeb, 0x3d, 0xeb, 0x3d, 0x42, 0x09, 0x00, 0x00, 0x00, 0x00, 0x00, 0x00, 0x00, 0x00, 0x00, 0x00,
    0x00, 0x00, 0x00, 0x00, 0x00, 0x00, 0x00, 0x00, 0x00, 0x00, 0x00, 0x00, 0x00, 0x00, 0x00, 0x00,
    0x00, 0x00, 0x00, 0x00, 0x00, 0x00, 0x00, 0x00, 0x00, 0x00, 0x42, 0x09, 0xeb, 0x3d, 0xeb, 0x3d,
    0xeb, 0x3d, 0xeb, 0x3d, 0xeb, 0x3d, 0xeb, 0x3d, 0xeb, 0x3d, 0xeb, 0x3d, 0xeb, 0x3d, 0xeb, 0x3d,
    0xeb, 0x3d, 0xeb, 0x3d, 0xeb, 0x3d, 0xeb, 0x3d, 0xeb, 0x3d, 0xeb, 0x3d, 0xeb, 0x3d, 0xeb, 0x3d,
    0xeb, 0x3d, 0xeb, 0x3d, 0xeb, 0x3d, 0xeb, 0x3d, 0xeb, 0x3d, 0xeb, 0x3d, 0xeb, 0x3d, 0xeb, 0x3d,
    0xeb, 0x3d, 0xeb, 0x3d, 0xeb, 0x3d, 0xeb, 0x3d, 0xeb, 0x3d, 0xeb, 0x3d, 0xeb, 0x3d, 0xeb, 0x3d,
    0xeb, 0x3d, 0xeb, 0x3d, 0xeb, 0x3d, 0xeb, 0x3d, 0xeb, 0x3d, 0xeb, 0x3d, 0xeb, 0x3d, 0xeb, 0x3d,
    0xeb, 0x3d, 0xeb, 0x3d, 0xeb, 0x3d, 0xeb, 0x3d, 0xeb, 0x3d, 0xeb, 0x3d, 0xeb, 0x3d, 0xeb, 0x3d,
    0xeb, 0x3d, 0xeb, 0x3d, 0xeb, 0x3d, 0xeb, 0x3d, 0xeb, 0x3d, 0xeb, 0x3d, 0xeb, 0x3d, 0xeb, 0x3d,
    0xeb, 0x3d, 0xeb, 0x3d, 0xeb, 0x3d, 0xeb, 0x3d, 0xeb, 0x3d, 0xeb, 0x3d, 0xeb, 0x3d, 0xeb, 0x3d,
    0xeb, 0x3d, 0xeb, 0x3d, 0xeb, 0x3d, 0xeb, 0x3d, 0xeb, 0x3d, 0xeb, 0x3d, 0xeb, 0x3d, 0x88, 0x34,
    0x00, 0x00, 0x00, 0x00, 0x00, 0x00, 0x00, 0x00, 0x00, 0x00, 0x00, 0x00, 0x00, 0x00, 0x00, 0x00,
    0x00, 0x00, 0x00, 0x00, 0x00, 0x00, 0x00, 0x00, 0x00, 0x00, 0x00, 0x00, 0x00, 0x00, 0x00, 0x00,
    0x00, 0x00, 0x00, 0x00, 0x00, 0x00, 0x00, 0x00, 0x00, 0x00, 0x00, 0x00, 0x00, 0x00, 0x00, 0x00,
    0x00, 0x00, 0x00, 0x00, 0x00, 0x00, 0x00, 0x00, 0x00, 0x00, 0x00, 0x00, 0x00, 0x00, 0x00, 0x00,
    0xe3, 0x11, 0xeb, 0x3d, 0xeb, 0x3d, 0xeb, 0x3d, 0xeb, 0x3d, 0xeb, 0x3d, 0xeb, 0x3d, 0xeb, 0x3d,
    0xeb, 0x3d, 0xeb, 0x3d, 0xeb, 0x3d, 0xeb, 0x3d, 0xeb, 0x3d, 0xeb, 0x3d, 0xeb, 0x3d, 0xeb, 0x3d,
    0xeb, 0x3d, 0xeb, 0x3d, 0xeb, 0x3d, 0xeb, 0x3d, 0xeb, 0x3d, 0xeb, 0x3d, 0xeb, 0x3d, 0xeb, 0x3d,
    0xeb, 0x3d, 0xeb, 0x3d, 0xeb, 0x3d, 0xeb, 0x3d, 0xeb, 0x3d, 0xeb, 0x3d, 0xeb, 0x3d, 0xeb, 0x3d,
    0xeb, 0x3d, 0xeb, 0x3d, 0xeb, 0x3d, 0xeb, 0x3d, 0xeb, 0x3d, 0xeb, 0x3d, 0xeb, 0x3d, 0xeb, 0x3d,
    0xeb, 0x3d, 0xeb, 0x3d, 0xeb, 0x3d, 0xeb, 0x3d, 0xeb, 0x3d, 0xeb, 0x3d, 0xeb, 0x3d, 0xeb, 0x3d,
    0xeb, 0x3d, 0xeb, 0x3d, 0xeb, 0x3d, 0xeb, 0x3d, 0xeb, 0x3d, 0xeb, 0x3d, 0xeb, 0x3d, 0xeb, 0x3d,
    0xeb, 0x3d, 0xeb, 0x3d, 0xeb, 0x3d, 0xeb, 0x3d, 0xeb, 0x3d, 0xeb, 0x3d, 0xeb, 0x3d, 0xeb, 0x3d,
    0xeb, 0x3d, 0xeb, 0x3d, 0xeb, 0x3d, 0xeb, 0x3d, 0xeb, 0x3d, 0xeb, 0x3d, 0xeb, 0x3d, 0xeb, 0x3d,
    0xeb, 0x3d, 0xeb, 0x3d, 0x42, 0x09, 0x00, 0x00, 0x00, 0x00, 0x00, 0x00, 0x00, 0x00, 0x00, 0x00,
    0x00, 0x00, 0x00, 0x00, 0x00, 0x00, 0x00, 0x00, 0x00, 0x00, 0x00, 0x00, 0x00, 0x00, 0x00, 0x00,
    0x00, 0x00, 0x00, 0x00, 0x00, 0x00, 0x00, 0x00, 0x00, 0x00, 0x42, 0x09, 0xeb, 0x3d, 0xeb, 0x3d,
    0xeb, 0x3d, 0xeb, 0x3d, 0xeb, 0x3d, 0xeb, 0x3d, 0xeb, 0x3d, 0xeb, 0x3d, 0xeb, 0x3d, 0xeb, 0x3d,
    0xeb, 0x3d, 0xeb, 0x3d, 0xeb, 0x3d, 0xeb, 0x3d, 0xeb, 0x3d, 0xeb, 0x3d, 0xeb, 0x3d, 0xeb, 0x3d,
    0xeb, 0x3d, 0xeb, 0x3d, 0xeb, 0x3d, 0xeb, 0x3d, 0xeb, 0x3d, 0xeb, 0x3d, 0xeb, 0x3d, 0xeb, 0x3d,
    0xeb, 0x3d, 0xeb, 0x3d, 0xeb, 0x3d, 0xeb, 0x3d, 0xeb, 0x3d, 0xeb, 0x3d, 0xeb, 0x3d, 0xeb, 0x3d,
    0xeb, 0x3d, 0xeb, 0x3d, 0xeb, 0x3d, 0xeb, 0x3d, 0xeb, 0x3d, 0xeb, 0x3d, 0xeb, 0x3d, 0xeb, 0x3d,
    0xeb, 0x3d, 0xeb, 0x3d, 0xeb, 0x3d, 0xeb, 0x3d, 0xeb, 0x3d, 0xeb, 0x3d, 0xeb, 0x3d, 0xeb, 0x3d,
    0xeb, 0x3d, 0xeb, 0x3d, 0xeb, 0x3d, 0xeb, 0x3d, 0xeb, 0x3d, 0xeb, 0x3d, 0xeb, 0x3d, 0xeb, 0x3d,
    0xeb, 0x3d, 0xeb, 0x3d, 0xeb, 0x3d, 0xeb, 0x3d, 0xeb, 0x3d, 0xeb, 0x3d, 0xeb, 0x3d, 0xeb, 0x3d,
    0xeb, 0x3d, 0xeb, 0x3d, 0xeb, 0x3d, 0xeb, 0x3d, 0xeb, 0x3d, 0xeb, 0x3d, 0xeb, 0x3d, 0xa3, 0x11,
    0x00, 0x00, 0x00, 0x00, 0x00, 0x00, 0x00, 0x00, 0x00, 0x00, 0x00, 0x00, 0x00, 0x00, 0x00, 0x00,
    0x00, 0x00, 0x00, 0x00, 0x00, 0x00, 0x00, 0x00, 0x00, 0x00, 0x00, 0x00, 0x00, 0x00, 0x00, 0x00,
    0x00, 0x00, 0x00, 0x00, 0x00, 0x00, 0x00, 0x00, 0x00, 0x00, 0x00, 0x00, 0x00, 0x00, 0x00, 0x00,
    0x00, 0x00, 0x00, 0x00, 0x00, 0x00, 0x00, 0x00, 0x00, 0x00, 0x00, 0x00, 0x00, 0x00, 0x00, 0x00,
    0x00, 0x00, 0xc8, 0x34, 0xeb, 0x3d, 0xeb, 0x3d, 0xeb, 0x3d, 0xeb, 0x3d, 0xeb, 0x3d, 0xeb, 0x3d,
    0xeb, 0x3d, 0xeb, 0x3d, 0xeb, 0x3d, 0xeb, 0x3d, 0xeb, 0x3d, 0xeb, 0x3d, 0xeb, 0x3d, 0xeb, 0x3d,
    0xeb, 0x3d, 0xeb, 0x3d, 0xeb, 0x3d, 0xeb, 0x3d, 0xeb, 0x3d, 0xeb, 0x3d, 0xeb, 0x3d, 0xeb, 0x3d,
    0xeb, 0x3d, 0xeb, 0x3d, 0xeb, 0x3d, 0xeb, 0x3d, 0xeb, 0x3d, 0xeb, 0x3d, 0xeb, 0x3d, 0xeb, 0x3d,
    0xeb, 0x3d, 0xeb, 0x3d, 0xeb, 0x3d, 0xeb, 0x3d, 0xeb, 0x3d, 0xeb, 0x3d, 0xeb, 0x3d, 0xeb, 0x3d,
    0xeb, 0x3d, 0xeb, 0x3d, 0xeb, 0x3d, 0xeb, 0x3d, 0xeb, 0x3d, 0xeb, 0x3d, 0xeb, 0x3d, 0xeb, 0x3d,
    0xeb, 0x3d, 0xeb, 0x3d, 0xeb, 0x3d, 0xeb, 0x3d, 0xeb, 0x3d, 0xeb, 0x3d, 0xeb, 0x3d, 0xeb, 0x3d,
    0xeb, 0x3d, 0xeb, 0x3d, 0xeb, 0x3d, 0xeb, 0x3d, 0xeb, 0x3d, 0xeb, 0x3d, 0xeb, 0x3d, 0xeb, 0x3d,
    0xeb, 0x3d, 0xeb, 0x3d, 0xeb, 0x3d, 0xeb, 0x3d, 0xeb, 0x3d, 0xeb, 0x3d, 0xeb, 0x3d, 0xeb, 0x3d,
    0xeb, 0x3d, 0xeb, 0x3d, 0x42, 0x09, 0x00, 0x00, 0x00, 0x00, 0x00, 0x00, 0x00, 0x00, 0x00, 0x00,
    0x00, 0x00, 0x00, 0x00, 0x00, 0x00, 0x00, 0x00, 0x00, 0x00, 0x00, 0x00, 0x00, 0x00, 0x00, 0x00,
    0x00, 0x00, 0x00, 0x00, 0x00, 0x00, 0x00, 0x00, 0x00, 0x00, 0x42, 0x09, 0xeb, 0x3d, 0xeb, 0x3d,
    0xeb, 0x3d, 0xeb, 0x3d, 0xeb, 0x3d, 0xeb, 0x3d, 0xeb, 0x3d, 0xeb, 0x3d, 0xeb, 0x3d, 0xeb, 0x3d,
    0xeb, 0x3d, 0xeb, 0x3d, 0xeb, 0x3d, 0xeb, 0x3d, 0xeb, 0x3d, 0xeb, 0x3d, 0xeb, 0x3d, 0xeb, 0x3d,
    0xeb, 0x3d, 0xeb, 0x3d, 0xeb, 0x3d, 0xeb, 0x3d, 0xeb, 0x3d, 0xeb, 0x3d, 0xeb, 0x3d, 0xeb, 0x3d,
    0xeb, 0x3d, 0xeb, 0x3d, 0xeb, 0x3d, 0xeb, 0x3d, 0xeb, 0x3d, 0xeb, 0x3d, 0xeb, 0x3d, 0xeb, 0x3d,
    0xeb, 0x3d, 0xeb, 0x3d, 0xeb, 0x3d, 0xeb, 0x3d, 0xeb, 0x3d, 0xeb, 0x3d, 0xeb, 0x3d, 0xeb, 0x3d,
    0xeb, 0x3d, 0xeb, 0x3d, 0xeb, 0x3d, 0xeb, 0x3d, 0xeb, 0x3d, 0xeb, 0x3d, 0xeb, 0x3d, 0xeb, 0x3d,
    0xeb, 0x3d, 0xeb, 0x3d, 0xeb, 0x3d, 0xeb, 0x3d, 0xeb, 0x3d, 0xeb, 0x3d, 0xeb, 0x3d, 0xeb, 0x3d,
    0xeb, 0x3d, 0xeb, 0x3d, 0xeb, 0x3d, 0xeb, 0x3d, 0xeb, 0x3d, 0xeb, 0x3d, 0xeb, 0x3d, 0xeb, 0x3d,
    0xeb, 0x3d, 0xeb, 0x3d, 0xeb, 0x3d, 0xeb, 0x3d, 0xeb, 0x3d, 0xeb, 0x3d, 0x88, 0x2c, 0x00, 0x00,
    0x00, 0x00, 0x00, 0x00, 0x00, 0x00, 0x00, 0x00, 0x00, 0x00, 0x00, 0x00, 0x00, 0x00, 0x00, 0x00,
    0x00, 0x00, 0x00, 0x00, 0x00, 0x00, 0x00, 0x00, 0x00, 0x00, 0x00, 0x00, 0x00, 0x00, 0x00, 0x00,
    0x00, 0x00, 0x00, 0x00, 0x00, 0x00, 0x00, 0x00, 0x00, 0x00, 0x00, 0x00, 0x00, 0x00, 0x00, 0x00,
    0x00, 0x00, 0x00, 0x00, 0x00, 0x00, 0x00, 0x00, 0x00, 0x00, 0x00, 0x00, 0x00, 0x00, 0x00, 0x00,
    0x00, 0x00, 0x82, 0x11, 0xeb, 0x3d, 0xeb, 0x3d, 0xeb, 0x3d, 0xeb, 0x3d, 0xeb, 0x3d, 0xeb, 0x3d,
    0xeb, 0x3d, 0xeb, 0x3d, 0xeb, 0x3d, 0xeb, 0x3d, 0xeb, 0x3d, 0xeb, 0x3d, 0xeb, 0x3d, 0xeb, 0x3d,
    0xeb, 0x3d, 0xeb, 0x3d, 0xeb, 0x3d, 0xeb, 0x3d, 0xeb, 0x3d, 0xeb, 0x3d, 0xeb, 0x3d, 0xeb, 0x3d,
    0xeb, 0x3d, 0xeb, 0x3d, 0xeb, 0x3d, 0xeb, 0x3d, 0xeb, 0x3d, 0xeb, 0x3d, 0xeb, 0x3d, 0xeb, 0x3d,
    0xeb, 0x3d, 0xeb, 0x3d, 0xeb, 0x3d, 0xeb, 0x3d, 0xeb, 0x3d, 0xeb, 0x3d, 0xeb, 0x3d, 0xeb, 0x3d,
    0xeb, 0x3d, 0xeb, 0x3d, 0xeb, 0x3d, 0xeb, 0x3d, 0xeb, 0x3d, 0xeb, 0x3d, 0xeb, 0x3d, 0xeb, 0x3d,
    0xeb, 0x3d, 0xeb, 0x3d, 0xeb, 0x3d, 0xeb, 0x3d, 0xeb, 0x3d, 0xeb, 0x3d, 0xeb, 0x3d, 0xeb, 0x3d,
    0xeb, 0x3d, 0xeb, 0x3d, 0xeb, 0x3d, 0xeb, 0x3d, 0xeb, 0x3d, 0xeb, 0x3d, 0xeb, 0x3d, 0xeb, 0x3d,
    0xeb, 0x3d, 0xeb, 0x3d, 0xeb, 0x3d, 0xeb, 0x3d, 0xeb, 0x3d, 0xeb, 0x3d, 0xeb, 0x3d, 0xeb, 0x3d,
    0xeb, 0x3d, 0xeb, 0x3d, 0x42, 0x09, 0x00, 0x00, 0x00, 0x00, 0x00, 0x00, 0x00, 0x00, 0x00, 0x00,
    0x00, 0x00, 0x00, 0x00, 0x00, 0x00, 0x00, 0x00, 0x00, 0x00, 0x00, 0x00, 0x00, 0x00, 0x00, 0x00,
    0x00, 0x00, 0x00, 0x00, 0x00, 0x00, 0x00, 0x00, 0x00, 0x00, 0x42, 0x09, 0xeb, 0x3d, 0xeb, 0x3d,
    0xeb, 0x3d, 0xeb, 0x3d, 0xeb, 0x3d, 0xeb, 0x3d, 0xeb, 0x3d, 0xeb, 0x3d, 0xeb, 0x3d, 0xeb, 0x3d,
    0xeb, 0x3d, 0xeb, 0x3d, 0xeb, 0x3d, 0xeb, 0x3d, 0xeb, 0x3d, 0xeb, 0x3d, 0xeb, 0x3d, 0xeb, 0x3d,
    0xeb, 0x3d, 0xeb, 0x3d, 0xeb, 0x3d, 0xeb, 0x3d, 0xeb, 0x3d, 0xeb, 0x3d, 0xeb, 0x3d, 0xeb, 0x3d,
    0xeb, 0x3d, 0xeb, 0x3d, 0xeb, 0x3d, 0xeb, 0x3d, 0xeb, 0x3d, 0xeb, 0x3d, 0xeb, 0x3d, 0xeb, 0x3d,
    0xeb, 0x3d, 0xeb, 0x3d, 0xeb, 0x3d, 0xeb, 0x3d, 0xeb, 0x3d, 0xeb, 0x3d, 0xeb, 0x3d, 0xeb, 0x3d,
    0xeb, 0x3d, 0xeb, 0x3d, 0xeb, 0x3d, 0xeb, 0x3d, 0xeb, 0x3d, 0xeb, 0x3d, 0xeb, 0x3d, 0xeb, 0x3d,
    0xeb, 0x3d, 0xeb, 0x3d, 0xeb, 0x3d, 0xeb, 0x3d, 0xeb, 0x3d, 0xeb, 0x3d, 0xeb, 0x3d, 0xeb, 0x3d,
    0xeb, 0x3d, 0xeb, 0x3d, 0xeb, 0x3d, 0xeb, 0x3d, 0xeb, 0x3d, 0xeb, 0x3d, 0xeb, 0x3d, 0xeb, 0x3d,
    0xeb, 0x3d, 0xeb, 0x3d, 0xeb, 0x3d, 0xeb, 0x3d, 0xeb, 0x3d, 0xeb, 0x3d, 0x62, 0x09, 0x00, 0x00,
    0x00, 0x00, 0x00, 0x00, 0x00, 0x00, 0x00, 0x00, 0x00, 0x00, 0x00, 0x00, 0x00, 0x00, 0x00, 0x00,
    0x00, 0x00, 0x00, 0x00, 0x00, 0x00, 0x00, 0x00, 0x00, 0x00, 0x00, 0x00, 0x00, 0x00, 0x00, 0x00,
    0x00, 0x00, 0x00, 0x00, 0x00, 0x00, 0x00, 0x00, 0x00, 0x00, 0x00, 0x00, 0x00, 0x00, 0x00, 0x00,
    0x00, 0x00, 0x00, 0x00, 0x00, 0x00, 0x00, 0x00, 0x00, 0x00, 0x00, 0x00, 0x00, 0x00, 0x00, 0x00,
    0x00, 0x00, 0x00, 0x00, 0x07, 0x2c, 0xeb, 0x3d, 0xeb, 0x3d, 0xeb, 0x3d, 0xeb, 0x3d, 0xeb, 0x3d,
    0xeb, 0x3d, 0xeb, 0x3d, 0xeb, 0x3d, 0xeb, 0x3d, 0xeb, 0x3d, 0xeb, 0x3d, 0xeb, 0x3d, 0xeb, 0x3d,
    0xeb, 0x3d, 0xeb, 0x3d, 0xeb, 0x3d, 0xeb, 0x3d, 0xeb, 0x3d, 0xeb, 0x3d, 0xeb, 0x3d, 0xeb, 0x3d,
    0xeb, 0x3d, 0xeb, 0x3d, 0xeb, 0x3d, 0xeb, 0x3d, 0xeb, 0x3d, 0xeb, 0x3d, 0xeb, 0x3d, 0xeb, 0x3d,
    0xeb, 0x3d, 0xeb, 0x3d, 0xeb, 0x3d, 0xeb, 0x3d, 0xeb, 0x3d, 0xeb, 0x3d, 0xeb, 0x3d, 0xeb, 0x3d,
    0xeb, 0x3d, 0xeb, 0x3d, 0xeb, 0x3d, 0xeb, 0x3d, 0xeb, 0x3d, 0xeb, 0x3d, 0xeb, 0x3d, 0xeb, 0x3d,
    0xeb, 0x3d, 0xeb, 0x3d, 0xeb, 0x3d, 0xeb, 0x3d, 0xeb, 0x3d, 0xeb, 0x3d, 0xeb, 0x3d, 0xeb, 0x3d,
    0xeb, 0x3d, 0xeb, 0x3d, 0xeb, 0x3d, 0xeb, 0x3d, 0xeb, 0x3d, 0xeb, 0x3d, 0xeb, 0x3d, 0xeb, 0x3d,
    0xeb, 0x3d, 0xeb, 0x3d, 0xeb, 0x3d, 0xeb, 0x3d, 0xeb, 0x3d, 0xeb, 0x3d, 0xeb, 0x3d, 0xeb, 0x3d,
    0xeb, 0x3d, 0xeb, 0x3d, 0x42, 0x09, 0x00, 0x00, 0x00, 0x00, 0x00, 0x00, 0x00, 0x00, 0x00, 0x00,
    0x00, 0x00, 0x00, 0x00, 0x00, 0x00, 0x00, 0x00, 0x00, 0x00, 0x00, 0x00, 0x00, 0x00, 0x00, 0x00,
    0x00, 0x00, 0x00, 0x00, 0x00, 0x00, 0x00, 0x00, 0x00, 0x00, 0x42, 0x09, 0xeb, 0x3d, 0xeb, 0x3d,
    0xeb, 0x3d, 0xeb, 0x3d, 0xeb, 0x3d, 0xeb, 0x3d, 0xeb, 0x3d, 0xeb, 0x3d, 0xeb, 0x3d, 0xeb, 0x3d,
    0xeb, 0x3d, 0xeb, 0x3d, 0xeb, 0x3d, 0xeb, 0x3d, 0xeb, 0x3d, 0xeb, 0x3d, 0xeb, 0x3d, 0xeb, 0x3d,
    0xeb, 0x3d, 0xeb, 0x3d, 0xeb, 0x3d, 0xeb, 0x3d, 0xeb, 0x3d, 0xeb, 0x3d, 0xeb, 0x3d, 0xeb, 0x3d,
    0xeb, 0x3d, 0xeb, 0x3d, 0xeb, 0x3d, 0xeb, 0x3d, 0xeb, 0x3d, 0xeb, 0x3d, 0xeb, 0x3d, 0xeb, 0x3d,
    0xeb, 0x3d, 0xeb, 0x3d, 0xeb, 0x3d, 0xeb, 0x3d, 0xeb, 0x3d, 0xeb, 0x3d, 0xeb, 0x3d, 0xeb, 0x3d,
    0xeb, 0x3d, 0xeb, 0x3d, 0xeb, 0x3d, 0xeb, 0x3d, 0xeb, 0x3d, 0xeb, 0x3d, 0xeb, 0x3d, 0xeb, 0x3d,
    0xeb, 0x3d, 0xeb, 0x3d, 0xeb, 0x3d, 0xeb, 0x3d, 0xeb, 0x3d, 0xeb, 0x3d, 0xeb, 0x3d, 0xeb, 0x3d,
    0xeb, 0x3d, 0xeb, 0x3d, 0xeb, 0x3d, 0xeb, 0x3d, 0xeb, 0x3d, 0xeb, 0x3d, 0xeb, 0x3d, 0xeb, 0x3d,
    0xeb, 0x3d, 0xeb, 0x3d, 0xeb, 0x3d, 0xeb, 0x3d, 0xeb, 0x3d, 0xc7, 0x23, 0x00, 0x00, 0x00, 0x00,
    0x00, 0x00, 0x00, 0x00, 0x00, 0x00, 0x00, 0x00, 0x00, 0x00, 0x00, 0x00, 0x00, 0x00, 0x00, 0x00,
    0x00, 0x00, 0x00, 0x00, 0x00, 0x00, 0x00, 0x00, 0x00, 0x00, 0x00, 0x00, 0x00, 0x00, 0x00, 0x00,
    0x00, 0x00, 0x00, 0x00, 0x00, 0x00, 0x00, 0x00, 0x00, 0x00, 0x00, 0x00, 0x00, 0x00, 0x00, 0x00,
    0x00, 0x00, 0x00, 0x00, 0x00, 0x00, 0x00, 0x00, 0x00, 0x00, 0x00, 0x00, 0x00, 0x00, 0x00, 0x00,
    0x00, 0x00, 0x00, 0x00, 0xa1, 0x00, 0x8a, 0x3d, 0xeb, 0x3d, 0xeb, 0x3d, 0xeb, 0x3d, 0xeb, 0x3d,
    0xeb, 0x3d, 0xeb, 0x3d, 0xeb, 0x3d, 0xeb, 0x3d, 0xeb, 0x3d, 0xeb, 0x3d, 0xeb, 0x3d, 0xeb, 0x3d,
    0xeb, 0x3d, 0xeb, 0x3d, 0xeb, 0x3d, 0xeb, 0x3d, 0xeb, 0x3d, 0xeb, 0x3d, 0xeb, 0x3d, 0xeb, 0x3d,
    0xeb, 0x3d, 0xeb, 0x3d, 0xeb, 0x3d, 0xeb, 0x3d, 0xeb, 0x3d, 0xeb, 0x3d, 0xeb, 0x3d, 0xeb, 0x3d,
    0xeb, 0x3d, 0xeb, 0x3d, 0xeb, 0x3d, 0xeb, 0x3d, 0xeb, 0x3d, 0xeb, 0x3d, 0xeb, 0x3d, 0xeb, 0x3d,
    0xeb, 0x3d, 0xeb, 0x3d, 0xeb, 0x3d, 0xeb, 0x3d, 0xeb, 0x3d, 0xeb, 0x3d, 0xeb, 0x3d, 0xeb, 0x3d,
    0xeb, 0x3d, 0xeb, 0x3d, 0xeb, 0x3d, 0xeb, 0x3d, 0xeb, 0x3d, 0xeb, 0x3d, 0xeb, 0x3d, 0xeb, 0x3d,
    0xeb, 0x3d, 0xeb, 0x3d, 0xeb, 0x3d, 0xeb, 0x3d, 0xeb, 0x3d, 0xeb, 0x3d, 0xeb, 0x3d, 0xeb, 0x3d,
    0xeb, 0x3d, 0xeb, 0x3d, 0xeb, 0x3d, 0xeb, 0x3d, 0xeb, 0x3d, 0xeb, 0x3d, 0xeb, 0x3d, 0xeb, 0x3d,
    0xeb, 0x3d, 0xeb, 0x3d, 0x42, 0x09, 0x00, 0x00, 0x00, 0x00, 0x00, 0x00, 0x00, 0x00, 0x00, 0x00,
    0x00, 0x00, 0x00, 0x00, 0x00, 0x00, 0x00, 0x00, 0x00, 0x00, 0x00, 0x00, 0x00, 0x00, 0x00, 0x00,
    0x00, 0x00, 0x00, 0x00, 0x00, 0x00, 0x00, 0x00, 0x00, 0x00, 0x42, 0x09, 0xeb, 0x3d, 0xeb, 0x3d,
    0xeb, 0x3d, 0xeb, 0x3d, 0xeb, 0x3d, 0xeb, 0x3d, 0xeb, 0x3d, 0xeb, 0x3d, 0xeb, 0x3d, 0xeb, 0x3d,
    0xeb, 0x3d, 0xeb, 0x3d, 0xeb, 0x3d, 0xeb, 0x3d, 0xeb, 0x3d, 0xeb, 0x3d, 0xeb, 0x3d, 0xeb, 0x3d,
    0xeb, 0x3d, 0xeb, 0x3d, 0xeb, 0x3d, 0xeb, 0x3d, 0xeb, 0x3d, 0xeb, 0x3d, 0xeb, 0x3d, 0xeb, 0x3d,
    0xeb, 0x3d, 0xeb, 0x3d, 0xeb, 0x3d, 0xeb, 0x3d, 0xeb, 0x3d, 0xeb, 0x3d, 0xeb, 0x3d, 0xeb, 0x3d,
    0xeb, 0x3d, 0xeb, 0x3d, 0xeb, 0x3d, 0xeb, 0x3d, 0xeb, 0x3d, 0xeb, 0x3d, 0xeb, 0x3d, 0xeb, 0x3d,
    0xeb, 0x3d, 0xeb, 0x3d, 0xeb, 0x3d, 0xeb, 0x3d, 0xeb, 0x3d, 0xeb, 0x3d, 0xeb, 0x3d, 0xeb, 0x3d,
    0xeb, 0x3d, 0xeb, 0x3d, 0xeb, 0x3d, 0xeb, 0x3d, 0xeb, 0x3d, 0xeb, 0x3d, 0xeb, 0x3d, 0xeb, 0x3d,
    0xeb, 0x3d, 0xeb, 0x3d, 0xeb, 0x3d, 0xeb, 0x3d, 0xeb, 0x3d, 0xeb, 0x3d, 0xeb, 0x3d, 0xeb, 0x3d,
    0xeb, 0x3d, 0xeb, 0x3d, 0xeb, 0x3d, 0xeb, 0x3d, 0x6a, 0x3d, 0x81, 0x00, 0x00, 0x00, 0x00, 0x00,
    0x00, 0x00, 0x00, 0x00, 0x00, 0x00, 0x00, 0x00, 0x00, 0x00, 0x00, 0x00, 0x00, 0x00, 0x00, 0x00,
    0x00, 0x00, 0x00, 0x00, 0x00, 0x00, 0x00, 0x00, 0x00, 0x00, 0x00, 0x00, 0x00, 0x00, 0x00, 0x00,
    0x00, 0x00, 0x00, 0x00, 0x00, 0x00, 0x00, 0x00, 0x00, 0x00, 0x00, 0x00, 0x00, 0x00, 0x00, 0x00,
    0x00, 0x00, 0x00, 0x00, 0x00, 0x00, 0x00, 0x00, 0x00, 0x00, 0x00, 0x00, 0x00, 0x00, 0x00, 0x00,
    0x00, 0x00, 0x00, 0x00, 0x00, 0x00, 0x24, 0x12, 0xeb, 0x3d, 0xeb, 0x3d, 0xeb, 0x3d, 0xeb, 0x3d,
    0xeb, 0x3d, 0xeb, 0x3d, 0xeb, 0x3d, 0xeb, 0x3d, 0xeb, 0x3d, 0xeb, 0x3d, 0xeb, 0x3d, 0xeb, 0x3d,
    0xeb, 0x3d, 0xeb, 0x3d, 0xeb, 0x3d, 0xeb, 0x3d, 0xeb, 0x3d, 0xeb, 0x3d, 0xeb, 0x3d, 0xeb, 0x3d,
    0xeb, 0x3d, 0xeb, 0x3d, 0xeb, 0x3d, 0xeb, 0x3d, 0xeb, 0x3d, 0xeb, 0x3d, 0xeb, 0x3d, 0xeb, 0x3d,
    0xeb, 0x3d, 0xeb, 0x3d, 0xeb, 0x3d, 0xeb, 0x3d, 0xeb, 0x3d, 0xeb, 0x3d, 0xeb, 0x3d, 0xeb, 0x3d,
    0xeb, 0x3d, 0xeb, 0x3d, 0xeb, 0x3d, 0xeb, 0x3d, 0xeb, 0x3d, 0xeb, 0x3d, 0xeb, 0x3d, 0xeb, 0x3d,
    0xeb, 0x3d, 0xeb, 0x3d, 0xeb, 0x3d, 0xeb, 0x3d, 0xeb, 0x3d, 0xeb, 0x3d, 0xeb, 0x3d, 0xeb, 0x3d,
    0xeb, 0x3d, 0xeb, 0x3d, 0xeb, 0x3d, 0xeb, 0x3d, 0xeb, 0x3d, 0xeb, 0x3d, 0xeb, 0x3d, 0xeb, 0x3d,
    0xeb, 0x3d, 0xeb, 0x3d, 0xeb, 0x3d, 0xeb, 0x3d, 0xeb, 0x3d, 0xeb, 0x3d, 0xeb, 0x3d, 0xeb, 0x3d,
    0xeb, 0x3d, 0xeb, 0x3d, 0x42, 0x09, 0x00, 0x00, 0x00, 0x00, 0x00, 0x00, 0x00, 0x00, 0x00, 0x00,
    0x00, 0x00, 0x00, 0x00, 0x00, 0x00, 0x00, 0x00, 0x00, 0x00, 0x00, 0x00, 0x00, 0x00, 0x00, 0x00,
    0x00, 0x00, 0x00, 0x00, 0x00, 0x00, 0x00, 0x00, 0x00, 0x00, 0x42, 0x09, 0xeb, 0x3d, 0xeb, 0x3d,
    0xeb, 0x3d, 0xeb, 0x3d, 0xeb, 0x3d, 0xeb, 0x3d, 0xeb, 0x3d, 0xeb, 0x3d, 0xeb, 0x3d, 0xeb, 0x3d,
    0xeb, 0x3d, 0xeb, 0x3d, 0xeb, 0x3d, 0xeb, 0x3d, 0xeb, 0x3d, 0xeb, 0x3d, 0xeb, 0x3d, 0xeb, 0x3d,
    0xeb, 0x3d, 0xeb, 0x3d, 0xeb, 0x3d, 0xeb, 0x3d, 0xeb, 0x3d, 0xeb, 0x3d, 0xeb, 0x3d, 0xeb, 0x3d,
    0xeb, 0x3d, 0xeb, 0x3d, 0xeb, 0x3d, 0xeb, 0x3d, 0xeb, 0x3d, 0xeb, 0x3d, 0xeb, 0x3d, 0xeb, 0x3d,
    0xeb, 0x3d, 0xeb, 0x3d, 0xeb, 0x3d, 0xeb, 0x3d, 0xeb, 0x3d, 0xeb, 0x3d, 0xeb, 0x3d, 0xeb, 0x3d,
    0xeb, 0x3d, 0xeb, 0x3d, 0xeb, 0x3d, 0xeb, 0x3d, 0xeb, 0x3d, 0xeb, 0x3d, 0xeb, 0x3d, 0xeb, 0x3d,
    0xeb, 0x3d, 0xeb, 0x3d, 0xeb, 0x3d, 0xeb, 0x3d, 0xeb, 0x3d, 0xeb, 0x3d, 0xeb, 0x3d, 0xeb, 0x3d,
    0xeb, 0x3d, 0xeb, 0x3d, 0xeb, 0x3d, 0xeb, 0x3d, 0xeb, 0x3d, 0xeb, 0x3d, 0xeb, 0x3d, 0xeb, 0x3d,
    0xeb, 0x3d, 0xeb, 0x3d, 0xeb, 0x3d, 0xeb, 0x3d, 0xe3, 0x11, 0x00, 0x00, 0x00, 0x00, 0x00, 0x00,
    0x00, 0x00, 0x00, 0x00, 0x00, 0x00, 0x00, 0x00, 0x00, 0x00, 0x00, 0x00, 0x00, 0x00, 0x00, 0x00,
    0x00, 0x00, 0x00, 0x00, 0x00, 0x00, 0x00, 0x00, 0x00, 0x00, 0x00, 0x00, 0x00, 0x00, 0x00, 0x00,
    0x00, 0x00, 0x00, 0x00, 0x00, 0x00, 0x00, 0x00, 0x00, 0x00, 0x00, 0x00, 0x00, 0x00, 0x00, 0x00,
    0x00, 0x00, 0x00, 0x00, 0x00, 0x00, 0x00, 0x00, 0x00, 0x00, 0x00, 0x00, 0x00, 0x00, 0x00, 0x00,
    0x00, 0x00, 0x00, 0x00, 0x00, 0x00, 0x00, 0x00, 0xc7, 0x23, 0xeb, 0x3d, 0xeb, 0x3d, 0xeb, 0x3d,
    0xeb, 0x3d, 0xeb, 0x3d, 0xeb, 0x3d, 0xeb, 0x3d, 0xeb, 0x3d, 0xeb, 0x3d, 0xeb, 0x3d, 0xeb, 0x3d,
    0xeb, 0x3d, 0xeb, 0x3d, 0xeb, 0x3d, 0xeb, 0x3d, 0xeb, 0x3d, 0xeb, 0x3d, 0xeb, 0x3d, 0xeb, 0x3d,
    0xeb, 0x3d, 0xeb, 0x3d, 0xeb, 0x3d, 0xeb, 0x3d, 0xeb, 0x3d, 0xeb, 0x3d, 0xeb, 0x3d, 0xeb, 0x3d,
    0xeb, 0x3d, 0xeb, 0x3d, 0xeb, 0x3d, 0xeb, 0x3d, 0xeb, 0x3d, 0xeb, 0x3d, 0xeb, 0x3d, 0xeb, 0x3d,
    0xeb, 0x3d, 0xeb, 0x3d, 0xeb, 0x3d, 0xeb, 0x3d, 0xeb, 0x3d, 0xeb, 0x3d, 0xeb, 0x3d, 0xeb, 0x3d,
    0xeb, 0x3d, 0xeb, 0x3d, 0xeb, 0x3d, 0xeb, 0x3d, 0xeb, 0x3d, 0xeb, 0x3d, 0xeb, 0x3d, 0xeb, 0x3d,
    0xeb, 0x3d, 0xeb, 0x3d, 0xeb, 0x3d, 0xeb, 0x3d, 0xeb, 0x3d, 0xeb, 0x3d, 0xeb, 0x3d, 0xeb, 0x3d,
    0xeb, 0x3d, 0xeb, 0x3d, 0xeb, 0x3d, 0xeb, 0x3d, 0xeb, 0x3d, 0xeb, 0x3d, 0xeb, 0x3d, 0xeb, 0x3d,
    0xeb, 0x3d, 0xeb, 0x3d, 0x42, 0x09, 0x00, 0x00, 0x00, 0x00, 0x00, 0x00, 0x00, 0x00, 0x00, 0x00,
    0x00, 0x00, 0x00, 0x00, 0x00, 0x00, 0x00, 0x00, 0x00, 0x00, 0x00, 0x00, 0x00, 0x00, 0x00, 0x00,
    0x00, 0x00, 0x00, 0x00, 0x00, 0x00, 0x00, 0x00, 0x00, 0x00, 0x42, 0x09, 0xeb, 0x3d, 0xeb, 0x3d,
    0xeb, 0x3d, 0xeb, 0x3d, 0xeb, 0x3d, 0xeb, 0x3d, 0xeb, 0x3d, 0xeb, 0x3d, 0xeb, 0x3d, 0xeb, 0x3d,
    0xeb, 0x3d, 0xeb, 0x3d, 0xeb, 0x3d, 0xeb, 0x3d, 0xeb, 0x3d, 0xeb, 0x3d, 0xeb, 0x3d, 0xeb, 0x3d,
    0xeb, 0x3d, 0xeb, 0x3d, 0xeb, 0x3d, 0xeb, 0x3d, 0xeb, 0x3d, 0xeb, 0x3d, 0xeb, 0x3d, 0xeb, 0x3d,
    0xeb, 0x3d, 0xeb, 0x3d, 0xeb, 0x3d, 0xeb, 0x3d, 0xeb, 0x3d, 0xeb, 0x3d, 0xeb, 0x3d, 0xeb, 0x3d,
    0xeb, 0x3d, 0xeb, 0x3d, 0xeb, 0x3d, 0xeb, 0x3d, 0xeb, 0x3d, 0xeb, 0x3d, 0xeb, 0x3d, 0xeb, 0x3d,
    0xeb, 0x3d, 0xeb, 0x3d, 0xeb, 0x3d, 0xeb, 0x3d, 0xeb, 0x3d, 0xeb, 0x3d, 0xeb, 0x3d, 0xeb, 0x3d,
    0xeb, 0x3d, 0xeb, 0x3d, 0xeb, 0x3d, 0xeb, 0x3d, 0xeb, 0x3d, 0xeb, 0x3d, 0xeb, 0x3d, 0xeb, 0x3d,
    0xeb, 0x3d, 0xeb, 0x3d, 0xeb, 0x3d, 0xeb, 0x3d, 0xeb, 0x3d, 0xeb, 0x3d, 0xeb, 0x3d, 0xeb, 0x3d,
    0xeb, 0x3d, 0xeb, 0x3d, 0xeb, 0x3d, 0x66, 0x23, 0x00, 0x00, 0x00, 0x00, 0x00, 0x00, 0x00, 0x00,
    0x00, 0x00, 0x00, 0x00, 0x00, 0x00, 0x00, 0x00, 0x00, 0x00, 0x00, 0x00, 0x00, 0x00, 0x00, 0x00,
    0x00, 0x00, 0x00, 0x00, 0x00, 0x00, 0x00, 0x00, 0x00, 0x00, 0x00, 0x00, 0x00, 0x00, 0x00, 0x00,
    0x00, 0x00, 0x00, 0x00, 0x00, 0x00, 0x00, 0x00, 0x00, 0x00, 0x00, 0x00, 0x00, 0x00, 0x00, 0x00,
    0x00, 0x00, 0x00, 0x00, 0x00, 0x00, 0x00, 0x00, 0x00, 0x00, 0x00, 0x00, 0x00, 0x00, 0x00, 0x00,
    0x00, 0x00, 0x00, 0x00, 0x00, 0x00, 0x00, 0x00, 0x40, 0x00, 0xc9, 0x34, 0xeb, 0x3d, 0xeb, 0x3d,
    0xeb, 0x3d, 0xeb, 0x3d, 0xeb, 0x3d, 0xeb, 0x3d, 0xeb, 0x3d, 0xeb, 0x3d, 0xeb, 0x3d, 0xeb, 0x3d,
    0xeb, 0x3d, 0xeb, 0x3d, 0xeb, 0x3d, 0xeb, 0x3d, 0xeb, 0x3d, 0xeb, 0x3d, 0xeb, 0x3d, 0xeb, 0x3d,
    0xeb, 0x3d, 0xeb, 0x3d, 0xeb, 0x3d, 0xeb, 0x3d, 0xeb, 0x3d, 0xeb, 0x3d, 0xeb, 0x3d, 0xeb, 0x3d,
    0xeb, 0x3d, 0xeb, 0x3d, 0xeb, 0x3d, 0xeb, 0x3d, 0xeb, 0x3d, 0xeb, 0x3d, 0xeb, 0x3d, 0xeb, 0x3d,
    0xeb, 0x3d, 0xeb, 0x3d, 0xeb, 0x3d, 0xeb, 0x3d, 0xeb, 0x3d, 0xeb, 0x3d, 0xeb, 0x3d, 0xeb, 0x3d,
    0xeb, 0x3d, 0xeb, 0x3d, 0xeb, 0x3d, 0xeb, 0x3d, 0xeb, 0x3d, 0xeb, 0x3d, 0xeb, 0x3d, 0xeb, 0x3d,
    0xeb, 0x3d, 0xeb, 0x3d, 0xeb, 0x3d, 0xeb, 0x3d, 0xeb, 0x3d, 0xeb, 0x3d, 0xeb, 0x3d, 0xeb, 0x3d,
    0xeb, 0x3d, 0xeb, 0x3d, 0xeb, 0x3d, 0xeb, 0x3d, 0xeb, 0x3d, 0xeb, 0x3d, 0xeb, 0x3d, 0xeb, 0x3d,
    0xeb, 0x3d, 0xeb, 0x3d, 0x42, 0x09, 0x00, 0x00, 0x00, 0x00, 0x00, 0x00, 0x00, 0x00, 0x00, 0x00,
    0x00, 0x00, 0x00, 0x00, 0x00, 0x00, 0x00, 0x00, 0x00, 0x00, 0x00, 0x00, 0x00, 0x00, 0x00, 0x00,
    0x00, 0x00, 0x00, 0x00, 0x00, 0x00, 0x00, 0x00, 0x00, 0x00, 0x42, 0x09, 0xeb, 0x3d, 0xeb, 0x3d,
    0xeb, 0x3d, 0xeb, 0x3d, 0xeb, 0x3d, 0xeb, 0x3d, 0xeb, 0x3d, 0xeb, 0x3d, 0xeb, 0x3d, 0xeb, 0x3d,
    0xeb, 0x3d, 0xeb, 0x3d, 0xeb, 0x3d, 0xeb, 0x3d, 0xeb, 0x3d, 0xeb, 0x3d, 0xeb, 0x3d, 0xeb, 0x3d,
    0xeb, 0x3d, 0xeb, 0x3d, 0xeb, 0x3d, 0xeb, 0x3d, 0xeb, 0x3d, 0xeb, 0x3d, 0xeb, 0x3d, 0xeb, 0x3d,
    0xeb, 0x3d, 0xeb, 0x3d, 0xeb, 0x3d, 0xeb, 0x3d, 0xeb, 0x3d, 0xeb, 0x3d, 0xeb, 0x3d, 0xeb, 0x3d,
    0xeb, 0x3d, 0xeb, 0x3d, 0xeb, 0x3d, 0xeb, 0x3d, 0xeb, 0x3d, 0xeb, 0x3d, 0xeb, 0x3d, 0xeb, 0x3d,
    0xeb, 0x3d, 0xeb, 0x3d, 0xeb, 0x3d, 0xeb, 0x3d, 0xeb, 0x3d, 0xeb, 0x3d, 0xeb, 0x3d, 0xeb, 0x3d,
    0xeb, 0x3d, 0xeb, 0x3d, 0xeb, 0x3d, 0xeb, 0x3d, 0xeb, 0x3d, 0xeb, 0x3d, 0xeb, 0x3d, 0xeb, 0x3d,
    0xeb, 0x3d, 0xeb, 0x3d, 0xeb, 0x3d, 0xeb, 0x3d, 0xeb, 0x3d, 0xeb, 0x3d, 0xeb, 0x3d, 0xeb, 0x3d,
    0xeb, 0x3d, 0xeb, 0x3d, 0xa8, 0x34, 0x20, 0x00, 0x00, 0x00, 0x00, 0x00, 0x00, 0x00, 0x00, 0x00,
    0x00, 0x00, 0x00, 0x00, 0x00, 0x00, 0x00, 0x00, 0x00, 0x00, 0x00, 0x00, 0x00, 0x00, 0x00, 0x00,
    0x00, 0x00, 0x00, 0x00, 0x00, 0x00, 0x00, 0x00, 0x00, 0x00, 0x00, 0x00, 0x00, 0x00, 0x00, 0x00,
    0x00, 0x00, 0x00, 0x00, 0x00, 0x00, 0x00, 0x00, 0x00, 0x00, 0x00, 0x00, 0x00, 0x00, 0x00, 0x00,
    0x00, 0x00, 0x00, 0x00, 0x00, 0x00, 0x00, 0x00, 0x00, 0x00, 0x00, 0x00, 0x00, 0x00, 0x00, 0x00,
    0x00, 0x00, 0x00, 0x00, 0x00, 0x00, 0x00, 0x00, 0x00, 0x00, 0xc1, 0x08, 0x4a, 0x3d, 0xeb, 0x3d,
    0xeb, 0x3d, 0xeb, 0x3d, 0xeb, 0x3d, 0xeb, 0x3d, 0xeb, 0x3d, 0xeb, 0x3d, 0xeb, 0x3d, 0xeb, 0x3d,
    0xeb, 0x3d, 0xeb, 0x3d, 0xeb, 0x3d, 0xeb, 0x3d, 0xeb, 0x3d, 0xeb, 0x3d, 0xeb, 0x3d, 0xeb, 0x3d,
    0xeb, 0x3d, 0xeb, 0x3d, 0xeb, 0x3d, 0xeb, 0x3d, 0xeb, 0x3d, 0xeb, 0x3d, 0xeb, 0x3d, 0xeb, 0x3d,
    0xeb, 0x3d, 0xeb, 0x3d, 0xeb, 0x3d, 0xeb, 0x3d, 0xeb, 0x3d, 0xeb, 0x3d, 0xeb, 0x3d, 0xeb, 0x3d,
    0xeb, 0x3d, 0xeb, 0x3d, 0xeb, 0x3d, 0xeb, 0x3d, 0xeb, 0x3d, 0xeb, 0x3d, 0xeb, 0x3d, 0xeb, 0x3d,
    0xeb, 0x3d, 0xeb, 0x3d, 0xeb, 0x3d, 0xeb, 0x3d, 0xeb, 0x3d, 0xeb, 0x3d, 0xeb, 0x3d, 0xeb, 0x3d,
    0xeb, 0x3d, 0xeb, 0x3d, 0xeb, 0x3d, 0xeb, 0x3d, 0xeb, 0x3d, 0xeb, 0x3d, 0xeb, 0x3d, 0xeb, 0x3d,
    0xeb, 0x3d, 0xeb, 0x3d, 0xeb, 0x3d, 0xeb, 0x3d, 0xeb, 0x3d, 0xeb, 0x3d, 0xeb, 0x3d, 0xeb, 0x3d,
    0xeb, 0x3d, 0xeb, 0x3d, 0x42, 0x09, 0x00, 0x00, 0x00, 0x00, 0x00, 0x00, 0x00, 0x00, 0x00, 0x00,
    0x00, 0x00, 0x00, 0x00, 0x00, 0x00, 0x00, 0x00, 0x00, 0x00, 0x00, 0x00, 0x00, 0x00, 0x00, 0x00,
    0x00, 0x00, 0x00, 0x00, 0x00, 0x00, 0x00, 0x00, 0x00, 0x00, 0x42, 0x09, 0xeb, 0x3d, 0xeb, 0x3d,
    0xeb, 0x3d, 0xeb, 0x3d, 0xeb, 0x3d, 0xeb, 0x3d, 0xeb, 0x3d, 0xeb, 0x3d, 0xeb, 0x3d, 0xeb, 0x3d,
    0xeb, 0x3d, 0xeb, 0x3d, 0xeb, 0x3d, 0xeb, 0x3d, 0xeb, 0x3d, 0xeb, 0x3d, 0xeb, 0x3d, 0xeb, 0x3d,
    0xeb, 0x3d, 0xeb, 0x3d, 0xeb, 0x3d, 0xeb, 0x3d, 0xeb, 0x3d, 0xeb, 0x3d, 0xeb, 0x3d, 0xeb, 0x3d,
    0xeb, 0x3d, 0xeb, 0x3d, 0xeb, 0x3d, 0xeb, 0x3d, 0xeb, 0x3d, 0xeb, 0x3d, 0xeb, 0x3d, 0xeb, 0x3d,
    0xeb, 0x3d, 0xeb, 0x3d, 0xeb, 0x3d, 0xeb, 0x3d, 0xeb, 0x3d, 0xeb, 0x3d, 0xeb, 0x3d, 0xeb, 0x3d,
    0xeb, 0x3d, 0xeb, 0x3d, 0xeb, 0x3d, 0xeb, 0x3d, 0xeb, 0x3d, 0xeb, 0x3d, 0xeb, 0x3d, 0xeb, 0x3d,
    0xeb, 0x3d, 0xeb, 0x3d, 0xeb, 0x3d, 0xeb, 0x3d, 0xeb, 0x3d, 0xeb, 0x3d, 0xeb, 0x3d, 0xeb, 0x3d,
    0xeb, 0x3d, 0xeb, 0x3d, 0xeb, 0x3d, 0xeb, 0x3d, 0xeb, 0x3d, 0xeb, 0x3d, 0xeb, 0x3d, 0xeb, 0x3d,
    0xeb, 0x3d, 0x29, 0x35, 0x81, 0x00, 0x00, 0x00, 0x00, 0x00, 0x00, 0x00, 0x00, 0x00, 0x00, 0x00,
    0x00, 0x00, 0x00, 0x00, 0x00, 0x00, 0x00, 0x00, 0x00, 0x00, 0x00, 0x00, 0x00, 0x00, 0x00, 0x00,
    0x00, 0x00, 0x00, 0x00, 0x00, 0x00, 0x00, 0x00, 0x00, 0x00, 0x00, 0x00, 0x00, 0x00, 0x00, 0x00,
    0x00, 0x00, 0x00, 0x00, 0x00, 0x00, 0x00, 0x00, 0x00, 0x00, 0x00, 0x00, 0x00, 0x00, 0x00, 0x00,
    0x00, 0x00, 0x00, 0x00, 0x00, 0x00, 0x00, 0x00, 0x00, 0x00, 0x00, 0x00, 0x00, 0x00, 0x00, 0x00,
    0x00, 0x00, 0x00, 0x00, 0x00, 0x00, 0x00, 0x00, 0x00, 0x00, 0x00, 0x00, 0x22, 0x09, 0x8a, 0x3d,
    0xeb, 0x3d, 0xeb, 0x3d, 0xeb, 0x3d, 0xeb, 0x3d, 0xeb, 0x3d, 0xeb, 0x3d, 0xeb, 0x3d, 0xeb, 0x3d,
    0xeb, 0x3d, 0xeb, 0x3d, 0xeb, 0x3d, 0xeb, 0x3d, 0xeb, 0x3d, 0xeb, 0x3d, 0xeb, 0x3d, 0xeb, 0x3d,
    0xeb, 0x3d, 0xeb, 0x3d, 0xeb, 0x3d, 0xeb, 0x3d, 0xeb, 0x3d, 0xeb, 0x3d, 0xeb, 0x3d, 0xeb, 0x3d,
    0xeb, 0x3d, 0xeb, 0x3d, 0xeb, 0x3d, 0xeb, 0x3d, 0xeb, 0x3d, 0xeb, 0x3d, 0xeb, 0x3d, 0xeb, 0x3d,
    0xeb, 0x3d, 0xeb, 0x3d, 0xeb, 0x3d, 0xeb, 0x3d, 0xeb, 0x3d, 0xeb, 0x3d, 0xeb, 0x3d, 0xeb, 0x3d,
    0xeb, 0x3d, 0xeb, 0x3d, 0xeb, 0x3d, 0xeb, 0x3d, 0xeb, 0x3d, 0xeb, 0x3d, 0xeb, 0x3d, 0xeb, 0x3d,
    0xeb, 0x3d, 0xeb, 0x3d, 0xeb, 0x3d, 0xeb, 0x3d, 0xeb, 0x3d, 0xeb, 0x3d, 0xeb, 0x3d, 0xeb, 0x3d,
    0xeb, 0x3d, 0xeb, 0x3d, 0xeb, 0x3d, 0xeb, 0x3d, 0xeb, 0x3d, 0xeb, 0x3d, 0xeb, 0x3d, 0xeb, 0x3d,
    0xeb, 0x3d, 0xeb, 0x3d, 0x42, 0x09, 0x00, 0x00, 0x00, 0x00, 0x00, 0x00, 0x00, 0x00, 0x00, 0x00,
    0x00, 0x00, 0x00, 0x00, 0x00, 0x00, 0x00, 0x00, 0x00, 0x00, 0x00, 0x00, 0x00, 0x00, 0x00, 0x00,
    0x00, 0x00, 0x00, 0x00, 0x00, 0x00, 0x00, 0x00, 0x00, 0x00, 0x42, 0x09, 0xeb, 0x3d, 0xeb, 0x3d,
    0xeb, 0x3d, 0xeb, 0x3d, 0xeb, 0x3d, 0xeb, 0x3d, 0xeb, 0x3d, 0xeb, 0x3d, 0xeb, 0x3d, 0xeb, 0x3d,
    0xeb, 0x3d, 0xeb, 0x3d, 0xeb, 0x3d, 0xeb, 0x3d, 0xeb, 0x3d, 0xeb, 0x3d, 0xeb, 0x3d, 0xeb, 0x3d,
    0xeb, 0x3d, 0xeb, 0x3d, 0xeb, 0x3d, 0xeb, 0x3d, 0xeb, 0x3d, 0xeb, 0x3d, 0xeb, 0x3d, 0xeb, 0x3d,
    0xeb, 0x3d, 0xeb, 0x3d, 0xeb, 0x3d, 0xeb, 0x3d, 0xeb, 0x3d, 0xeb, 0x3d, 0xeb, 0x3d, 0xeb, 0x3d,
    0xeb, 0x3d, 0xeb, 0x3d, 0xeb, 0x3d, 0xeb, 0x3d, 0xeb, 0x3d, 0xeb, 0x3d, 0xeb, 0x3d, 0xeb, 0x3d,
    0xeb, 0x3d, 0xeb, 0x3d, 0xeb, 0x3d, 0xeb, 0x3d, 0xeb, 0x3d, 0xeb, 0x3d, 0xeb, 0x3d, 0xeb, 0x3d,
    0xeb, 0x3d, 0xeb, 0x3d, 0xeb, 0x3d, 0xeb, 0x3d, 0xeb, 0x3d, 0xeb, 0x3d, 0xeb, 0x3d, 0xeb, 0x3d,
    0xeb, 0x3d, 0xeb, 0x3d, 0xeb, 0x3d, 0xeb, 0x3d, 0xeb, 0x3d, 0xeb, 0x3d, 0xeb, 0x3d, 0xeb, 0x3d,
    0x6a, 0x3d, 0xe1, 0x08, 0x00, 0x00, 0x00, 0x00, 0x00, 0x00, 0x00, 0x00, 0x00, 0x00, 0x00, 0x00,
    0x00, 0x00, 0x00, 0x00, 0x00, 0x00, 0x00, 0x00, 0x00, 0x00, 0x00, 0x00, 0x00, 0x00, 0x00, 0x00,
    0x00, 0x00, 0x00, 0x00, 0x00, 0x00, 0x00, 0x00, 0x00, 0x00, 0x00, 0x00, 0x00, 0x00, 0x00, 0x00,
    0x00, 0x00, 0x00, 0x00, 0x00, 0x00, 0x00, 0x00, 0x00, 0x00, 0x00, 0x00, 0x00, 0x00, 0x00, 0x00,
    0x00, 0x00, 0x00, 0x00, 0x00, 0x00, 0x00, 0x00, 0x00, 0x00, 0x00, 0x00, 0x00, 0x00, 0x00, 0x00,
    0x00, 0x00, 0x00, 0x00, 0x00, 0x00, 0x00, 0x00, 0x00, 0x00, 0x00, 0x00, 0x00, 0x00, 0x42, 0x09,
    0x8a, 0x3d, 0xeb, 0x3d, 0xeb, 0x3d, 0xeb, 0x3d, 0xeb, 0x3d, 0xeb, 0x3d, 0xeb, 0x3d, 0xeb, 0x3d,
    0xeb, 0x3d, 0xeb, 0x3d, 0xeb, 0x3d, 0xeb, 0x3d, 0xeb, 0x3d, 0xeb, 0x3d, 0xeb, 0x3d, 0xeb, 0x3d,
    0xeb, 0x3d, 0xeb, 0x3d, 0xeb, 0x3d, 0xeb, 0x3d, 0xeb, 0x3d, 0xeb, 0x3d, 0xeb, 0x3d, 0xeb, 0x3d,
    0xeb, 0x3d, 0xeb, 0x3d, 0xeb, 0x3d, 0xeb, 0x3d, 0xeb, 0x3d, 0xeb, 0x3d, 0xeb, 0x3d, 0xeb, 0x3d,
    0xeb, 0x3d, 0xeb, 0x3d, 0xeb, 0x3d, 0xeb, 0x3d, 0xeb, 0x3d, 0xeb, 0x3d, 0xeb, 0x3d, 0xeb, 0x3d,
    0xeb, 0x3d, 0xeb, 0x3d, 0xeb, 0x3d, 0xeb, 0x3d, 0xeb, 0x3d, 0xeb, 0x3d, 0xeb, 0x3d, 0xeb, 0x3d,
    0xeb, 0x3d, 0xeb, 0x3d, 0xeb, 0x3d, 0xeb, 0x3d, 0xeb, 0x3d, 0xeb, 0x3d, 0xeb, 0x3d, 0xeb, 0x3d,
    0xeb, 0x3d, 0xeb, 0x3d, 0xeb, 0x3d, 0xeb, 0x3d, 0xeb, 0x3d, 0xeb, 0x3d, 0xeb, 0x3d, 0xeb, 0x3d,
    0xeb, 0x3d, 0xeb, 0x3d, 0x42, 0x09, 0x00, 0x00, 0x00, 0x00, 0x00, 0x00, 0x00, 0x00, 0x00, 0x00,
    0x00, 0x00, 0x00, 0x00, 0x00, 0x00, 0x00, 0x00, 0x00, 0x00, 0x00, 0x00, 0x00, 0x00, 0x00, 0x00,
    0x00, 0x00, 0x00, 0x00, 0x00, 0x00, 0x00, 0x00, 0x00, 0x00, 0x42, 0x09, 0xeb, 0x3d, 0xeb, 0x3d,
    0xeb, 0x3d, 0xeb, 0x3d, 0xeb, 0x3d, 0xeb, 0x3d, 0xeb, 0x3d, 0xeb, 0x3d, 0xeb, 0x3d, 0xeb, 0x3d,
    0xeb, 0x3d, 0xeb, 0x3d, 0xeb, 0x3d, 0xeb, 0x3d, 0xeb, 0x3d, 0xeb, 0x3d, 0xeb, 0x3d, 0xeb, 0x3d,
    0xeb, 0x3d, 0xeb, 0x3d, 0xeb, 0x3d, 0xeb, 0x3d, 0xeb, 0x3d, 0xeb, 0x3d, 0xeb, 0x3d, 0xeb, 0x3d,
    0xeb, 0x3d, 0xeb, 0x3d, 0xeb, 0x3d, 0xeb, 0x3d, 0xeb, 0x3d, 0xeb, 0x3d, 0xeb, 0x3d, 0xeb, 0x3d,
    0xeb, 0x3d, 0xeb, 0x3d, 0xeb, 0x3d, 0xeb, 0x3d, 0xeb, 0x3d, 0xeb, 0x3d, 0xeb, 0x3d, 0xeb, 0x3d,
    0xeb, 0x3d, 0xeb, 0x3d, 0xeb, 0x3d, 0xeb, 0x3d, 0xeb, 0x3d, 0xeb, 0x3d, 0xeb, 0x3d, 0xeb, 0x3d,
    0xeb, 0x3d, 0xeb, 0x3d, 0xeb, 0x3d, 0xeb, 0x3d, 0xeb, 0x3d, 0xeb, 0x3d, 0xeb, 0x3d, 0xeb, 0x3d,
    0xeb, 0x3d, 0xeb, 0x3d, 0xeb, 0x3d, 0xeb, 0x3d, 0xeb, 0x3d, 0xeb, 0x3d, 0xeb, 0x3d, 0x6a, 0x3d,
    0x01, 0x09, 0x00, 0x00, 0x00, 0x00, 0x00, 0x00, 0x00, 0x00, 0x00, 0x00, 0x00, 0x00, 0x00, 0x00,
    0x00, 0x00, 0x00, 0x00, 0x00, 0x00, 0x00, 0x00, 0x00, 0x00, 0x00, 0x00, 0x00, 0x00, 0x00, 0x00,
    0x00, 0x00, 0x00, 0x00, 0x00, 0x00, 0x00, 0x00, 0x00, 0x00, 0x00, 0x00, 0x00, 0x00, 0x00, 0x00,
    0x00, 0x00, 0x00, 0x00, 0x00, 0x00, 0x00, 0x00, 0x00, 0x00, 0x00, 0x00, 0x00, 0x00, 0x00, 0x00,
    0x00, 0x00, 0x00, 0x00, 0x00, 0x00, 0x00, 0x00, 0x00, 0x00, 0x00, 0x00, 0x00, 0x00, 0x00, 0x00,
    0x00, 0x00, 0x00, 0x00, 0x00, 0x00, 0x00, 0x00, 0x00, 0x00, 0x00, 0x00, 0x00, 0x00, 0x00, 0x00,
    0x22, 0x09, 0x6a, 0x3d, 0xeb, 0x3d, 0xeb, 0x3d, 0xeb, 0x3d, 0xeb, 0x3d, 0xeb, 0x3d, 0xeb, 0x3d,
    0xeb, 0x3d, 0xeb, 0x3d, 0xeb, 0x3d, 0xeb, 0x3d, 0xeb, 0x3d, 0xeb, 0x3d, 0xeb, 0x3d, 0xeb, 0x3d,
    0xeb, 0x3d, 0xeb, 0x3d, 0xeb, 0x3d, 0xeb, 0x3d, 0xeb, 0x3d, 0xeb, 0x3d, 0xeb, 0x3d, 0xeb, 0x3d,
    0xeb, 0x3d, 0xeb, 0x3d, 0xeb, 0x3d, 0xeb, 0x3d, 0xeb, 0x3d, 0xeb, 0x3d, 0xeb, 0x3d, 0xeb, 0x3d,
    0xeb, 0x3d, 0xeb, 0x3d, 0xeb, 0x3d, 0xeb, 0x3d, 0xeb, 0x3d, 0xeb, 0x3d, 0xeb, 0x3d, 0xeb, 0x3d,
    0xeb, 0x3d, 0xeb, 0x3d, 0xeb, 0x3d, 0xeb, 0x3d, 0xeb, 0x3d, 0xeb, 0x3d, 0xeb, 0x3d, 0xeb, 0x3d,
    0xeb, 0x3d, 0xeb, 0x3d, 0xeb, 0x3d, 0xeb, 0x3d, 0xeb, 0x3d, 0xeb, 0x3d, 0xeb, 0x3d, 0xeb, 0x3d,
    0xeb, 0x3d, 0xeb, 0x3d, 0xeb, 0x3d, 0xeb, 0x3d, 0xeb, 0x3d, 0xeb, 0x3d, 0xeb, 0x3d, 0xeb, 0x3d,
    0xeb, 0x3d, 0xeb, 0x3d, 0x42, 0x09, 0x00, 0x00, 0x00, 0x00, 0x00, 0x00, 0x00, 0x00, 0x00, 0x00,
    0x00, 0x00, 0x00, 0x00, 0x00, 0x00, 0x00, 0x00, 0x00, 0x00, 0x00, 0x00, 0x00, 0x00, 0x00, 0x00,
    0x00, 0x00, 0x00, 0x00, 0x00, 0x00, 0x00, 0x00, 0x00, 0x00, 0x42, 0x09, 0xeb, 0x3d, 0xeb, 0x3d,
    0xeb, 0x3d, 0xeb, 0x3d, 0xeb, 0x3d, 0xeb, 0x3d, 0xeb, 0x3d, 0xeb, 0x3d, 0xeb, 0x3d, 0xeb, 0x3d,
    0xeb, 0x3d, 0xeb, 0x3d, 0xeb, 0x3d, 0xeb, 0x3d, 0xeb, 0x3d, 0xeb, 0x3d, 0xeb, 0x3d, 0xeb, 0x3d,
    0xeb, 0x3d, 0xeb, 0x3d, 0xeb, 0x3d, 0xeb, 0x3d, 0xeb, 0x3d, 0xeb, 0x3d, 0xeb, 0x3d, 0xeb, 0x3d,
    0xeb, 0x3d, 0xeb, 0x3d, 0xeb, 0x3d, 0xeb, 0x3d, 0xeb, 0x3d, 0xeb, 0x3d, 0xeb, 0x3d, 0xeb, 0x3d,
    0xeb, 0x3d, 0xeb, 0x3d, 0xeb, 0x3d, 0xeb, 0x3d, 0xeb, 0x3d, 0xeb, 0x3d, 0xeb, 0x3d, 0xeb, 0x3d,
    0xeb, 0x3d, 0xeb, 0x3d, 0xeb, 0x3d, 0xeb, 0x3d, 0xeb, 0x3d, 0xeb, 0x3d, 0xeb, 0x3d, 0xeb, 0x3d,
    0xeb, 0x3d, 0xeb, 0x3d, 0xeb, 0x3d, 0xeb, 0x3d, 0xeb, 0x3d, 0xeb, 0x3d, 0xeb, 0x3d, 0xeb, 0x3d,
    0xeb, 0x3d, 0xeb, 0x3d, 0xeb, 0x3d, 0xeb, 0x3d, 0xeb, 0x3d, 0xeb, 0x3d, 0x4a, 0x3d, 0x01, 0x09,
    0x00, 0x00, 0x00, 0x00, 0x00, 0x00, 0x00, 0x00, 0x00, 0x00, 0x00, 0x00, 0x00, 0x00, 0x00, 0x00,
    0x00, 0x00, 0x00, 0x00, 0x00, 0x00, 0x00, 0x00, 0x00, 0x00, 0x00, 0x00, 0x00, 0x00, 0x00, 0x00,
    0x00, 0x00, 0x00, 0x00, 0x00, 0x00, 0x00, 0x00, 0x00, 0x00, 0x00, 0x00, 0x00, 0x00, 0x00, 0x00,
    0x00, 0x00, 0x00, 0x00, 0x00, 0x00, 0x00, 0x00, 0x00, 0x00, 0x00, 0x00, 0x00, 0x00, 0x00, 0x00,
    0x00, 0x00, 0x00, 0x00, 0x00, 0x00, 0x00, 0x00, 0x00, 0x00, 0x00, 0x00, 0x00, 0x00, 0x00, 0x00,
    0x00, 0x00, 0x00, 0x00, 0x00, 0x00, 0x00, 0x00, 0x00, 0x00, 0x00, 0x00, 0x00, 0x00, 0x00, 0x00,
    0x00, 0x00, 0xe1, 0x08, 0x29, 0x35, 0xeb, 0x3d, 0xeb, 0x3d, 0xeb, 0x3d, 0xeb, 0x3d, 0xeb, 0x3d,
    0xeb, 0x3d, 0xeb, 0x3d, 0xeb, 0x3d, 0xeb, 0x3d, 0xeb, 0x3d, 0xeb, 0x3d, 0xeb, 0x3d, 0xeb, 0x3d,
    0xeb, 0x3d, 0xeb, 0x3d, 0xeb, 0x3d, 0xeb, 0x3d, 0xeb, 0x3d, 0xeb, 0x3d, 0xeb, 0x3d, 0xeb, 0x3d,
    0xeb, 0x3d, 0xeb, 0x3d, 0xeb, 0x3d, 0xeb, 0x3d, 0xeb, 0x3d, 0xeb, 0x3d, 0xeb, 0x3d, 0xeb, 0x3d,
    0xeb, 0x3d, 0xeb, 0x3d, 0xeb, 0x3d, 0xeb, 0x3d, 0xeb, 0x3d, 0xeb, 0x3d, 0xeb, 0x3d, 0xeb, 0x3d,
    0xeb, 0x3d, 0xeb, 0x3d, 0xeb, 0x3d, 0xeb, 0x3d, 0xeb, 0x3d, 0xeb, 0x3d, 0xeb, 0x3d, 0xeb, 0x3d,
    0xeb, 0x3d, 0xeb, 0x3d, 0xeb, 0x3d, 0xeb, 0x3d, 0xeb, 0x3d, 0xeb, 0x3d, 0xeb, 0x3d, 0xeb, 0x3d,
    0xeb, 0x3d, 0xeb, 0x3d, 0xeb, 0x3d, 0xeb, 0x3d, 0xeb, 0x3d, 0xeb, 0x3d, 0xeb, 0x3d, 0xeb, 0x3d,
    0xeb, 0x3d, 0xeb, 0x3d, 0x42, 0x09, 0x00, 0x00, 0x00, 0x00, 0x00, 0x00, 0x00, 0x00, 0x00, 0x00,
    0x00, 0x00, 0x00, 0x00, 0x00, 0x00, 0x00, 0x00, 0x00, 0x00, 0x00, 0x00, 0x00, 0x00, 0x00, 0x00,
    0x00, 0x00, 0x00, 0x00, 0x00, 0x00, 0x00, 0x00, 0x00, 0x00, 0x42, 0x09, 0xeb, 0x3d, 0xeb, 0x3d,
    0xeb, 0x3d, 0xeb, 0x3d, 0xeb, 0x3d, 0xeb, 0x3d, 0xeb, 0x3d, 0xeb, 0x3d, 0xeb, 0x3d, 0xeb, 0x3d,
    0xeb, 0x3d, 0xeb, 0x3d, 0xeb, 0x3d, 0xeb, 0x3d, 0xeb, 0x3d, 0xeb, 0x3d, 0xeb, 0x3d, 0xeb, 0x3d,
    0xeb, 0x3d, 0xeb, 0x3d, 0xeb, 0x3d, 0xeb, 0x3d, 0xeb, 0x3d, 0xeb, 0x3d, 0xeb, 0x3d, 0xeb, 0x3d,
    0xeb, 0x3d, 0xeb, 0x3d, 0xeb, 0x3d, 0xeb, 0x3d, 0xeb, 0x3d, 0xeb, 0x3d, 0xeb, 0x3d, 0xeb, 0x3d,
    0xeb, 0x3d, 0xeb, 0x3d, 0xeb, 0x3d, 0xeb, 0x3d, 0xeb, 0x3d, 0xeb, 0x3d, 0xeb, 0x3d, 0xeb, 0x3d,
    0xeb, 0x3d, 0xeb, 0x3d, 0xeb, 0x3d, 0xeb, 0x3d, 0xeb, 0x3d, 0xeb, 0x3d, 0xeb, 0x3d, 0xeb, 0x3d,
    0xeb, 0x3d, 0xeb, 0x3d, 0xeb, 0x3d, 0xeb, 0x3d, 0xeb, 0x3d, 0xeb, 0x3d, 0xeb, 0x3d, 0xeb, 0x3d,
    0xeb, 0x3d, 0xeb, 0x3d, 0xeb, 0x3d, 0xeb, 0x3d, 0xeb, 0x3d, 0xe9, 0x34, 0xc1, 0x08, 0x00, 0x00,
    0x00, 0x00, 0x00, 0x00, 0x00, 0x00, 0x00, 0x00, 0x00, 0x00, 0x00, 0x00, 0x00, 0x00, 0x00, 0x00,
    0x00, 0x00, 0x00, 0x00, 0x00, 0x00, 0x00, 0x00, 0x00, 0x00, 0x00, 0x00, 0x00, 0x00, 0x00, 0x00,
    0x00, 0x00, 0x00, 0x00, 0x00, 0x00, 0x00, 0x00, 0x00, 0x00, 0x00, 0x00, 0x00, 0x00, 0x00, 0x00,
    0x00, 0x00, 0x00, 0x00, 0x00, 0x00, 0x00, 0x00, 0x00, 0x00, 0x00, 0x00, 0x00, 0x00, 0x00, 0x00,
    0x00, 0x00, 0x00, 0x00, 0x00, 0x00, 0x00, 0x00, 0x00, 0x00, 0x00, 0x00, 0x00, 0x00, 0x00, 0x00,
    0x00, 0x00, 0x00, 0x00, 0x00, 0x00, 0x00, 0x00, 0x00, 0x00, 0x00, 0x00, 0x00, 0x00, 0x00, 0x00,
    0x00, 0x00, 0x00, 0x00, 0x81, 0x00, 0x68, 0x2c, 0xeb, 0x3d, 0xeb, 0x3d, 0xeb, 0x3d, 0xeb, 0x3d,
    0xeb, 0x3d, 0xeb, 0x3d, 0xeb, 0x3d, 0xeb, 0x3d, 0xeb, 0x3d, 0xeb, 0x3d, 0xeb, 0x3d, 0xeb, 0x3d,
    0xeb, 0x3d, 0xeb, 0x3d, 0xeb, 0x3d, 0xeb, 0x3d, 0xeb, 0x3d, 0xeb, 0x3d, 0xeb, 0x3d, 0xeb, 0x3d,
    0xeb, 0x3d, 0xeb, 0x3d, 0xeb, 0x3d, 0xeb, 0x3d, 0xeb, 0x3d, 0xeb, 0x3d, 0xeb, 0x3d, 0xeb, 0x3d,
    0xeb, 0x3d, 0xeb, 0x3d, 0xeb, 0x3d, 0xeb, 0x3d, 0xeb, 0x3d, 0xeb, 0x3d, 0xeb, 0x3d, 0xeb, 0x3d,
    0xeb, 0x3d, 0xeb, 0x3d, 0xeb, 0x3d, 0xeb, 0x3d, 0xeb, 0x3d, 0xeb, 0x3d, 0xeb, 0x3d, 0xeb, 0x3d,
    0xeb, 0x3d, 0xeb, 0x3d, 0xeb, 0x3d, 0xeb, 0x3d, 0xeb, 0x3d, 0xeb, 0x3d, 0xeb, 0x3d, 0xeb, 0x3d,
    0xeb, 0x3d, 0xeb, 0x3d, 0xeb, 0x3d, 0xeb, 0x3d, 0xeb, 0x3d, 0xeb, 0x3d, 0xeb, 0x3d, 0xeb, 0x3d,
    0xeb, 0x3d, 0xeb, 0x3d, 0x42, 0x09, 0x00, 0x00, 0x00, 0x00, 0x00, 0x00, 0x00, 0x00, 0x00, 0x00,
    0x00, 0x00, 0x00, 0x00, 0x00, 0x00, 0x00, 0x00, 0x00, 0x00, 0x00, 0x00, 0x00, 0x00, 0x00, 0x00,
    0x00, 0x00, 0x00, 0x00, 0x00, 0x00, 0x00, 0x00, 0x00, 0x00, 0x42, 0x09, 0xeb, 0x3d, 0xeb, 0x3d,
    0xeb, 0x3d, 0xeb, 0x3d, 0xeb, 0x3d, 0xeb, 0x3d, 0xeb, 0x3d, 0xeb, 0x3d, 0xeb, 0x3d, 0xeb, 0x3d,
    0xeb, 0x3d, 0xeb, 0x3d, 0xeb, 0x3d, 0xeb, 0x3d, 0xeb, 0x3d, 0xeb, 0x3d, 0xeb, 0x3d, 0xeb, 0x3d,
    0xeb, 0x3d, 0xeb, 0x3d, 0xeb, 0x3d, 0xeb, 0x3d, 0xeb, 0x3d, 0xeb, 0x3d, 0xeb, 0x3d, 0xeb, 0x3d,
    0xeb, 0x3d, 0xeb, 0x3d, 0xeb, 0x3d, 0xeb, 0x3d, 0xeb, 0x3d, 0xeb, 0x3d, 0xeb, 0x3d, 0xeb, 0x3d,
    0xeb, 0x3d, 0xeb, 0x3d, 0xeb, 0x3d, 0xeb, 0x3d, 0xeb, 0x3d, 0xeb, 0x3d, 0xeb, 0x3d, 0xeb, 0x3d,
    0xeb, 0x3d, 0xeb, 0x3d, 0xeb, 0x3d, 0xeb, 0x3d, 0xeb, 0x3d, 0xeb, 0x3d, 0xeb, 0x3d, 0xeb, 0x3d,
    0xeb, 0x3d, 0xeb, 0x3d, 0xeb, 0x3d, 0xeb, 0x3d, 0xeb, 0x3d, 0xeb, 0x3d, 0xeb, 0x3d, 0xeb, 0x3d,
    0xeb, 0x3d, 0xeb, 0x3d, 0xeb, 0x3d, 0xeb, 0x3d, 0x27, 0x2c, 0x60, 0x00, 0x00, 0x00, 0x00, 0x00,
    0x00, 0x00, 0x00, 0x00, 0x00, 0x00, 0x00, 0x00, 0x00, 0x00, 0x00, 0x00, 0x00, 0x00, 0x00, 0x00,
    0x00, 0x00, 0x00, 0x00, 0x00, 0x00, 0x00, 0x00, 0x00, 0x00, 0x00, 0x00, 0x00, 0x00, 0x00, 0x00,
    0x00, 0x00, 0x00, 0x00, 0x00, 0x00, 0x00, 0x00, 0x00, 0x00, 0x00, 0x00, 0x00, 0x00, 0x00, 0x00,
    0x00, 0x00, 0x00, 0x00, 0x00, 0x00, 0x00, 0x00, 0x00, 0x00, 0x00, 0x00, 0x00, 0x00, 0x00, 0x00,
    0x00, 0x00, 0x00, 0x00, 0x00, 0x00, 0x00, 0x00, 0x00, 0x00, 0x00, 0x00, 0x00, 0x00, 0x00, 0x00,
    0x00, 0x00, 0x00, 0x00, 0x00, 0x00, 0x00, 0x00, 0x00, 0x00, 0x00, 0x00, 0x00, 0x00, 0x00, 0x00,
    0x00, 0x00, 0x00, 0x00, 0x00, 0x00, 0x00, 0x00, 0xe5, 0x1a, 0xca, 0x3d, 0xeb, 0x3d, 0xeb, 0x3d,
    0xeb, 0x3d, 0xeb, 0x3d, 0xeb, 0x3d, 0xeb, 0x3d, 0xeb, 0x3d, 0xeb, 0x3d, 0xeb, 0x3d, 0xeb, 0x3d,
    0xeb, 0x3d, 0xeb, 0x3d, 0xeb, 0x3d, 0xeb, 0x3d, 0xeb, 0x3d, 0xeb, 0x3d, 0xeb, 0x3d, 0xeb, 0x3d,
    0xeb, 0x3d, 0xeb, 0x3d, 0xeb, 0x3d, 0xeb, 0x3d, 0xeb, 0x3d, 0xeb, 0x3d, 0xeb, 0x3d, 0xeb, 0x3d,
    0xeb, 0x3d, 0xeb, 0x3d, 0xeb, 0x3d, 0xeb, 0x3d, 0xeb, 0x3d, 0xeb, 0x3d, 0xeb, 0x3d, 0xeb, 0x3d,
    0xeb, 0x3d, 0xeb, 0x3d, 0xeb, 0x3d, 0xeb, 0x3d, 0xeb, 0x3d, 0xeb, 0x3d, 0xeb, 0x3d, 0xeb, 0x3d,
    0xeb, 0x3d, 0xeb, 0x3d, 0xeb, 0x3d, 0xeb, 0x3d, 0xeb, 0x3d, 0xeb, 0x3d, 0xeb, 0x3d, 0xeb, 0x3d,
    0xeb, 0x3d, 0xeb, 0x3d, 0xeb, 0x3d, 0xeb, 0x3d, 0xeb, 0x3d, 0xeb, 0x3d, 0xeb, 0x3d, 0xeb, 0x3d,
    0xeb, 0x3d, 0xeb, 0x3d, 0x42, 0x09, 0x00, 0x00, 0x00, 0x00, 0x00, 0x00, 0x00, 0x00, 0x00, 0x00,
    0x00, 0x00, 0x00, 0x00, 0x00, 0x00, 0x00, 0x00, 0x00, 0x00, 0x00, 0x00, 0x00, 0x00, 0x00, 0x00,
    0x00, 0x00, 0x00, 0x00, 0x00, 0x00, 0x00, 0x00, 0x00, 0x00, 0x42, 0x09, 0xeb, 0x3d, 0xeb, 0x3d,
    0xeb, 0x3d, 0xeb, 0x3d, 0xeb, 0x3d, 0xeb, 0x3d, 0xeb, 0x3d, 0xeb, 0x3d, 0xeb, 0x3d, 0xeb, 0x3d,
    0xeb, 0x3d, 0xeb, 0x3d, 0xeb, 0x3d, 0xeb, 0x3d, 0xeb, 0x3d, 0xeb, 0x3d, 0xeb, 0x3d, 0xeb, 0x3d,
    0xeb, 0x3d, 0xeb, 0x3d, 0xeb, 0x3d, 0xeb, 0x3d, 0xeb, 0x3d, 0xeb, 0x3d, 0xeb, 0x3d, 0xeb, 0x3d,
    0xeb, 0x3d, 0xeb, 0x3d, 0xeb, 0x3d, 0xeb, 0x3d, 0xeb, 0x3d, 0xeb, 0x3d, 0xeb, 0x3d, 0xeb, 0x3d,
    0xeb, 0x3d, 0xeb, 0x3d, 0xeb, 0x3d, 0xeb, 0x3d, 0xeb, 0x3d, 0xeb, 0x3d, 0xeb, 0x3d, 0xeb, 0x3d,
    0xeb, 0x3d, 0xeb, 0x3d, 0xeb, 0x3d, 0xeb, 0x3d, 0xeb, 0x3d, 0xeb, 0x3d, 0xeb, 0x3d, 0xeb, 0x3d,
    0xeb, 0x3d, 0xeb, 0x3d, 0xeb, 0x3d, 0xeb, 0x3d, 0xeb, 0x3d, 0xeb, 0x3d, 0xeb, 0x3d, 0xeb, 0x3d,
    0xeb, 0x3d, 0xeb, 0x3d, 0xca, 0x3d, 0xc5, 0x1a, 0x00, 0x00, 0x00, 0x00, 0x00, 0x00, 0x00, 0x00,
    0x00, 0x00, 0x00, 0x00, 0x00, 0x00, 0x00, 0x00, 0x00, 0x00, 0x00, 0x00, 0x00, 0x00, 0x00, 0x00,
    0x00, 0x00, 0x00, 0x00, 0x00, 0x00, 0x00, 0x00, 0x00, 0x00, 0x00, 0x00, 0x00, 0x00, 0x00, 0x00,
    0x00, 0x00, 0x00, 0x00, 0x00, 0x00, 0x00, 0x00, 0x00, 0x00, 0x00, 0x00, 0x00, 0x00, 0x00, 0x00,
    0x00, 0x00, 0x00, 0x00, 0x00, 0x00, 0x00, 0x00, 0x00, 0x00, 0x00, 0x00, 0x00, 0x00, 0x00, 0x00,
    0x00, 0x00, 0x00, 0x00, 0x00, 0x00, 0x00, 0x00, 0x00, 0x00, 0x00, 0x00, 0x00, 0x00, 0x00, 0x00,
    0x00, 0x00, 0x00, 0x00, 0x00, 0x00, 0x00, 0x00, 0x00, 0x00, 0x00, 0x00, 0x00, 0x00, 0x00, 0x00,
    0x00, 0x00, 0x00, 0x00, 0x00, 0x00, 0x00, 0x00, 0x00, 0x00, 0x42, 0x09, 0x09, 0x35, 0xeb, 0x3d,
    0xeb, 0x3d, 0xeb, 0x3d, 0xeb, 0x3d, 0xeb, 0x3d, 0xeb, 0x3d, 0xeb, 0x3d, 0xeb, 0x3d, 0xeb, 0x3d,
    0xeb, 0x3d, 0xeb, 0x3d, 0xeb, 0x3d, 0xeb, 0x3d, 0xeb, 0x3d, 0xeb, 0x3d, 0xeb, 0x3d, 0xeb, 0x3d,
    0xeb, 0x3d, 0xeb, 0x3d, 0xeb, 0x3d, 0xeb, 0x3d, 0xeb, 0x3d, 0xeb, 0x3d, 0xeb, 0x3d, 0xeb, 0x3d,
    0xeb, 0x3d, 0xeb, 0x3d, 0xeb, 0x3d, 0xeb, 0x3d, 0xeb, 0x3d, 0xeb, 0x3d, 0xeb, 0x3d, 0xeb, 0x3d,
    0xeb, 0x3d, 0xeb, 0x3d, 0xeb, 0x3d, 0xeb, 0x3d, 0xeb, 0x3d, 0xeb, 0x3d, 0xeb, 0x3d, 0xeb, 0x3d,
    0xeb, 0x3d, 0xeb, 0x3d, 0xeb, 0x3d, 0xeb, 0x3d, 0xeb, 0x3d, 0xeb, 0x3d, 0xeb, 0x3d, 0xeb, 0x3d,
    0xeb, 0x3d, 0xeb, 0x3d, 0xeb, 0x3d, 0xeb, 0x3d, 0xeb, 0x3d, 0xeb, 0x3d, 0xeb, 0x3d, 0xeb, 0x3d,
    0xeb, 0x3d, 0xeb, 0x3d, 0x42, 0x09, 0x00, 0x00, 0x00, 0x00, 0x00, 0x00, 0x00, 0x00, 0x00, 0x00,
    0x00, 0x00, 0x00, 0x00, 0x00, 0x00, 0x00, 0x00, 0x00, 0x00, 0x00, 0x00, 0x00, 0x00, 0x00, 0x00,
    0x00, 0x00, 0x00, 0x00, 0x00, 0x00, 0x00, 0x00, 0x00, 0x00, 0x42, 0x09, 0xeb, 0x3d, 0xeb, 0x3d,
    0xeb, 0x3d, 0xeb, 0x3d, 0xeb, 0x3d, 0xeb, 0x3d, 0xeb, 0x3d, 0xeb, 0x3d, 0xeb, 0x3d, 0xeb, 0x3d,
    0xeb, 0x3d, 0xeb, 0x3d, 0xeb, 0x3d, 0xeb, 0x3d, 0xeb, 0x3d, 0xeb, 0x3d, 0xeb, 0x3d, 0xeb, 0x3d,
    0xeb, 0x3d, 0xeb, 0x3d, 0xeb, 0x3d, 0xeb, 0x3d, 0xeb, 0x3d, 0xeb, 0x3d, 0xeb, 0x3d, 0xeb, 0x3d,
    0xeb, 0x3d, 0xeb, 0x3d, 0xeb, 0x3d, 0xeb, 0x3d, 0xeb, 0x3d, 0xeb, 0x3d, 0xeb, 0x3d, 0xeb, 0x3d,
    0xeb, 0x3d, 0xeb, 0x3d, 0xeb, 0x3d, 0xeb, 0x3d, 0xeb, 0x3d, 0xeb, 0x3d, 0xeb, 0x3d, 0xeb, 0x3d,
    0xeb, 0x3d, 0xeb, 0x3d, 0xeb, 0x3d, 0xeb, 0x3d, 0xeb, 0x3d, 0xeb, 0x3d, 0xeb, 0x3d, 0xeb, 0x3d,
    0xeb, 0x3d, 0xeb, 0x3d, 0xeb, 0x3d, 0xeb, 0x3d, 0xeb, 0x3d, 0xeb, 0x3d, 0xeb, 0x3d, 0xeb, 0x3d,
    0xeb, 0x3d, 0xe9, 0x34, 0x42, 0x09, 0x00, 0x00, 0x00, 0x00, 0x00, 0x00, 0x00, 0x00, 0x00, 0x00,
    0x00, 0x00, 0x00, 0x00, 0x00, 0x00, 0x00, 0x00, 0x00, 0x00, 0x00, 0x00, 0x00, 0x00, 0x00, 0x00,
    0x00, 0x00, 0x00, 0x00, 0x00, 0x00, 0x00, 0x00, 0x00, 0x00, 0x00, 0x00, 0x00, 0x00, 0x00, 0x00,
    0x00, 0x00, 0x00, 0x00, 0x00, 0x00, 0x00, 0x00, 0x00, 0x00, 0x00, 0x00, 0x00, 0x00, 0x00, 0x00,
    0x00, 0x00, 0x00, 0x00, 0x00, 0x00, 0x00, 0x00, 0x00, 0x00, 0x00, 0x00, 0x00, 0x00, 0x00, 0x00,
    0x00, 0x00, 0x00, 0x00, 0x00, 0x00, 0x00, 0x00, 0x00, 0x00, 0x00, 0x00, 0x00, 0x00, 0x00, 0x00,
    0x00, 0x00, 0x00, 0x00, 0x00, 0x00, 0x00, 0x00, 0x00, 0x00, 0x00, 0x00, 0x00, 0x00, 0x00, 0x00,
    0x00, 0x00, 0x00, 0x00, 0x00, 0x00, 0x00, 0x00, 0x00, 0x00, 0x00, 0x00, 0x20, 0x00, 0xe5, 0x1a,
    0xaa, 0x3d, 0xeb, 0x3d, 0xeb, 0x3d, 0xeb, 0x3d, 0xeb, 0x3d, 0xeb, 0x3d, 0xeb, 0x3d, 0xeb, 0x3d,
    0xeb, 0x3d, 0xeb, 0x3d, 0xeb, 0x3d, 0xeb, 0x3d, 0xeb, 0x3d, 0xeb, 0x3d, 0xeb, 0x3d, 0xeb, 0x3d,
    0xeb, 0x3d, 0xeb, 0x3d, 0xeb, 0x3d, 0xeb, 0x3d, 0xeb, 0x3d, 0xeb, 0x3d, 0xeb, 0x3d, 0xeb, 0x3d,
    0xeb, 0x3d, 0xeb, 0x3d, 0xeb, 0x3d, 0xeb, 0x3d, 0xeb, 0x3d, 0xeb, 0x3d, 0xeb, 0x3d, 0xeb, 0x3d,
    0xeb, 0x3d, 0xeb, 0x3d, 0xeb, 0x3d, 0xeb, 0x3d, 0xeb, 0x3d, 0xeb, 0x3d, 0xeb, 0x3d, 0xeb, 0x3d,
    0xeb, 0x3d, 0xeb, 0x3d, 0xeb, 0x3d, 0xeb, 0x3d, 0xeb, 0x3d, 0xeb, 0x3d, 0xeb, 0x3d, 0xeb, 0x3d,
    0xeb, 0x3d, 0xeb, 0x3d, 0xeb, 0x3d, 0xeb, 0x3d, 0xeb, 0x3d, 0xeb, 0x3d, 0xeb, 0x3d, 0xeb, 0x3d,
    0xeb, 0x3d, 0xeb, 0x3d, 0x42, 0x09, 0x00, 0x00, 0x00, 0x00, 0x00, 0x00, 0x00, 0x00, 0x00, 0x00,
    0x00, 0x00, 0x00, 0x00, 0x00, 0x00, 0x00, 0x00, 0x00, 0x00, 0x00, 0x00, 0x00, 0x00, 0x00, 0x00,
    0x00, 0x00, 0x00, 0x00, 0x00, 0x00, 0x00, 0x00, 0x00, 0x00, 0x42, 0x09, 0xeb, 0x3d, 0xeb, 0x3d,
    0xeb, 0x3d, 0xeb, 0x3d, 0xeb, 0x3d, 0xeb, 0x3d, 0xeb, 0x3d, 0xeb, 0x3d, 0xeb, 0x3d, 0xeb, 0x3d,
    0xeb, 0x3d, 0xeb, 0x3d, 0xeb, 0x3d, 0xeb, 0x3d, 0xeb, 0x3d, 0xeb, 0x3d, 0xeb, 0x3d, 0xeb, 0x3d,
    0xeb, 0x3d, 0xeb, 0x3d, 0xeb, 0x3d, 0xeb, 0x3d, 0xeb, 0x3d, 0xeb, 0x3d, 0xeb, 0x3d, 0xeb, 0x3d,
    0xeb, 0x3d, 0xeb, 0x3d, 0xeb, 0x3d, 0xeb, 0x3d, 0xeb, 0x3d, 0xeb, 0x3d, 0xeb, 0x3d, 0xeb, 0x3d,
    0xeb, 0x3d, 0xeb, 0x3d, 0xeb, 0x3d, 0xeb, 0x3d, 0xeb, 0x3d, 0xeb, 0x3d, 0xeb, 0x3d, 0xeb, 0x3d,
    0xeb, 0x3d, 0xeb, 0x3d, 0xeb, 0x3d, 0xeb, 0x3d, 0xeb, 0x3d, 0xeb, 0x3d, 0xeb, 0x3d, 0xeb, 0x3d,
    0xeb, 0x3d, 0xeb, 0x3d, 0xeb, 0x3d, 0xeb, 0x3d, 0xeb, 0x3d, 0xeb, 0x3d, 0xeb, 0x3d, 0x8a, 0x3d,
    0xc5, 0x1a, 0x20, 0x00, 0x00, 0x00, 0x00, 0x00, 0x00, 0x00, 0x00, 0x00, 0x00, 0x00, 0x00, 0x00,
    0x00, 0x00, 0x00, 0x00, 0x00, 0x00, 0x00, 0x00, 0x00, 0x00, 0x00, 0x00, 0x00, 0x00, 0x00, 0x00,
    0x00, 0x00, 0x00, 0x00, 0x00, 0x00, 0x00, 0x00, 0x00, 0x00, 0x00, 0x00, 0x00, 0x00, 0x00, 0x00,
    0x00, 0x00, 0x00, 0x00, 0x00, 0x00, 0x00, 0x00, 0x00, 0x00, 0x00, 0x00, 0x00, 0x00, 0x00, 0x00,
    0x00, 0x00, 0x00, 0x00, 0x00, 0x00, 0x00, 0x00, 0x00, 0x00, 0x00, 0x00, 0x00, 0x00, 0x00, 0x00,
    0x00, 0x00, 0x00, 0x00, 0x00, 0x00, 0x00, 0x00, 0x00, 0x00, 0x00, 0x00, 0x00, 0x00, 0x00, 0x00,
    0x00, 0x00, 0x00, 0x00, 0x00, 0x00, 0x00, 0x00, 0x00, 0x00, 0x00, 0x00, 0x00, 0x00, 0x00, 0x00,
    0x00, 0x00, 0x00, 0x00, 0x00, 0x00, 0x00, 0x00, 0x00, 0x00, 0x00, 0x00, 0x00, 0x00, 0x00, 0x00,
    0xc1, 0x08, 0x86, 0x23, 0xca, 0x3d, 0xeb, 0x3d, 0xeb, 0x3d, 0xeb, 0x3d, 0xeb, 0x3d, 0xeb, 0x3d,
    0xeb, 0x3d, 0xeb, 0x3d, 0xeb, 0x3d, 0xeb, 0x3d, 0xeb, 0x3d, 0xeb, 0x3d, 0xeb, 0x3d, 0xeb, 0x3d,
    0xeb, 0x3d, 0xeb, 0x3d, 0xeb, 0x3d, 0xeb, 0x3d, 0xeb, 0x3d, 0xeb, 0x3d, 0xeb, 0x3d, 0xeb, 0x3d,
    0xeb, 0x3d, 0xeb, 0x3d, 0xeb, 0x3d, 0xeb, 0x3d, 0xeb, 0x3d, 0xeb, 0x3d, 0xeb, 0x3d, 0xeb, 0x3d,
    0xeb, 0x3d, 0xeb, 0x3d, 0xeb, 0x3d, 0xeb, 0x3d, 0xeb, 0x3d, 0xeb, 0x3d, 0xeb, 0x3d, 0xeb, 0x3d,
    0xeb, 0x3d, 0xeb, 0x3d, 0xeb, 0x3d, 0xeb, 0x3d, 0xeb, 0x3d, 0xeb, 0x3d, 0xeb, 0x3d, 0xeb, 0x3d,
    0xeb, 0x3d, 0xeb, 0x3d, 0xeb, 0x3d, 0xeb, 0x3d, 0xeb, 0x3d, 0xeb, 0x3d, 0xeb, 0x3d, 0xeb, 0x3d,
    0xeb, 0x3d, 0xeb, 0x3d, 0x42, 0x09, 0x00, 0x00, 0x00, 0x00, 0x00, 0x00, 0x00, 0x00, 0x00, 0x00,
    0x00, 0x00, 0x00, 0x00, 0x00, 0x00, 0x00, 0x00, 0x00, 0x00, 0x00, 0x00, 0x00, 0x00, 0x00, 0x00,
    0x00, 0x00, 0x00, 0x00, 0x00, 0x00, 0x00, 0x00, 0x00, 0x00, 0x42, 0x09, 0xeb, 0x3d, 0xeb, 0x3d,
    0xeb, 0x3d, 0xeb, 0x3d, 0xeb, 0x3d, 0xeb, 0x3d, 0xeb, 0x3d, 0xeb, 0x3d, 0xeb, 0x3d, 0xeb, 0x3d,
    0xeb, 0x3d, 0xeb, 0x3d, 0xeb, 0x3d, 0xeb, 0x3d, 0xeb, 0x3d, 0xeb, 0x3d, 0xeb, 0x3d, 0xeb, 0x3d,
    0xeb, 0x3d, 0xeb, 0x3d, 0xeb, 0x3d, 0xeb, 0x3d, 0xeb, 0x3d, 0xeb, 0x3d, 0xeb, 0x3d, 0xeb, 0x3d,
    0xeb, 0x3d, 0xeb, 0x3d, 0xeb, 0x3d, 0xeb, 0x3d, 0xeb, 0x3d, 0xeb, 0x3d, 0xeb, 0x3d, 0xeb, 0x3d,
    0xeb, 0x3d, 0xeb, 0x3d, 0xeb, 0x3d, 0xeb, 0x3d, 0xeb, 0x3d, 0xeb, 0x3d, 0xeb, 0x3d, 0xeb, 0x3d,
    0xeb, 0x3d, 0xeb, 0x3d, 0xeb, 0x3d, 0xeb, 0x3d, 0xeb, 0x3d, 0xeb, 0x3d, 0xeb, 0x3d, 0xeb, 0x3d,
    0xeb, 0x3d, 0xeb, 0x3d, 0xeb, 0x3d, 0xeb, 0x3d, 0xeb, 0x3d, 0xca, 0x3d, 0x66, 0x23, 0xa1, 0x00,
    0x00, 0x00, 0x00, 0x00, 0x00, 0x00, 0x00, 0x00, 0x00, 0x00, 0x00, 0x00, 0x00, 0x00, 0x00, 0x00,
    0x00, 0x00, 0x00, 0x00, 0x00, 0x00, 0x00, 0x00, 0x00, 0x00, 0x00, 0x00, 0x00, 0x00, 0x00, 0x00,
    0x00, 0x00, 0x00, 0x00, 0x00, 0x00, 0x00, 0x00, 0x00, 0x00, 0x00, 0x00, 0x00, 0x00, 0x00, 0x00,
    0x00, 0x00, 0x00, 0x00, 0x00, 0x00, 0x00, 0x00, 0x00, 0x00, 0x00, 0x00, 0x00, 0x00, 0x00, 0x00,
    0x00, 0x00, 0x00, 0x00, 0x00, 0x00, 0x00, 0x00, 0x00, 0x00, 0x00, 0x00, 0x00, 0x00, 0x00, 0x00,
    0x00, 0x00, 0x00, 0x00, 0x00, 0x00, 0x00, 0x00, 0x00, 0x00, 0x00, 0x00, 0x00, 0x00, 0x00, 0x00,
    0x00, 0x00, 0x00, 0x00, 0x00, 0x00, 0x00, 0x00, 0x00, 0x00, 0x00, 0x00, 0x00, 0x00, 0x00, 0x00,
    0x00, 0x00, 0x00, 0x00, 0x00, 0x00, 0x00, 0x00, 0x00, 0x00, 0x00, 0x00, 0x00, 0x00, 0x00, 0x00,
    0x00, 0x00, 0x00, 0x00, 0xa1, 0x00, 0x66, 0x23, 0x8a, 0x3d, 0xeb, 0x3d, 0xeb, 0x3d, 0xeb, 0x3d,
    0xeb, 0x3d, 0xeb, 0x3d, 0xeb, 0x3d, 0xeb, 0x3d, 0xeb, 0x3d, 0xeb, 0x3d, 0xeb, 0x3d, 0xeb, 0x3d,
    0xeb, 0x3d, 0xeb, 0x3d, 0xeb, 0x3d, 0xeb, 0x3d, 0xeb, 0x3d, 0xeb, 0x3d, 0xeb, 0x3d, 0xeb, 0x3d,
    0xeb, 0x3d, 0xeb, 0x3d, 0xeb, 0x3d, 0xeb, 0x3d, 0xeb, 0x3d, 0xeb, 0x3d, 0xeb, 0x3d, 0xeb, 0x3d,
    0xeb, 0x3d, 0xeb, 0x3d, 0xeb, 0x3d, 0xeb, 0x3d, 0xeb, 0x3d, 0xeb, 0x3d, 0xeb, 0x3d, 0xeb, 0x3d,
    0xeb, 0x3d, 0xeb, 0x3d, 0xeb, 0x3d, 0xeb, 0x3d, 0xeb, 0x3d, 0xeb, 0x3d, 0xeb, 0x3d, 0xeb, 0x3d,
    0xeb, 0x3d, 0xeb, 0x3d, 0xeb, 0x3d, 0xeb, 0x3d, 0xeb, 0x3d, 0xeb, 0x3d, 0xeb, 0x3d, 0xeb, 0x3d,
    0xeb, 0x3d, 0xeb, 0x3d, 0x42, 0x09, 0x00, 0x00, 0x00, 0x00, 0x00, 0x00, 0x00, 0x00, 0x00, 0x00,
    0x00, 0x00, 0x00, 0x00, 0x00, 0x00, 0x00, 0x00, 0x00, 0x00, 0x00, 0x00, 0x00, 0x00, 0x00, 0x00,
    0x00, 0x00, 0x00, 0x00, 0x00, 0x00, 0x00, 0x00, 0x00, 0x00, 0x42, 0x09, 0xeb, 0x3d, 0xeb, 0x3d,
    0xeb, 0x3d, 0xeb, 0x3d, 0xeb, 0x3d, 0xeb, 0x3d, 0xeb, 0x3d, 0xeb, 0x3d, 0xeb, 0x3d, 0xeb, 0x3d,
    0xeb, 0x3d, 0xeb, 0x3d, 0xeb, 0x3d, 0xeb, 0x3d, 0xeb, 0x3d, 0xeb, 0x3d, 0xeb, 0x3d, 0xeb, 0x3d,
    0xeb, 0x3d, 0xeb, 0x3d, 0xeb, 0x3d, 0xeb, 0x3d, 0xeb, 0x3d, 0xeb, 0x3d, 0xeb, 0x3d, 0xeb, 0x3d,
    0xeb, 0x3d, 0xeb, 0x3d, 0xeb, 0x3d, 0xeb, 0x3d, 0xeb, 0x3d, 0xeb, 0x3d, 0xeb, 0x3d, 0xeb, 0x3d,
    0xeb, 0x3d, 0xeb, 0x3d, 0xeb, 0x3d, 0xeb, 0x3d, 0xeb, 0x3d, 0xeb, 0x3d, 0xeb, 0x3d, 0xeb, 0x3d,
    0xeb, 0x3d, 0xeb, 0x3d, 0xeb, 0x3d, 0xeb, 0x3d, 0xeb, 0x3d, 0xeb, 0x3d, 0xeb, 0x3d, 0xeb, 0x3d,
    0xeb, 0x3d, 0xeb, 0x3d, 0xeb, 0x3d, 0x8a, 0x3d, 0x26, 0x23, 0xa1, 0x00, 0x00, 0x00, 0x00, 0x00,
    0x00, 0x00, 0x00, 0x00, 0x00, 0x00, 0x00, 0x00, 0x00, 0x00, 0x00, 0x00, 0x00, 0x00, 0x00, 0x00,
    0x00, 0x00, 0x00, 0x00, 0x00, 0x00, 0x00, 0x00, 0x00, 0x00, 0x00, 0x00, 0x00, 0x00, 0x00, 0x00,
    0x00, 0x00, 0x00, 0x00, 0x00, 0x00, 0x00, 0x00, 0x00, 0x00, 0x00, 0x00, 0x00, 0x00, 0x00, 0x00,
    0x00, 0x00, 0x00, 0x00, 0x00, 0x00, 0x00, 0x00, 0x00, 0x00, 0x00, 0x00, 0x00, 0x00, 0x00, 0x00,
    0x00, 0x00, 0x00, 0x00, 0x00, 0x00, 0x00, 0x00, 0x00, 0x00, 0x00, 0x00, 0x00, 0x00, 0x00, 0x00,
    0x00, 0x00, 0x00, 0x00, 0x00, 0x00, 0x00, 0x00, 0x00, 0x00, 0x00, 0x00, 0x00, 0x00, 0x00, 0x00,
    0x00, 0x00, 0x00, 0x00, 0x00, 0x00, 0x00, 0x00, 0x00, 0x00, 0x00, 0x00, 0x00, 0x00, 0x00, 0x00,
    0x00, 0x00, 0x00, 0x00, 0x00, 0x00, 0x00, 0x00, 0x00, 0x00, 0x00, 0x00, 0x00, 0x00, 0x00, 0x00,
    0x00, 0x00, 0x00, 0x00, 0x00, 0x00, 0x00, 0x00, 0x80, 0x00, 0x84, 0x1a, 0xa8, 0x34, 0xeb, 0x3d,
    0xeb, 0x3d, 0xeb, 0x3d, 0xeb, 0x3d, 0xeb, 0x3d, 0xeb, 0x3d, 0xeb, 0x3d, 0xeb, 0x3d, 0xeb, 0x3d,
    0xeb, 0x3d, 0xeb, 0x3d, 0xeb, 0x3d, 0xeb, 0x3d, 0xeb, 0x3d, 0xeb, 0x3d, 0xeb, 0x3d, 0xeb, 0x3d,
    0xeb, 0x3d, 0xeb, 0x3d, 0xeb, 0x3d, 0xeb, 0x3d, 0xeb, 0x3d, 0xeb, 0x3d, 0xeb, 0x3d, 0xeb, 0x3d,
    0xeb, 0x3d, 0xeb, 0x3d, 0xeb, 0x3d, 0xeb, 0x3d, 0xeb, 0x3d, 0xeb, 0x3d, 0xeb, 0x3d, 0xeb, 0x3d,
    0xeb, 0x3d, 0xeb, 0x3d, 0xeb, 0x3d, 0xeb, 0x3d, 0xeb, 0x3d, 0xeb, 0x3d, 0xeb, 0x3d, 0xeb, 0x3d,
    0xeb, 0x3d, 0xeb, 0x3d, 0xeb, 0x3d, 0xeb, 0x3d, 0xeb, 0x3d, 0xeb, 0x3d, 0xeb, 0x3d, 0xeb, 0x3d,
    0xeb, 0x3d, 0xeb, 0x3d, 0x42, 0x09, 0x00, 0x00, 0x00, 0x00, 0x00, 0x00, 0x00, 0x00, 0x00, 0x00,
    0x00, 0x00, 0x00, 0x00, 0x00, 0x00, 0x00, 0x00, 0x00, 0x00, 0x00, 0x00, 0x00, 0x00, 0x00, 0x00,
    0x00, 0x00, 0x00, 0x00, 0x00, 0x00, 0x00, 0x00, 0x00, 0x00, 0x42, 0x09, 0xeb, 0x3d, 0xeb, 0x3d,
    0xeb, 0x3d, 0xeb, 0x3d, 0xeb, 0x3d, 0xeb, 0x3d, 0xeb, 0x3d, 0xeb, 0x3d, 0xeb, 0x3d, 0xeb, 0x3d,
    0xeb, 0x3d, 0xeb, 0x3d, 0xeb, 0x3d, 0xeb, 0x3d, 0xeb, 0x3d, 0xeb, 0x3d, 0xeb, 0x3d, 0xeb, 0x3d,
    0xeb, 0x3d, 0xeb, 0x3d, 0xeb, 0x3d, 0xeb, 0x3d, 0xeb, 0x3d, 0xeb, 0x3d, 0xeb, 0x3d, 0xeb, 0x3d,
    0xeb, 0x3d, 0xeb, 0x3d, 0xeb, 0x3d, 0xeb, 0x3d, 0xeb, 0x3d, 0xeb, 0x3d, 0xeb, 0x3d, 0xeb, 0x3d,
    0xeb, 0x3d, 0xeb, 0x3d, 0xeb, 0x3d, 0xeb, 0x3d, 0xeb, 0x3d, 0xeb, 0x3d, 0xeb, 0x3d, 0xeb, 0x3d,
    0xeb, 0x3d, 0xeb, 0x3d, 0xeb, 0x3d, 0xeb, 0x3d, 0xeb, 0x3d, 0xeb, 0x3d, 0xeb, 0x3d, 0xeb, 0x3d,
    0xeb, 0x3d, 0xa8, 0x34, 0x64, 0x1a, 0x60, 0x00, 0x00, 0x00, 0x00, 0x00, 0x00, 0x00, 0x00, 0x00,
    0x00, 0x00, 0x00, 0x00, 0x00, 0x00, 0x00, 0x00, 0x00, 0x00, 0x00, 0x00, 0x00, 0x00, 0x00, 0x00,
    0x00, 0x00, 0x00, 0x00, 0x00, 0x00, 0x00, 0x00, 0x00, 0x00, 0x00, 0x00, 0x00, 0x00, 0x00, 0x00,
    0x00, 0x00, 0x00, 0x00, 0x00, 0x00, 0x00, 0x00, 0x00, 0x00, 0x00, 0x00, 0x00, 0x00, 0x00, 0x00,
    0x00, 0x00, 0x00, 0x00, 0x00, 0x00, 0x00, 0x00, 0x00, 0x00, 0x00, 0x00, 0x00, 0x00, 0x00, 0x00,
    0x00, 0x00, 0x00, 0x00, 0x00, 0x00, 0x00, 0x00, 0x00, 0x00, 0x00, 0x00, 0x00, 0x00, 0x00, 0x00,
    0x00, 0x00, 0x00, 0x00, 0x00, 0x00, 0x00, 0x00, 0x00, 0x00, 0x00, 0x00, 0x00, 0x00, 0x00, 0x00,
    0x00, 0x00, 0x00, 0x00, 0x00, 0x00, 0x00, 0x00, 0x00, 0x00, 0x00, 0x00, 0x00, 0x00, 0x00, 0x00,
    0x00, 0x00, 0x00, 0x00, 0x00, 0x00, 0x00, 0x00, 0x00, 0x00, 0x00, 0x00, 0x00, 0x00, 0x00, 0x00,
    0x00, 0x00, 0x00, 0x00, 0x00, 0x00, 0x00, 0x00, 0x00, 0x00, 0x00, 0x00, 0x00, 0x00, 0xa1, 0x00,
    0x64, 0x1a, 0x07, 0x2c, 0x6a, 0x3d, 0xeb, 0x3d, 0xeb, 0x3d, 0xeb, 0x3d, 0xeb, 0x3d, 0xeb, 0x3d,
    0xeb, 0x3d, 0xeb, 0x3d, 0xeb, 0x3d, 0xeb, 0x3d, 0xeb, 0x3d, 0xeb, 0x3d, 0xeb, 0x3d, 0xeb, 0x3d,
    0xeb, 0x3d, 0xeb, 0x3d, 0xeb, 0x3d, 0xeb, 0x3d, 0xeb, 0x3d, 0xeb, 0x3d, 0xeb, 0x3d, 0xeb, 0x3d,
    0xeb, 0x3d, 0xeb, 0x3d, 0xeb, 0x3d, 0xeb, 0x3d, 0xeb, 0x3d, 0xeb, 0x3d, 0xeb, 0x3d, 0xeb, 0x3d,
    0xeb, 0x3d, 0xeb, 0x3d, 0xeb, 0x3d, 0xeb, 0x3d, 0xeb, 0x3d, 0xeb, 0x3d, 0xeb, 0x3d, 0xeb, 0x3d,
    0xeb, 0x3d, 0xeb, 0x3d, 0xeb, 0x3d, 0xeb, 0x3d, 0xeb, 0x3d, 0xeb, 0x3d, 0xeb, 0x3d, 0xeb, 0x3d,
    0xeb, 0x3d, 0xeb, 0x3d, 0x42, 0x09, 0x00, 0x00, 0x00, 0x00, 0x00, 0x00, 0x00, 0x00, 0x00, 0x00,
    0x00, 0x00, 0x00, 0x00, 0x00, 0x00, 0x00, 0x00, 0x00, 0x00, 0x00, 0x00, 0x00, 0x00, 0x00, 0x00,
    0x00, 0x00, 0x00, 0x00, 0x00, 0x00, 0x00, 0x00, 0x00, 0x00, 0x42, 0x09, 0xeb, 0x3d, 0xeb, 0x3d,
    0xeb, 0x3d, 0xeb, 0x3d, 0xeb, 0x3d, 0xeb, 0x3d, 0xeb, 0x3d, 0xeb, 0x3d, 0xeb, 0x3d, 0xeb, 0x3d,
    0xeb, 0x3d, 0xeb, 0x3d, 0xeb, 0x3d, 0xeb, 0x3d, 0xeb, 0x3d, 0xeb, 0x3d, 0xeb, 0x3d, 0xeb, 0x3d,
    0xeb, 0x3d, 0xeb, 0x3d, 0xeb, 0x3d, 0xeb, 0x3d, 0xeb, 0x3d, 0xeb, 0x3d, 0xeb, 0x3d, 0xeb, 0x3d,
    0xeb, 0x3d, 0xeb, 0x3d, 0xeb, 0x3d, 0xeb, 0x3d, 0xeb, 0x3d, 0xeb, 0x3d, 0xeb, 0x3d, 0xeb, 0x3d,
    0xeb, 0x3d, 0xeb, 0x3d, 0xeb, 0x3d, 0xeb, 0x3d, 0xeb, 0x3d, 0xeb, 0x3d, 0xeb, 0x3d, 0xeb, 0x3d,
    0xeb, 0x3d, 0xeb, 0x3d, 0xeb, 0x3d, 0xeb, 0x3d, 0xeb, 0x3d, 0x8a, 0x3d, 0x48, 0x2c, 0xa4, 0x1a,
    0xc1, 0x08, 0x00, 0x00, 0x00, 0x00, 0x00, 0x00, 0x00, 0x00, 0x00, 0x00, 0x00, 0x00, 0x00, 0x00,
    0x00, 0x00, 0x00, 0x00, 0x00, 0x00, 0x00, 0x00, 0x00, 0x00, 0x00, 0x00, 0x00, 0x00, 0x00, 0x00,
    0x00, 0x00, 0x00, 0x00, 0x00, 0x00, 0x00, 0x00, 0x00, 0x00, 0x00, 0x00, 0x00, 0x00, 0x00, 0x00,
    0x00, 0x00, 0x00, 0x00, 0x00, 0x00, 0x00, 0x00, 0x00, 0x00, 0x00, 0x00, 0x00, 0x00, 0x00, 0x00,
    0x00, 0x00, 0x00, 0x00, 0x00, 0x00, 0x00, 0x00, 0x00, 0x00, 0x00, 0x00, 0x00, 0x00, 0x00, 0x00,
    0x00, 0x00, 0x00, 0x00, 0x00, 0x00, 0x00, 0x00, 0x00, 0x00, 0x00, 0x00, 0x00, 0x00, 0x00, 0x00,
    0x00, 0x00, 0x00, 0x00, 0x00, 0x00, 0x00, 0x00, 0x00, 0x00, 0x00, 0x00, 0x00, 0x00, 0x00, 0x00,
    0x00, 0x00, 0x00, 0x00, 0x00, 0x00, 0x00, 0x00, 0x00, 0x00, 0x00, 0x00, 0x00, 0x00, 0x00, 0x00,
    0x00, 0x00, 0x00, 0x00, 0x00, 0x00, 0x00, 0x00, 0x00, 0x00, 0x00, 0x00, 0x00, 0x00, 0x00, 0x00,
    0x00, 0x00, 0x00, 0x00, 0x00, 0x00, 0x00, 0x00, 0x00, 0x00, 0x00, 0x00, 0x00, 0x00, 0x00, 0x00,
    0x00, 0x00, 0x00, 0x00, 0x20, 0x00, 0x01, 0x09, 0x44, 0x12, 0x46, 0x23, 0x07, 0x2c, 0xa8, 0x34,
    0x8a, 0x3d, 0xeb, 0x3d, 0xeb, 0x3d, 0xeb, 0x3d, 0xeb, 0x3d, 0xeb, 0x3d, 0xeb, 0x3d, 0xeb, 0x3d,
    0xeb, 0x3d, 0xeb, 0x3d, 0xeb, 0x3d, 0xeb, 0x3d, 0xeb, 0x3d, 0xeb, 0x3d, 0xeb, 0x3d, 0xeb, 0x3d,
    0xeb, 0x3d, 0xeb, 0x3d, 0xeb, 0x3d, 0xeb, 0x3d, 0xeb, 0x3d, 0xeb, 0x3d, 0xeb, 0x3d, 0xeb, 0x3d,
    0xeb, 0x3d, 0xeb, 0x3d, 0xeb, 0x3d, 0xeb, 0x3d, 0xeb, 0x3d, 0xeb, 0x3d, 0xeb, 0x3d, 0xeb, 0x3d,
    0xeb, 0x3d, 0xeb, 0x3d, 0xeb, 0x3d, 0xeb, 0x3d, 0xeb, 0x3d, 0xeb, 0x3d, 0xeb, 0x3d, 0xeb, 0x3d,
    0xeb, 0x3d, 0xeb, 0x3d, 0x42, 0x09, 0x00, 0x00, 0x00, 0x00, 0x00, 0x00, 0x00, 0x00, 0x00, 0x00,
    0x00, 0x00, 0x00, 0x00, 0x00, 0x00, 0x00, 0x00, 0x00, 0x00, 0x00, 0x00, 0x00, 0x00, 0x00, 0x00,
    0x00, 0x00, 0x00, 0x00, 0x00, 0x00, 0x00, 0x00, 0x00, 0x00, 0x42, 0x09, 0xeb, 0x3d, 0xeb, 0x3d,
    0xeb, 0x3d, 0xeb, 0x3d, 0xeb, 0x3d, 0xeb, 0x3d, 0xeb, 0x3d, 0xeb, 0x3d, 0xeb, 0x3d, 0xeb, 0x3d,
    0xeb, 0x3d, 0xeb, 0x3d, 0xeb, 0x3d, 0xeb, 0x3d, 0xeb, 0x3d, 0xeb, 0x3d, 0xeb, 0x3d, 0xeb, 0x3d,
    0xeb, 0x3d, 0xeb, 0x3d, 0xeb, 0x3d, 0xeb, 0x3d, 0xeb, 0x3d, 0xeb, 0x3d, 0xeb, 0x3d, 0xeb, 0x3d,
    0xeb, 0x3d, 0xeb, 0x3d, 0xeb, 0x3d, 0xeb, 0x3d, 0xeb, 0x3d, 0xeb, 0x3d, 0xeb, 0x3d, 0xeb, 0x3d,
    0xeb, 0x3d, 0xeb, 0x3d, 0xeb, 0x3d, 0xeb, 0x3d, 0xeb, 0x3d, 0xeb, 0x3d, 0xeb, 0x3d, 0x6a, 0x3d,
    0xa8, 0x34, 0xe7, 0x2b, 0x05, 0x23, 0x24, 0x12, 0x22, 0x09, 0x20, 0x00, 0x00, 0x00, 0x00, 0x00,
    0x00, 0x00, 0x00, 0x00, 0x00, 0x00, 0x00, 0x00, 0x00, 0x00, 0x00, 0x00, 0x00, 0x00, 0x00, 0x00,
    0x00, 0x00, 0x00, 0x00, 0x00, 0x00, 0x00, 0x00, 0x00, 0x00, 0x00, 0x00, 0x00, 0x00, 0x00, 0x00,
    0x00, 0x00, 0x00, 0x00, 0x00, 0x00, 0x00, 0x00, 0x00, 0x00, 0x00, 0x00, 0x00, 0x00, 0x00, 0x00,
    0x00, 0x00, 0x00, 0x00, 0x00, 0x00, 0x00, 0x00, 0x00, 0x00, 0x00, 0x00, 0x00, 0x00, 0x00, 0x00,
    0x00, 0x00, 0x00, 0x00, 0x00, 0x00, 0x00, 0x00, 0x00, 0x00, 0x00, 0x00, 0x00, 0x00, 0x00, 0x00,
    0x00, 0x00, 0x00, 0x00, 0x00, 0x00, 0x00, 0x00, 0x00, 0x00, 0x00, 0x00, 0x00, 0x00, 0x00, 0x00,
    0x00, 0x00, 0x00, 0x00, 0x00, 0x00, 0x00, 0x00, 0x00, 0x00, 0x00, 0x00, 0x00, 0x00, 0x00, 0x00,
    0x00, 0x00, 0x00, 0x00, 0x00, 0x00, 0x00, 0x00, 0x00, 0x00, 0x00, 0x00, 0x00, 0x00, 0x00, 0x00,
    0x00, 0x00, 0x00, 0x00, 0x00, 0x00, 0x00, 0x00, 0x00, 0x00, 0x00, 0x00, 0x00, 0x00, 0x00, 0x00,
    0x00, 0x00, 0x00, 0x00, 0x00, 0x00, 0x00, 0x00, 0x00, 0x00, 0x00, 0x00, 0x00, 0x00, 0x00, 0x00,
    0x00, 0x00, 0x00, 0x00, 0x00, 0x00, 0x00, 0x00, 0x00, 0x00, 0x00, 0x00, 0x00, 0x00, 0x00, 0x00,
    0x81, 0x00, 0x42, 0x09, 0x42, 0x09, 0x42, 0x09, 0x42, 0x09, 0x42, 0x09, 0x42, 0x09, 0x42, 0x09,
    0x42, 0x09, 0x42, 0x09, 0x42, 0x09, 0x42, 0x09, 0x42, 0x09, 0x42, 0x09, 0x42, 0x09, 0x42, 0x09,
    0x42, 0x09, 0x42, 0x09, 0x42, 0x09, 0x42, 0x09, 0x42, 0x09, 0x42, 0x09, 0x42, 0x09, 0x42, 0x09,
    0x42, 0x09, 0x42, 0x09, 0x42, 0x09, 0x42, 0x09, 0x42, 0x09, 0x42, 0x09, 0x42, 0x09, 0x42, 0x09,
    0x42, 0x09, 0x42, 0x09, 0x42, 0x09, 0x42, 0x09, 0x42, 0x09, 0x42, 0x09, 0x42, 0x09, 0x42, 0x09,
    0x42, 0x09, 0x42, 0x09, 0x40, 0x00, 0x00, 0x00, 0x00, 0x00, 0x00, 0x00, 0x00, 0x00, 0x00, 0x00,
    0x00, 0x00, 0x00, 0x00, 0x00, 0x00, 0x00, 0x00, 0x00, 0x00, 0x00, 0x00, 0x00, 0x00, 0x00, 0x00,
    0x00, 0x00, 0x00, 0x00, 0x00, 0x00, 0x00, 0x00, 0x00, 0x00, 0x40, 0x00, 0x42, 0x09, 0x42, 0x09,
    0x42, 0x09, 0x42, 0x09, 0x42, 0x09, 0x42, 0x09, 0x42, 0x09, 0x42, 0x09, 0x42, 0x09, 0x42, 0x09,
    0x42, 0x09, 0x42, 0x09, 0x42, 0x09, 0x42, 0x09, 0x42, 0x09, 0x42, 0x09, 0x42, 0x09, 0x42, 0x09,
    0x42, 0x09, 0x42, 0x09, 0x42, 0x09, 0x42, 0x09, 0x42, 0x09, 0x42, 0x09, 0x42, 0x09, 0x42, 0x09,
    0x42, 0x09, 0x42, 0x09, 0x42, 0x09, 0x42, 0x09, 0x42, 0x09, 0x42, 0x09, 0x42, 0x09, 0x42, 0x09,
    0x42, 0x09, 0x42, 0x09, 0x42, 0x09, 0x42, 0x09, 0x42, 0x09, 0x42, 0x09, 0x42, 0x09, 0x81, 0x00,
    0x00, 0x00, 0x00, 0x00, 0x00, 0x00, 0x00, 0x00, 0x00, 0x00, 0x00, 0x00, 0x00, 0x00, 0x00, 0x00,
    0x00, 0x00, 0x00, 0x00, 0x00, 0x00, 0x00, 0x00, 0x00, 0x00, 0x00, 0x00, 0x00, 0x00, 0x00, 0x00,
    0x00, 0x00, 0x00, 0x00, 0x00, 0x00, 0x00, 0x00, 0x00, 0x00, 0x00, 0x00, 0x00, 0x00, 0x00, 0x00,
    0x00, 0x00, 0x00, 0x00, 0x00, 0x00, 0x00, 0x00, 0x00, 0x00, 0x00, 0x00, 0x00, 0x00, 0x00, 0x00,
    0x00, 0x00, 0x00, 0x00, 0x00, 0x00, 0x00, 0x00, 0x00, 0x00, 0x00, 0x00, 0x00, 0x00, 0x00, 0x00,
    0x00, 0x00, 0x00, 0x00, 0x00, 0x00, 0x00, 0x00, 0x00, 0x00, 0x00, 0x00, 0x00, 0x00, 0x00, 0x00,
    0x00, 0x00, 0x00, 0x00, 0x00, 0x00, 0x00, 0x00, 0x00, 0x00, 0x00, 0x00, 0x00, 0x00, 0x00, 0x00,
    0x00, 0x00, 0x00, 0x00, 0x00, 0x00, 0x00, 0x00, 0x00, 0x00, 0x00, 0x00, 0x00, 0x00, 0x00, 0x00,
    0x00, 0x00, 0x00, 0x00, 0x00, 0x00, 0x00, 0x00, 0x00, 0x00, 0x00, 0x00, 0x00, 0x00, 0x00, 0x00,
    0x00, 0x00, 0x00, 0x00, 0x00, 0x00, 0x00, 0x00, 0x00, 0x00, 0x00, 0x00, 0x00, 0x00, 0x00, 0x00,
    0x00, 0x00, 0x00, 0x00, 0x00, 0x00, 0x00, 0x00, 0x00, 0x00, 0x00, 0x00, 0x00, 0x00, 0x00, 0x00,
    0x00, 0x00, 0x00, 0x00, 0x00, 0x00, 0x00, 0x00, 0x00, 0x00, 0x00, 0x00, 0x00, 0x00, 0x00, 0x00,
    0x00, 0x00, 0x00, 0x00, 0x00, 0x00, 0x00, 0x00, 0x00, 0x00, 0x00, 0x00, 0x00, 0x00, 0x00, 0x00,
    0x00, 0x00, 0x00, 0x00, 0x00, 0x00, 0x00, 0x00, 0x00, 0x00, 0x00, 0x00, 0x00, 0x00, 0x00, 0x00,
    0x00, 0x00, 0x00, 0x00, 0x00, 0x00, 0x00, 0x00, 0x00, 0x00, 0x00, 0x00, 0x00, 0x00, 0x00, 0x00,
    0x00, 0x00, 0x00, 0x00, 0x00, 0x00, 0x00, 0x00, 0x00, 0x00, 0x00, 0x00, 0x00, 0x00, 0x00, 0x00,
    0x00, 0x00, 0x00, 0x00, 0x00, 0x00, 0x00, 0x00, 0x00, 0x00, 0x00, 0x00, 0x00, 0x00, 0x00, 0x00,
    0x00, 0x00, 0x00, 0x00, 0x00, 0x00, 0x00, 0x00, 0x00, 0x00, 0x00, 0x00, 0x00, 0x00, 0x00, 0x00,
    0x00, 0x00, 0x00, 0x00, 0x00, 0x00, 0x00, 0x00, 0x00, 0x00, 0x00, 0x00, 0x00, 0x00, 0x00, 0x00,
    0x00, 0x00, 0x00, 0x00, 0x00, 0x00, 0x00, 0x00, 0x00, 0x00, 0x00, 0x00, 0x00, 0x00, 0x00, 0x00,
    0x00, 0x00, 0x00, 0x00, 0x00, 0x00, 0x00, 0x00, 0x00, 0x00, 0x00, 0x00, 0x00, 0x00, 0x00, 0x00,
    0x00, 0x00, 0x00, 0x00, 0x00, 0x00, 0x00, 0x00, 0x00, 0x00, 0x00, 0x00, 0x00, 0x00, 0x00, 0x00,
    0x00, 0x00, 0x00, 0x00, 0x00, 0x00, 0x00, 0x00, 0x00, 0x00, 0x00, 0x00, 0x00, 0x00, 0x00, 0x00,
    0x00, 0x00, 0x00, 0x00, 0x00, 0x00, 0x00, 0x00, 0x00, 0x00, 0x00, 0x00, 0x00, 0x00, 0x00, 0x00,
    0x00, 0x00, 0x00, 0x00, 0x00, 0x00, 0x00, 0x00, 0x00, 0x00, 0x00, 0x00, 0x00, 0x00, 0x00, 0x00,
    0x00, 0x00, 0x00, 0x00, 0x00, 0x00, 0x00, 0x00, 0x00, 0x00, 0x00, 0x00, 0x00, 0x00, 0x00, 0x00,
    0x00, 0x00, 0x00, 0x00, 0x00, 0x00, 0x00, 0x00, 0x00, 0x00, 0x00, 0x00, 0x00, 0x00, 0x00, 0x00,
    0x00, 0x00, 0x00, 0x00, 0x00, 0x00, 0x00, 0x00, 0x00, 0x00, 0x00, 0x00, 0x00, 0x00, 0x00, 0x00,
    0x00, 0x00, 0x00, 0x00, 0x00, 0x00, 0x00, 0x00, 0x00, 0x00, 0x00, 0x00, 0x00, 0x00, 0x00, 0x00,
    0x00, 0x00, 0x00, 0x00, 0x00, 0x00, 0x00, 0x00, 0x00, 0x00, 0x00, 0x00, 0x00, 0x00, 0x00, 0x00,
    0x00, 0x00, 0x00, 0x00, 0x00, 0x00, 0x00, 0x00, 0x00, 0x00, 0x00, 0x00, 0x00, 0x00, 0x00, 0x00,
    0x00, 0x00, 0x00, 0x00, 0x00, 0x00, 0x00, 0x00, 0x00, 0x00, 0x00, 0x00, 0x00, 0x00, 0x00, 0x00,
    0x00, 0x00, 0x00, 0x00, 0x00, 0x00, 0x00, 0x00, 0x00, 0x00, 0x00, 0x00, 0x00, 0x00, 0x00, 0x00,
    0x00, 0x00, 0x00, 0x00, 0x00, 0x00, 0x00, 0x00, 0x00, 0x00, 0x00, 0x00, 0x00, 0x00, 0x00, 0x00,
    0x00, 0x00, 0x00, 0x00, 0x00, 0x00, 0x00, 0x00, 0x00, 0x00, 0x00, 0x00, 0x00, 0x00, 0x00, 0x00,
    0x00, 0x00, 0x00, 0x00, 0x00, 0x00, 0x00, 0x00, 0x00, 0x00, 0x00, 0x00, 0x00, 0x00, 0x00, 0x00,
    0x00, 0x00, 0x00, 0x00, 0x00, 0x00, 0x00, 0x00, 0x00, 0x00, 0x00, 0x00, 0x00, 0x00, 0x00, 0x00,
    0x00, 0x00, 0x00, 0x00, 0x00, 0x00, 0x00, 0x00, 0x00, 0x00, 0x00, 0x00, 0x00, 0x00, 0x00, 0x00,
    0x00, 0x00, 0x00, 0x00, 0x00, 0x00, 0x00, 0x00, 0x00, 0x00, 0x00, 0x00, 0x00, 0x00, 0x00, 0x00,
    0x00, 0x00, 0x00, 0x00, 0x00, 0x00, 0x00, 0x00, 0x00, 0x00, 0x00, 0x00, 0x00, 0x00, 0x00, 0x00,
    0x00, 0x00, 0x00, 0x00, 0x00, 0x00, 0x00, 0x00, 0x00, 0x00, 0x00, 0x00, 0x00, 0x00, 0x00, 0x00,
    0x00, 0x00, 0x00, 0x00, 0x00, 0x00, 0x00, 0x00, 0x00, 0x00, 0x00, 0x00, 0x00, 0x00, 0x00, 0x00,
    0x00, 0x00, 0x00, 0x00, 0x00, 0x00, 0x00, 0x00, 0x00, 0x00, 0x00, 0x00, 0x00, 0x00, 0x00, 0x00,
    0x00, 0x00, 0x00, 0x00, 0x00, 0x00, 0x00, 0x00, 0x00, 0x00, 0x00, 0x00, 0x00, 0x00, 0x00, 0x00,
    0x00, 0x00, 0x00, 0x00, 0x00, 0x00, 0x00, 0x00, 0x00, 0x00, 0x00, 0x00, 0x00, 0x00, 0x00, 0x00,
    0x00, 0x00, 0x00, 0x00, 0x00, 0x00, 0x00, 0x00, 0x00, 0x00, 0x00, 0x00, 0x00, 0x00, 0x00, 0x00,
    0x00, 0x00, 0x00, 0x00, 0x00, 0x00, 0x00, 0x00, 0x00, 0x00, 0x00, 0x00, 0x00, 0x00, 0x00, 0x00,
    0x00, 0x00, 0x00, 0x00, 0x00, 0x00, 0x00, 0x00, 0x00, 0x00, 0x00, 0x00, 0x00, 0x00, 0x00, 0x00,
    0x00, 0x00, 0x00, 0x00, 0x00, 0x00, 0x00, 0x00, 0x00, 0x00, 0x00, 0x00, 0x00, 0x00, 0x00, 0x00,
    0x00, 0x00, 0x00, 0x00, 0x00, 0x00, 0x00, 0x00, 0x00, 0x00, 0x00, 0x00, 0x00, 0x00, 0x00, 0x00,
    0x00, 0x00, 0x00, 0x00, 0x00, 0x00, 0x00, 0x00, 0x00, 0x00, 0x00, 0x00, 0x00, 0x00, 0x00, 0x00,
    0x00, 0x00, 0x00, 0x00, 0x00, 0x00, 0x00, 0x00, 0x00, 0x00, 0x00, 0x00, 0x00, 0x00, 0x00, 0x00,
    0x00, 0x00, 0x00, 0x00, 0x00, 0x00, 0x00, 0x00, 0x00, 0x00, 0x00, 0x00, 0x00, 0x00, 0x00, 0x00,
    0x00, 0x00, 0x00, 0x00, 0x00, 0x00, 0x00, 0x00, 0x00, 0x00, 0x00, 0x00, 0x00, 0x00, 0x00, 0x00,
    0x00, 0x00, 0x00, 0x00, 0x00, 0x00, 0x00, 0x00, 0x00, 0x00, 0x00, 0x00, 0x00, 0x00, 0x00, 0x00,
    0x00, 0x00, 0x00, 0x00, 0x00, 0x00, 0x00, 0x00, 0x00, 0x00, 0x00, 0x00, 0x00, 0x00, 0x00, 0x00,
    0x00, 0x00, 0x00, 0x00, 0x00, 0x00, 0x00, 0x00, 0x00, 0x00, 0x00, 0x00, 0x00, 0x00, 0x00, 0x00,
    0x00, 0x00, 0x00, 0x00, 0x00, 0x00, 0x00, 0x00, 0x00, 0x00, 0x00, 0x00, 0x00, 0x00, 0x00, 0x00,
    0x00, 0x00, 0x00, 0x00, 0x00, 0x00, 0x00, 0x00, 0x00, 0x00, 0x00, 0x00, 0x00, 0x00, 0x00, 0x00,
    0x00, 0x00, 0x00, 0x00, 0x00, 0x00, 0x00, 0x00, 0x00, 0x00, 0x00, 0x00, 0x00, 0x00, 0x00, 0x00,
    0x00, 0x00, 0x00, 0x00, 0x00, 0x00, 0x00, 0x00, 0x00, 0x00, 0x00, 0x00, 0x00, 0x00, 0x00, 0x00,
    0x00, 0x00, 0x00, 0x00, 0x00, 0x00, 0x00, 0x00, 0x00, 0x00, 0x00, 0x00, 0x00, 0x00, 0x00, 0x00,
    0x00, 0x00, 0x00, 0x00, 0x00, 0x00, 0x00, 0x00, 0x00, 0x00, 0x00, 0x00, 0x00, 0x00, 0x00, 0x00,
    0x00, 0x00, 0x00, 0x00, 0x00, 0x00, 0x00, 0x00, 0x00, 0x00, 0x00, 0x00, 0x00, 0x00, 0x00, 0x00,
    0x00, 0x00, 0x00, 0x00, 0x00, 0x00, 0x00, 0x00, 0x00, 0x00, 0x00, 0x00, 0x00, 0x00, 0x00, 0x00,
    0x00, 0x00, 0x00, 0x00, 0x00, 0x00, 0x00, 0x00, 0x00, 0x00, 0x00, 0x00, 0x00, 0x00, 0x00, 0x00,
    0x00, 0x00, 0x00, 0x00, 0x00, 0x00, 0x00, 0x00, 0x00, 0x00, 0x00, 0x00, 0x00, 0x00, 0x00, 0x00,
    0x00, 0x00, 0x00, 0x00, 0x00, 0x00, 0x00, 0x00, 0x00, 0x00, 0x00, 0x00, 0x00, 0x00, 0x00, 0x00,
    0x00, 0x00, 0x00, 0x00, 0x00, 0x00, 0x00, 0x00, 0x00, 0x00, 0x00, 0x00, 0x00, 0x00, 0x00, 0x00,
    0x00, 0x00, 0x00, 0x00, 0x00, 0x00, 0x00, 0x00, 0x00, 0x00, 0x00, 0x00, 0x00, 0x00, 0x00, 0x00,
    0x00, 0x00, 0x00, 0x00, 0x00, 0x00, 0x00, 0x00, 0x00, 0x00, 0x00, 0x00, 0x00, 0x00, 0x00, 0x00,
    0x00, 0x00, 0x00, 0x00, 0x00, 0x00, 0x00, 0x00, 0x00, 0x00, 0x00, 0x00, 0x00, 0x00, 0x00, 0x00,
    0x00, 0x00, 0x00, 0x00, 0x00, 0x00, 0x00, 0x00, 0x00, 0x00, 0x00, 0x00, 0x00, 0x00, 0x00, 0x00,
    0x00, 0x00, 0x00, 0x00, 0x00, 0x00, 0x00, 0x00, 0x00, 0x00, 0x00, 0x00, 0x00, 0x00, 0x00, 0x00,
    0x00, 0x00, 0x00, 0x00, 0x00, 0x00, 0x00, 0x00, 0x00, 0x00, 0x00, 0x00, 0x00, 0x00, 0x00, 0x00,
    0x00, 0x00, 0x00, 0x00, 0x00, 0x00, 0x00, 0x00, 0x00, 0x00, 0x00, 0x00, 0x00, 0x00, 0x00, 0x00,
    0x00, 0x00, 0x00, 0x00, 0x00, 0x00, 0x00, 0x00, 0x00, 0x00, 0x00, 0x00, 0x00, 0x00, 0x00, 0x00,
    0x00, 0x00, 0x00, 0x00, 0x00, 0x00, 0x00, 0x00, 0x00, 0x00, 0x00, 0x00, 0x00, 0x00, 0x00, 0x00,
    0x00, 0x00, 0x00, 0x00, 0x00, 0x00, 0x00, 0x00, 0x00, 0x00, 0x00, 0x00, 0x00, 0x00, 0x00, 0x00,
    0x00, 0x00, 0x00, 0x00, 0x00, 0x00, 0x00, 0x00, 0x00, 0x00, 0x00, 0x00, 0x00, 0x00, 0x00, 0x00,
    0x00, 0x00, 0x00, 0x00, 0x00, 0x00, 0x00, 0x00, 0x00, 0x00, 0x00, 0x00, 0x00, 0x00, 0x00, 0x00,
    0x00, 0x00, 0x00, 0x00, 0x00, 0x00, 0x00, 0x00, 0x00, 0x00, 0x00, 0x00, 0x00, 0x00, 0x00, 0x00,
    0x00, 0x00, 0x00, 0x00, 0x00, 0x00, 0x00, 0x00, 0x00, 0x00, 0x00, 0x00, 0x00, 0x00, 0x00, 0x00,
    0x00, 0x00, 0x00, 0x00, 0x00, 0x00, 0x00, 0x00, 0x00, 0x00, 0x00, 0x00, 0x00, 0x00, 0x00, 0x00,
    0x00, 0x00, 0x00, 0x00, 0x00, 0x00, 0x00, 0x00, 0x00, 0x00, 0x00, 0x00, 0x00, 0x00, 0x00, 0x00,
    0x00, 0x00, 0x00, 0x00, 0x00, 0x00, 0x00, 0x00, 0x00, 0x00, 0x00, 0x00, 0x00, 0x00, 0x00, 0x00,
    0x00, 0x00, 0x00, 0x00, 0x00, 0x00, 0x00, 0x00, 0x00, 0x00, 0x00, 0x00, 0x00, 0x00, 0x00, 0x00,
    0x00, 0x00, 0x00, 0x00, 0x00, 0x00, 0x00, 0x00, 0x00, 0x00, 0x00, 0x00, 0x00, 0x00, 0x00, 0x00,
    0x00, 0x00, 0x00, 0x00, 0x00, 0x00, 0x00, 0x00, 0x00, 0x00, 0x00, 0x00, 0x00, 0x00, 0x00, 0x00,
    0x00, 0x00, 0x00, 0x00, 0x00, 0x00, 0x00, 0x00, 0x00, 0x00, 0x00, 0x00, 0x00, 0x00, 0x00, 0x00,
    0x00, 0x00, 0x00, 0x00, 0x00, 0x00, 0x00, 0x00, 0x00, 0x00, 0x00, 0x00, 0x00, 0x00, 0x00, 0x00,
    0x00, 0x00, 0x00, 0x00, 0x00, 0x00, 0x00, 0x00, 0x00, 0x00, 0x00, 0x00, 0x00, 0x00, 0x00, 0x00,
    0x00, 0x00, 0x00, 0x00, 0x00, 0x00, 0x00, 0x00, 0x00, 0x00, 0x00, 0x00, 0x00, 0x00, 0x00, 0x00,
    0x00, 0x00, 0x00, 0x00, 0x00, 0x00, 0x00, 0x00, 0x00, 0x00, 0x00, 0x00, 0x00, 0x00, 0x00, 0x00,
    0x00, 0x00, 0x00, 0x00, 0x00, 0x00, 0x00, 0x00, 0x00, 0x00, 0x00, 0x00, 0x00, 0x00, 0x00, 0x00,
    0x00, 0x00, 0x00, 0x00, 0x00, 0x00, 0x00, 0x00, 0x00, 0x00, 0x00, 0x00, 0x00, 0x00, 0x00, 0x00,
    0x00, 0x00, 0x00, 0x00, 0x00, 0x00, 0x00, 0x00, 0x00, 0x00, 0x00, 0x00, 0x00, 0x00, 0x00, 0x00,
    0x00, 0x00, 0x00, 0x00, 0x00, 0x00, 0x00, 0x00, 0x00, 0x00, 0x00, 0x00, 0x00, 0x00, 0x00, 0x00,
    0x00, 0x00, 0x00, 0x00, 0x00, 0x00, 0x00, 0x00, 0x00, 0x00, 0x00, 0x00, 0x00, 0x00, 0x00, 0x00,
    0x00, 0x00, 0x00, 0x00, 0x00, 0x00, 0x00, 0x00, 0x00, 0x00, 0x00, 0x00, 0x00, 0x00, 0x00, 0x00,
    0x00, 0x00, 0x00, 0x00, 0x00, 0x00, 0x00, 0x00, 0x00, 0x00, 0x00, 0x00, 0x00, 0x00, 0x00, 0x00,
    0x00, 0x00, 0x00, 0x00, 0x00, 0x00, 0x00, 0x00, 0x00, 0x00, 0x00, 0x00, 0x00, 0x00, 0x00, 0x00,
    0x00, 0x00, 0x00, 0x00, 0x00, 0x00, 0x00, 0x00, 0x00, 0x00, 0x00, 0x00, 0x00, 0x00, 0x00, 0x00,
    0x00, 0x00, 0x00, 0x00, 0x00, 0x00, 0x00, 0x00, 0x00, 0x00, 0x00, 0x00, 0x00, 0x00, 0x00, 0x00,
    0x00, 0x00, 0x00, 0x00, 0x00, 0x00, 0x00, 0x00, 0x00, 0x00, 0x00, 0x00, 0x00, 0x00, 0x00, 0x00,
    0x00, 0x00, 0x00, 0x00, 0x00, 0x00, 0x00, 0x00, 0x00, 0x00, 0x00, 0x00, 0x00, 0x00, 0x00, 0x00,
    0x00, 0x00, 0x00, 0x00, 0x00, 0x00, 0x00, 0x00, 0x00, 0x00, 0x00, 0x00, 0x00, 0x00, 0x00, 0x00,
    0x00, 0x00, 0x00, 0x00, 0x00, 0x00, 0x00, 0x00, 0x00, 0x00, 0x00, 0x00, 0x00, 0x00, 0x00, 0x00,
    0x00, 0x00, 0x00, 0x00, 0x00, 0x00, 0x00, 0x00, 0x00, 0x00, 0x00, 0x00, 0x00, 0x00, 0x00, 0x00,
    0x00, 0x00, 0x00, 0x00, 0x00, 0x00, 0x00, 0x00, 0x00, 0x00, 0x00, 0x00, 0x00, 0x00, 0x00, 0x00,
    0x00, 0x00, 0x00, 0x00, 0x00, 0x00, 0x00, 0x00, 0x00, 0x00, 0x00, 0x00, 0x00, 0x00, 0x00, 0x00,
    0x00, 0x00, 0x00, 0x00, 0x00, 0x00, 0x00, 0x00, 0x00, 0x00, 0x00, 0x00, 0x00, 0x00, 0x00, 0x00,
    0x00, 0x00, 0x00, 0x00, 0x00, 0x00, 0x00, 0x00, 0x00, 0x00, 0x00, 0x00, 0x00, 0x00, 0x00, 0x00,
    0x00, 0x00, 0x00, 0x00, 0x00, 0x00, 0x00, 0x00, 0x00, 0x00, 0x00, 0x00, 0x00, 0x00, 0x00, 0x00,
    0x00, 0x00, 0x00, 0x00, 0x00, 0x00, 0x00, 0x00, 0x00, 0x00, 0x00, 0x00, 0x00, 0x00, 0x00, 0x00,
    0x00, 0x00, 0x00, 0x00, 0x00, 0x00, 0x00, 0x00, 0x00, 0x00, 0x00, 0x00, 0x00, 0x00, 0x00, 0x00,
    0x00, 0x00, 0x00, 0x00, 0x00, 0x00, 0x00, 0x00, 0x00, 0x00, 0x00, 0x00, 0x00, 0x00, 0x00, 0x00,
    0x00, 0x00, 0x00, 0x00, 0x00, 0x00, 0x00, 0x00, 0x00, 0x00, 0x00, 0x00, 0x00, 0x00, 0x00, 0x00,
    0x00, 0x00, 0x00, 0x00, 0x00, 0x00, 0x00, 0x00, 0x00, 0x00, 0x00, 0x00, 0x00, 0x00, 0x00, 0x00,
    0x00, 0x00, 0x00, 0x00, 0x00, 0x00, 0x00, 0x00, 0x00, 0x00, 0x00, 0x00, 0x00, 0x00, 0x00, 0x00,
    0x00, 0x00, 0x00, 0x00, 0x00, 0x00, 0x00, 0x00, 0x00, 0x00, 0x00, 0x00, 0x00, 0x00, 0x00, 0x00,
    0x00, 0x00, 0x00, 0x00, 0x00, 0x00, 0x00, 0x00, 0x00, 0x00, 0x00, 0x00, 0x00, 0x00, 0x00, 0x00,
    0x00, 0x00, 0x00, 0x00, 0x00, 0x00, 0x00, 0x00, 0x00, 0x00, 0x00, 0x00, 0x00, 0x00, 0x00, 0x00,
    0x00, 0x00, 0x00, 0x00, 0x00, 0x00, 0x00, 0x00, 0x00, 0x00, 0x00, 0x00, 0x00, 0x00, 0x00, 0x00,
    0x00, 0x00, 0x00, 0x00, 0x00, 0x00, 0x00, 0x00, 0x00, 0x00, 0x00, 0x00, 0x00, 0x00, 0x00, 0x00,
    0x00, 0x00, 0x00, 0x00, 0x00, 0x00, 0x00, 0x00, 0x00, 0x00, 0x00, 0x00, 0x00, 0x00, 0x00, 0x00,
    0x00, 0x00, 0x00, 0x00, 0x00, 0x00, 0x00, 0x00, 0x00, 0x00, 0x00, 0x00, 0x00, 0x00, 0x00, 0x00,
    0x00, 0x00, 0x00, 0x00, 0x00, 0x00, 0x00, 0x00, 0x00, 0x00, 0x00, 0x00, 0x00, 0x00, 0x00, 0x00,
    0x00, 0x00, 0x00, 0x00, 0x00, 0x00, 0x00, 0x00, 0x00, 0x00, 0x00, 0x00, 0x00, 0x00, 0x00, 0x00,
    0x00, 0x00, 0x00, 0x00, 0x00, 0x00, 0x00, 0x00, 0x00, 0x00, 0x00, 0x00, 0x00, 0x00, 0x00, 0x00,
    0x00, 0x00, 0x00, 0x00, 0x00, 0x00, 0x00, 0x00, 0x00, 0x00, 0x00, 0x00, 0x00, 0x00, 0x00, 0x00,
    0x00, 0x00, 0x00, 0x00, 0x00, 0x00, 0x00, 0x00, 0x00, 0x00, 0x00, 0x00, 0x00, 0x00, 0x00, 0x00,
    0x00, 0x00, 0x00, 0x00, 0x00, 0x00, 0x00, 0x00, 0x00, 0x00, 0x00, 0x00, 0x00, 0x00, 0x00, 0x00,
    0x00, 0x00, 0x00, 0x00, 0x00, 0x00, 0x00, 0x00, 0x00, 0x00, 0x00, 0x00, 0x00, 0x00, 0x00, 0x00,
    0x00, 0x00, 0x00, 0x00, 0x00, 0x00, 0x00, 0x00, 0x00, 0x00, 0x00, 0x00, 0x00, 0x00, 0x00, 0x00,
    0x00, 0x00, 0x00, 0x00, 0x00, 0x00, 0x00, 0x00, 0x00, 0x00, 0x00, 0x00, 0x00, 0x00, 0x00, 0x00,
    0x00, 0x00, 0x00, 0x00, 0x00, 0x00, 0x00, 0x00, 0x00, 0x00, 0x00, 0x00, 0x00, 0x00, 0x00, 0x00,
    0x00, 0x00, 0x00, 0x00, 0x00, 0x00, 0x00, 0x00, 0x00, 0x00, 0x00, 0x00, 0x00, 0x00, 0x00, 0x00,
    0x00, 0x00, 0x00, 0x00, 0x00, 0x00, 0x00, 0x00, 0x00, 0x00, 0x00, 0x00, 0x00, 0x00, 0x00, 0x00,
    0x00, 0x00, 0x00, 0x00, 0x00, 0x00, 0x00, 0x00, 0x00, 0x00, 0x00, 0x00, 0x00, 0x00, 0x00, 0x00,
    0x00, 0x00, 0x00, 0x00, 0x00, 0x00, 0x00, 0x00, 0x00, 0x00, 0x00, 0x00, 0x00, 0x00, 0x00, 0x00,
    0x00, 0x00, 0x00, 0x00, 0x00, 0x00, 0x00, 0x00, 0x00, 0x00, 0x00, 0x00, 0x00, 0x00, 0x00, 0x00,
    0x00, 0x00, 0x00, 0x00, 0x00, 0x00, 0x00, 0x00, 0x00, 0x00, 0x00, 0x00, 0x00, 0x00, 0x00, 0x00,
    0x00, 0x00, 0x00, 0x00, 0x00, 0x00, 0x00, 0x00, 0x00, 0x00, 0x00, 0x00, 0x00, 0x00, 0x00, 0x00,
    0x00, 0x00, 0x00, 0x00, 0x00, 0x00, 0x00, 0x00, 0x00, 0x00, 0x00, 0x00, 0x00, 0x00, 0x00, 0x00,
    0x00, 0x00, 0x00, 0x00, 0x00, 0x00, 0x00, 0x00, 0x00, 0x00, 0x00, 0x00, 0x00, 0x00, 0x00, 0x00,
    0x00, 0x00, 0x00, 0x00, 0x00, 0x00, 0x00, 0x00, 0x00, 0x00, 0x00, 0x00, 0x00, 0x00, 0x00, 0x00,
    0x00, 0x00, 0x00, 0x00, 0x00, 0x00, 0x00, 0x00, 0x00, 0x00, 0x00, 0x00, 0x00, 0x00, 0x00, 0x00,
    0x00, 0x00, 0x00, 0x00, 0x00, 0x00, 0x00, 0x00, 0x00, 0x00, 0x00, 0x00, 0x00, 0x00, 0x00, 0x00,
    0x00, 0x00, 0x00, 0x00, 0x00, 0x00, 0x00, 0x00, 0x00, 0x00, 0x00, 0x00, 0x00, 0x00, 0x00, 0x00,
    0x00, 0x00, 0x00, 0x00, 0x00, 0x00, 0x00, 0x00, 0x00, 0x00, 0x00, 0x00, 0x00, 0x00, 0x00, 0x00,
    0x00, 0x00, 0x00, 0x00, 0x00, 0x00, 0x00, 0x00, 0x00, 0x00, 0x00, 0x00, 0x00, 0x00, 0x00, 0x00,
    0x00, 0x00, 0x00, 0x00, 0x00, 0x00, 0x00, 0x00, 0x00, 0x00, 0x00, 0x00, 0x00, 0x00, 0x00, 0x00,
    0x00, 0x00, 0x00, 0x00, 0x00, 0x00, 0x00, 0x00, 0x00, 0x00, 0x00, 0x00, 0x00, 0x00, 0x00, 0x00,
    0x00, 0x00, 0x00, 0x00, 0x00, 0x00, 0x00, 0x00, 0x00, 0x00, 0x00, 0x00, 0x00, 0x00, 0x00, 0x00,
    0x00, 0x00, 0x00, 0x00, 0x00, 0x00, 0x00, 0x00, 0x00, 0x00, 0x00, 0x00, 0x00, 0x00, 0x00, 0x00,
    0x00, 0x00, 0x00, 0x00, 0x00, 0x00, 0x00, 0x00, 0x00, 0x00, 0x00, 0x00, 0x00, 0x00, 0x00, 0x00,
    0x00, 0x00, 0x00, 0x00, 0x00, 0x00, 0x00, 0x00, 0x00, 0x00, 0x00, 0x00, 0x00, 0x00, 0x00, 0x00,
    0x00, 0x00, 0x00, 0x00, 0x00, 0x00, 0x00, 0x00, 0x00, 0x00, 0x00, 0x00, 0x00, 0x00, 0x00, 0x00,
    0x00, 0x00, 0x00, 0x00, 0x00, 0x00, 0x00, 0x00, 0x00, 0x00, 0x00, 0x00, 0x00, 0x00, 0x00, 0x00,
    0x00, 0x00, 0x00, 0x00, 0x00, 0x00, 0x00, 0x00, 0x00, 0x00, 0x00, 0x00, 0x00, 0x00, 0x00, 0x00,
    0x00, 0x00, 0x00, 0x00, 0x00, 0x00, 0x00, 0x00, 0x00, 0x00, 0x00, 0x00, 0x00, 0x00, 0x00, 0x00,
    0x00, 0x00, 0x00, 0x00, 0x00, 0x00, 0x00, 0x00, 0x00, 0x00, 0x00, 0x00, 0x00, 0x00, 0x00, 0x00,
    0x00, 0x00, 0x00, 0x00, 0x00, 0x00, 0x00, 0x00, 0x00, 0x00, 0x00, 0x00, 0x00, 0x00, 0x00, 0x00,
    0x00, 0x00, 0x00, 0x00, 0x00, 0x00, 0x00, 0x00, 0x00, 0x00, 0x00, 0x00, 0x00, 0x00, 0x00, 0x00,
    0x00, 0x00, 0x00, 0x00, 0x00, 0x00, 0x00, 0x00, 0x00, 0x00, 0x00, 0x00, 0x00, 0x00, 0x00, 0x00,
    0x00, 0x00, 0x00, 0x00, 0x00, 0x00, 0x00, 0x00, 0x00, 0x00, 0x00, 0x00, 0x00, 0x00, 0x00, 0x00,
    0x00, 0x00, 0x00, 0x00, 0x00, 0x00, 0x00, 0x00, 0x00, 0x00, 0x00, 0x00, 0x00, 0x00, 0x00, 0x00,
    0x00, 0x00, 0x00, 0x00, 0x00, 0x00, 0x00, 0x00, 0x00, 0x00, 0x00, 0x00, 0x00, 0x00, 0x00, 0x00,
    0x00, 0x00, 0x00, 0x00, 0x00, 0x00, 0x00, 0x00, 0x00, 0x00, 0x00, 0x00, 0x00, 0x00, 0x00, 0x00,
    0x00, 0x00, 0x00, 0x00, 0x00, 0x00, 0x00, 0x00, 0x00, 0x00, 0x00, 0x00, 0x00, 0x00, 0x00, 0x00,
    0x00, 0x00, 0x00, 0x00, 0x00, 0x00, 0x00, 0x00, 0x00, 0x00, 0x00, 0x00, 0x00, 0x00, 0x00, 0x00,
    0x00, 0x00, 0x00, 0x00, 0x00, 0x00, 0x00, 0x00, 0x00, 0x00, 0x00, 0x00, 0x00, 0x00, 0x00, 0x00,
    0x00, 0x00, 0x00, 0x00, 0x00, 0x00, 0x00, 0x00, 0x00, 0x00, 0x00, 0x00, 0x00, 0x00, 0x00, 0x00,
    0x00, 0x00, 0x00, 0x00, 0x00, 0x00, 0x00, 0x00, 0x00, 0x00, 0x00, 0x00, 0x00, 0x00, 0x00, 0x00,
    0x00, 0x00, 0x00, 0x00, 0x00, 0x00, 0x00, 0x00, 0x00, 0x00, 0x00, 0x00, 0x00, 0x00, 0x00, 0x00,
    0x00, 0x00, 0x00, 0x00, 0x00, 0x00, 0x00, 0x00, 0x00, 0x00, 0x00, 0x00, 0x00, 0x00, 0x00, 0x00,
    0x00, 0x00, 0x00, 0x00, 0x00, 0x00, 0x00, 0x00, 0x00, 0x00, 0x00, 0x00, 0x00, 0x00, 0x00, 0x00,
    0x00, 0x00, 0x00, 0x00, 0x00, 0x00, 0x00, 0x00, 0x00, 0x00, 0x00, 0x00, 0x00, 0x00, 0x00, 0x00,
    0x00, 0x00, 0x00, 0x00, 0x00, 0x00, 0x00, 0x00, 0x00, 0x00, 0x00, 0x00, 0x00, 0x00, 0x00, 0x00,
    0x00, 0x00, 0x00, 0x00, 0x00, 0x00, 0x00, 0x00, 0x00, 0x00, 0x00, 0x00, 0x00, 0x00, 0x00, 0x00,
    0x00, 0x00, 0x00, 0x00, 0x00, 0x00, 0x00, 0x00, 0x00, 0x00, 0x00, 0x00, 0x00, 0x00, 0x00, 0x00,
    0x00, 0x00, 0x00, 0x00, 0x00, 0x00, 0x00, 0x00, 0x00, 0x00, 0x00, 0x00, 0x00, 0x00, 0x00, 0x00,
    0x00, 0x00, 0x00, 0x00, 0x00, 0x00, 0x00, 0x00, 0x00, 0x00, 0x00, 0x00, 0x00, 0x00, 0x00, 0x00,
    0x00, 0x00, 0x00, 0x00, 0x00, 0x00, 0x00, 0x00, 0x00, 0x00, 0x00, 0x00, 0x00, 0x00, 0x00, 0x00,
    0x00, 0x00, 0x00, 0x00, 0x00, 0x00, 0x00, 0x00, 0x00, 0x00, 0x00, 0x00, 0x00, 0x00, 0x00, 0x00,
    0x00, 0x00, 0x00, 0x00, 0x00, 0x00, 0x00, 0x00, 0x00, 0x00, 0x00, 0x00, 0x00, 0x00, 0x00, 0x00,
    0x00, 0x00, 0x00, 0x00, 0x00, 0x00, 0x00, 0x00, 0x00, 0x00, 0x00, 0x00, 0x00, 0x00, 0x00, 0x00,
    0x00, 0x00, 0x00, 0x00, 0x00, 0x00, 0x00, 0x00, 0x00, 0x00, 0x00, 0x00, 0x00, 0x00, 0x00, 0x00,
    0x00, 0x00, 0x00, 0x00, 0x00, 0x00, 0x00, 0x00, 0x00, 0x00, 0x00, 0x00, 0x00, 0x00, 0x00, 0x00,
    0x00, 0x00, 0x00, 0x00, 0x00, 0x00, 0x00, 0x00, 0x00, 0x00, 0x00, 0x00, 0x00, 0x00, 0x00, 0x00,
    0x00, 0x00, 0x00, 0x00, 0x00, 0x00, 0x00, 0x00, 0x00, 0x00, 0x00, 0x00, 0x00, 0x00, 0x00, 0x00,
    0x00, 0x00, 0x00, 0x00, 0x00, 0x00, 0x00, 0x00, 0x00, 0x00, 0x00, 0x00, 0x00, 0x00, 0x00, 0x00,
    0x00, 0x00, 0x00, 0x00, 0x00, 0x00, 0x00, 0x00, 0x00, 0x00, 0x00, 0x00, 0x00, 0x00, 0x00, 0x00,
    0x00, 0x00, 0x00, 0x00, 0x00, 0x00, 0x00, 0x00, 0x00, 0x00, 0x00, 0x00, 0x00, 0x00, 0x00, 0x00,
    0x00, 0x00, 0x00, 0x00, 0x00, 0x00, 0x00, 0x00, 0x00, 0x00, 0x00, 0x00, 0x00, 0x00, 0x00, 0x00,
    0x00, 0x00, 0x00, 0x00, 0x00, 0x00, 0x00, 0x00, 0x00, 0x00, 0x00, 0x00, 0x00, 0x00, 0x00, 0x00,
    0x00, 0x00, 0x00, 0x00, 0x00, 0x00, 0x00, 0x00, 0x00, 0x00, 0x00, 0x00, 0x00, 0x00, 0x00, 0x00,
    0x00, 0x00, 0x00, 0x00, 0x00, 0x00, 0x00, 0x00, 0x00, 0x00, 0x00, 0x00, 0x00, 0x00, 0x00, 0x00,
    0x00, 0x00, 0x00, 0x00, 0x00, 0x00, 0x00, 0x00, 0x00, 0x00, 0x00, 0x00, 0x00, 0x00, 0x00, 0x00,
    0x00, 0x00, 0x00, 0x00, 0x00, 0x00, 0x00, 0x00, 0x00, 0x00, 0x00, 0x00, 0x00, 0x00, 0x00, 0x00,
    0x00, 0x00, 0x00, 0x00, 0x00, 0x00, 0x00, 0x00, 0x00, 0x00, 0x00, 0x00, 0x00, 0x00, 0x00, 0x00,
    0x00, 0x00, 0x00, 0x00, 0x00, 0x00, 0x00, 0x00, 0x00, 0x00, 0x00, 0x00, 0x00, 0x00, 0x00, 0x00,
    0x00, 0x00, 0x00, 0x00, 0x00, 0x00, 0x00, 0x00, 0x00, 0x00, 0x00, 0x00, 0x00, 0x00, 0x00, 0x00,
    0x00, 0x00, 0x00, 0x00, 0x00, 0x00, 0x00, 0x00, 0x00, 0x00, 0x00, 0x00, 0x00, 0x00, 0x00, 0x00,
    0x00, 0x00, 0x00, 0x00, 0x00, 0x00, 0x00, 0x00, 0x00, 0x00, 0x00, 0x00, 0x00, 0x00, 0x00, 0x00,
    0x00, 0x00, 0x00, 0x00, 0x00, 0x00, 0x00, 0x00, 0x00, 0x00, 0x00, 0x00, 0x00, 0x00, 0x00, 0x00,
    0x00, 0x00, 0x00, 0x00, 0x00, 0x00, 0x00, 0x00, 0x00, 0x00, 0x00, 0x00, 0x00, 0x00, 0x00, 0x00,
    0x00, 0x00, 0x00, 0x00, 0x00, 0x00, 0x00, 0x00, 0x00, 0x00, 0x00, 0x00, 0x00, 0x00, 0x00, 0x00,
    0x00, 0x00, 0x00, 0x00, 0x00, 0x00, 0x00, 0x00, 0x00, 0x00, 0x00, 0x00, 0x00, 0x00, 0x00, 0x00,
    0x00, 0x00, 0x00, 0x00, 0x00, 0x00, 0x00, 0x00, 0x00, 0x00, 0x00, 0x00, 0x00, 0x00, 0x00, 0x00,
    0x00, 0x00, 0x00, 0x00, 0x00, 0x00, 0x00, 0x00, 0x00, 0x00, 0x00, 0x00, 0x00, 0x00, 0x00, 0x00,
    0x00, 0x00, 0x00, 0x00, 0x00, 0x00, 0x00, 0x00, 0x00, 0x00, 0x00, 0x00, 0x00, 0x00, 0x00, 0x00,
    0x00, 0x00, 0x00, 0x00, 0x00, 0x00, 0x00, 0x00, 0x00, 0x00, 0x00, 0x00, 0x00, 0x00, 0x00, 0x00,
    0x00, 0x00, 0x00, 0x00, 0x00, 0x00, 0x00, 0x00, 0x00, 0x00, 0x00, 0x00, 0x00, 0x00, 0x00, 0x00,
    0x00, 0x00, 0x00, 0x00, 0x00, 0x00, 0x00, 0x00, 0x00, 0x00, 0x00, 0x00, 0x00, 0x00, 0x00, 0x00,
    0x00, 0x00, 0x00, 0x00, 0x00, 0x00, 0x00, 0x00, 0x00, 0x00, 0x00, 0x00, 0x00, 0x00, 0x00, 0x00,
    0x00, 0x00, 0x00, 0x00, 0x00, 0x00, 0x00, 0x00, 0x00, 0x00, 0x00, 0x00, 0x00, 0x00, 0x00, 0x00,
    0x00, 0x00, 0x00, 0x00, 0x00, 0x00, 0x00, 0x00, 0x00, 0x00, 0x00, 0x00, 0x00, 0x00, 0x00, 0x00,
    0x00, 0x00, 0x00, 0x00, 0x00, 0x00, 0x00, 0x00, 0x00, 0x00, 0x00, 0x00, 0x00, 0x00, 0x00, 0x00,
    0x00, 0x00, 0x00, 0x00, 0x00, 0x00, 0x00, 0x00, 0x00, 0x00, 0x00, 0x00, 0x00, 0x00, 0x00, 0x00,
    0x00, 0x00, 0x00, 0x00, 0x00, 0x00, 0x00, 0x00, 0x00, 0x00, 0x00, 0x00, 0x00, 0x00, 0x00, 0x00,
    0x00, 0x00, 0x00, 0x00, 0x00, 0x00, 0x00, 0x00, 0x00, 0x00, 0x00, 0x00, 0x00, 0x00, 0x00, 0x00,
    0x00, 0x00, 0x00, 0x00, 0x00, 0x00, 0x00, 0x00, 0x00, 0x00, 0x00, 0x00, 0x00, 0x00, 0x00, 0x00,
    0x00, 0x00, 0x00, 0x00, 0x00, 0x00, 0x00, 0x00, 0x00, 0x00, 0x00, 0x00, 0x00, 0x00, 0x00, 0x00,
    0x00, 0x00, 0x00, 0x00, 0x00, 0x00, 0x00, 0x00, 0x00, 0x00, 0x00, 0x00, 0x00, 0x00, 0x00, 0x00,
    0x00, 0x00, 0x00, 0x00, 0x00, 0x00, 0x00, 0x00, 0x00, 0x00, 0x00, 0x00, 0x00, 0x00, 0x00, 0x00,
    0x00, 0x00, 0x00, 0x00, 0x00, 0x00, 0x00, 0x00, 0x00, 0x00, 0x00, 0x00, 0x00, 0x00, 0x00, 0x00,
    0x00, 0x00, 0x00, 0x00, 0x00, 0x00, 0x00, 0x00, 0x00, 0x00, 0x00, 0x00, 0x00, 0x00, 0x00, 0x00,
    0x00, 0x00, 0x00, 0x00, 0x00, 0x00, 0x00, 0x00, 0x00, 0x00, 0x00, 0x00, 0x00, 0x00, 0x00, 0x00,
    0x00, 0x00, 0x00, 0x00, 0x00, 0x00, 0x00, 0x00, 0x00, 0x00, 0x00, 0x00, 0x00, 0x00, 0x00, 0x00,
    0x00, 0x00, 0x00, 0x00, 0x00, 0x00, 0x00, 0x00, 0x00, 0x00, 0x00, 0x00, 0x00, 0x00, 0x00, 0x00,
    0x00, 0x00, 0x00, 0x00, 0x00, 0x00, 0x00, 0x00, 0x00, 0x00, 0x00, 0x00, 0x00, 0x00, 0x00, 0x00,
    0x00, 0x00, 0x00, 0x00, 0x00, 0x00, 0x00, 0x00, 0x00, 0x00, 0x00, 0x00, 0x00, 0x00, 0x00, 0x00,
    0x00, 0x00, 0x00, 0x00, 0x00, 0x00, 0x00, 0x00, 0x00, 0x00, 0x00, 0x00, 0x00, 0x00, 0x00, 0x00,
    0x00, 0x00, 0x00, 0x00, 0x00, 0x00, 0x00, 0x00, 0x00, 0x00, 0x00, 0x00, 0x00, 0x00, 0x00, 0x00,
    0x00, 0x00, 0x00, 0x00, 0x00, 0x00, 0x00, 0x00, 0x00, 0x00, 0x00, 0x00, 0x00, 0x00, 0x00, 0x00,
    0x00, 0x00, 0x00, 0x00, 0x00, 0x00, 0x00, 0x00, 0x00, 0x00, 0x00, 0x00, 0x00, 0x00, 0x00, 0x00,
    0x00, 0x00, 0x00, 0x00, 0x00, 0x00, 0x00, 0x00, 0x00, 0x00, 0x00, 0x00, 0x00, 0x00, 0x00, 0x00,
    0x00, 0x00, 0x00, 0x00, 0x00, 0x00, 0x00, 0x00, 0x00, 0x00, 0x00, 0x00, 0x00, 0x00, 0x00, 0x00,
    0x00, 0x00, 0x00, 0x00, 0x00, 0x00, 0x00, 0x00, 0x00, 0x00, 0x00, 0x00, 0x00, 0x00, 0x00, 0x00,
    0x00, 0x00, 0x00, 0x00, 0x00, 0x00, 0x00, 0x00, 0x00, 0x00, 0x00, 0x00, 0x00, 0x00, 0x00, 0x00,
    0x00, 0x00, 0x00, 0x00, 0x00, 0x00, 0x00, 0x00, 0x00, 0x00, 0x00, 0x00, 0x00, 0x00, 0x00, 0x00,
    0x00, 0x00, 0x00, 0x00, 0x00, 0x00, 0x00, 0x00, 0x00, 0x00, 0x00, 0x00, 0x00, 0x00, 0x00, 0x00,
    0x00, 0x00, 0x00, 0x00, 0x00, 0x00, 0x00, 0x00, 0x00, 0x00, 0x00, 0x00, 0x00, 0x00, 0x00, 0x00,
    0x00, 0x00, 0x00, 0x00, 0x00, 0x00, 0x00, 0x00, 0x00, 0x00, 0x00, 0x00, 0x00, 0x00, 0x00, 0x00,
    0x00, 0x00, 0x00, 0x00, 0x00, 0x00, 0x00, 0x00, 0x00, 0x00, 0x00, 0x00, 0x00, 0x00, 0x00, 0x00,
    0x00, 0x00, 0x00, 0x00, 0x00, 0x00, 0x00, 0x00, 0x00, 0x00, 0x00, 0x00, 0x00, 0x00, 0x00, 0x00,
    0x00, 0x00, 0x00, 0x00, 0x00, 0x00, 0x00, 0x00, 0x00, 0x00, 0x00, 0x00, 0x00, 0x00, 0x00, 0x00,
    0x00, 0x00, 0x00, 0x00, 0x00, 0x00, 0x00, 0x00, 0x00, 0x00, 0x00, 0x00, 0x00, 0x00, 0x00, 0x00,
    0x00, 0x00, 0x00, 0x00, 0x00, 0x00, 0x00, 0x00, 0x00, 0x00, 0x00, 0x00, 0x00, 0x00, 0x00, 0x00,
    0x00, 0x00, 0x00, 0x00, 0x00, 0x00, 0x00, 0x00, 0x00, 0x00, 0x00, 0x00, 0x00, 0x00, 0x00, 0x00,
    0x00, 0x00, 0x00, 0x00, 0x00, 0x00, 0x00, 0x00, 0x00, 0x00, 0x00, 0x00, 0x00, 0x00, 0x00, 0x00,
    0x00, 0x00, 0x00, 0x00, 0x00, 0x00, 0x00, 0x00, 0x00, 0x00, 0x00, 0x00, 0x00, 0x00, 0x00, 0x00,
    0x00, 0x00, 0x00, 0x00, 0x00, 0x00, 0x00, 0x00, 0x00, 0x00, 0x00, 0x00, 0x00, 0x00, 0x00, 0x00,
    0x00, 0x00, 0x00, 0x00, 0x00, 0x00, 0x00, 0x00, 0x00, 0x00, 0x00, 0x00, 0x00, 0x00, 0x00, 0x00,
    0x00, 0x00, 0x00, 0x00, 0x00, 0x00, 0x00, 0x00, 0x00, 0x00, 0x00, 0x00, 0x00, 0x00, 0x00, 0x00,
    0x00, 0x00, 0x00, 0x00, 0x00, 0x00, 0x00, 0x00, 0x00, 0x00, 0x00, 0x00, 0x00, 0x00, 0x00, 0x00,
    0x00, 0x00, 0x00, 0x00, 0x00, 0x00, 0x00, 0x00, 0x00, 0x00, 0x00, 0x00, 0x00, 0x00, 0x00, 0x00,
    0x00, 0x00, 0x00, 0x00, 0x00, 0x00, 0x00, 0x00, 0x00, 0x00, 0x00, 0x00, 0x00, 0x00, 0x00, 0x00,
    0x00, 0x00, 0x00, 0x00, 0x00, 0x00, 0x00, 0x00, 0x00, 0x00, 0x00, 0x00, 0x00, 0x00, 0x00, 0x00,
    0x00, 0x00, 0x00, 0x00, 0x00, 0x00, 0x00, 0x00, 0x00, 0x00, 0x00, 0x00, 0x00, 0x00, 0x00, 0x00,
    0x00, 0x00, 0x00, 0x00, 0x00, 0x00, 0x00, 0x00, 0x00, 0x00, 0x00, 0x00, 0x00, 0x00, 0x00, 0x00,
    0x00, 0x00, 0x00, 0x00, 0x00, 0x00, 0x00, 0x00, 0x00, 0x00, 0x00, 0x00, 0x00, 0x00, 0x00, 0x00,
    0x00, 0x00, 0x00, 0x00, 0x00, 0x00, 0x00, 0x00, 0x00, 0x00, 0x00, 0x00, 0x00, 0x00, 0x00, 0x00,
    0x00, 0x00, 0x00, 0x00, 0x00, 0x00, 0x00, 0x00, 0x00, 0x00, 0x00, 0x00, 0x00, 0x00, 0x00, 0x00,
    0x00, 0x00, 0x00, 0x00, 0x00, 0x00, 0x00, 0x00, 0x00, 0x00, 0x00, 0x00, 0x00, 0x00, 0x00, 0x00,
    0x00, 0x00, 0x00, 0x00, 0x00, 0x00, 0x00, 0x00, 0x00, 0x00, 0x00, 0x00, 0x00, 0x00, 0x00, 0x00,
    0x00, 0x00, 0x00, 0x00, 0x00, 0x00, 0x00, 0x00, 0x00, 0x00, 0x00, 0x00, 0x00, 0x00, 0x00, 0x00,
    0x00, 0x00, 0x00, 0x00, 0x00, 0x00, 0x00, 0x00, 0x00, 0x00, 0x00, 0x00, 0x00, 0x00, 0x00, 0x00,
    0x00, 0x00, 0x00, 0x00, 0x00, 0x00, 0x00, 0x00, 0x00, 0x00, 0x00, 0x00, 0x00, 0x00, 0x00, 0x00,
    0x00, 0x00, 0x00, 0x00, 0x00, 0x00, 0x00, 0x00, 0x00, 0x00, 0x00, 0x00, 0x00, 0x00, 0x00, 0x00,
    0x00, 0x00, 0x00, 0x00, 0x00, 0x00, 0x00, 0x00, 0x00, 0x00, 0x00, 0x00, 0x00, 0x00, 0x00, 0x00,
    0x00, 0x00, 0x00, 0x00, 0x00, 0x00, 0x00, 0x00, 0x00, 0x00, 0x00, 0x00, 0x00, 0x00, 0x00, 0x00,
    0x00, 0x00, 0x00, 0x00, 0x00, 0x00, 0x00, 0x00, 0x00, 0x00, 0x00, 0x00, 0x00, 0x00, 0x00, 0x00,
    0x00, 0x00, 0x00, 0x00, 0x00, 0x00, 0x00, 0x00, 0x00, 0x00, 0x00, 0x00, 0x00, 0x00, 0x00, 0x00,
    0x00, 0x00, 0x00, 0x00, 0x00, 0x00, 0x00, 0x00, 0x00, 0x00, 0x00, 0x00, 0x00, 0x00, 0x00, 0x00,
    0x00, 0x00, 0x00, 0x00, 0x00, 0x00, 0x00, 0x00, 0x00, 0x00, 0x00, 0x00, 0x00, 0x00, 0x00, 0x00,
    0x00, 0x00, 0x00, 0x00, 0x00, 0x00, 0x00, 0x00, 0x00, 0x00, 0x00, 0x00, 0x00, 0x00, 0x00, 0x00,
    0x00, 0x00, 0x00, 0x00, 0x00, 0x00, 0x00, 0x00, 0x00, 0x00, 0x00, 0x00, 0x00, 0x00, 0x00, 0x00,
    0x00, 0x00, 0x00, 0x00, 0x00, 0x00, 0x00, 0x00, 0x00, 0x00, 0x00, 0x00, 0x00, 0x00, 0x00, 0x00,
    0x00, 0x00, 0x00, 0x00, 0x00, 0x00, 0x00, 0x00, 0x00, 0x00, 0x00, 0x00, 0x00, 0x00, 0x00, 0x00,
    0x00, 0x00, 0x00, 0x00, 0x00, 0x00, 0x00, 0x00, 0x00, 0x00, 0x00, 0x00, 0x00, 0x00, 0x00, 0x00,
    0x00, 0x00, 0x00, 0x00, 0x00, 0x00, 0x00, 0x00, 0x00, 0x00, 0x00, 0x00, 0x00, 0x00, 0x00, 0x00,
    0x00, 0x00, 0x00, 0x00, 0x00, 0x00, 0x00, 0x00, 0x00, 0x00, 0x00, 0x00, 0x00, 0x00, 0x00, 0x00,
    0x00, 0x00, 0x00, 0x00, 0x00, 0x00, 0x00, 0x00, 0x00, 0x00, 0x00, 0x00, 0x00, 0x00, 0x00, 0x00,
    0x00, 0x00, 0x00, 0x00, 0x00, 0x00, 0x00, 0x00, 0x00, 0x00, 0x00, 0x00, 0x00, 0x00, 0x00, 0x00,
    0x00, 0x00, 0x00, 0x00, 0x00, 0x00, 0x00, 0x00, 0x00, 0x00, 0x00, 0x00, 0x00, 0x00, 0x00, 0x00,
    0x00, 0x00, 0x00, 0x00, 0x00, 0x00, 0x00, 0x00, 0x00, 0x00, 0x00, 0x00, 0x00, 0x00, 0x00, 0x00,
    0x00, 0x00, 0x00, 0x00, 0x00, 0x00, 0x00, 0x00, 0x00, 0x00, 0x00, 0x00, 0x00, 0x00, 0x00, 0x00,
    0x00, 0x00, 0x00, 0x00, 0x00, 0x00, 0x00, 0x00, 0x00, 0x00, 0x00, 0x00, 0x00, 0x00, 0x00, 0x00,
    0x00, 0x00, 0x00, 0x00, 0x00, 0x00, 0x00, 0x00, 0x00, 0x00, 0x00, 0x00, 0x00, 0x00, 0x00, 0x00,
    0x00, 0x00, 0x00, 0x00, 0x00, 0x00, 0x00, 0x00, 0x00, 0x00, 0x00, 0x00, 0x00, 0x00, 0x00, 0x00,
    0x00, 0x00, 0x00, 0x00, 0x00, 0x00, 0x00, 0x00, 0x00, 0x00, 0x00, 0x00, 0x00, 0x00, 0x00, 0x00,
    0x00, 0x00, 0x00, 0x00, 0x00, 0x00, 0x00, 0x00, 0x00, 0x00, 0x00, 0x00, 0x00, 0x00, 0x00, 0x00,
    0x00, 0x00, 0x00, 0x00, 0x00, 0x00, 0x00, 0x00, 0x00, 0x00, 0x00, 0x00, 0x00, 0x00, 0x00, 0x00,
    0x00, 0x00, 0x00, 0x00, 0x00, 0x00, 0x00, 0x00, 0x00, 0x00, 0x00, 0x00, 0x00, 0x00, 0x00, 0x00,
    0x00, 0x00, 0x00, 0x00, 0x00, 0x00, 0x00, 0x00, 0x00, 0x00, 0x00, 0x00, 0x00, 0x00, 0x00, 0x00,
    0x00, 0x00, 0x00, 0x00, 0x00, 0x00, 0x00, 0x00, 0x00, 0x00, 0x00, 0x00, 0x00, 0x00, 0x00, 0x00,
    0x00, 0x00, 0x00, 0x00, 0x00, 0x00, 0x00, 0x00, 0x00, 0x00, 0x00, 0x00, 0x00, 0x00, 0x00, 0x00,
    0x00, 0x00, 0x00, 0x00, 0x00, 0x00, 0x00, 0x00, 0x00, 0x00, 0x00, 0x00, 0x00, 0x00, 0x00, 0x00,
    0x00, 0x00, 0x00, 0x00, 0x00, 0x00, 0x00, 0x00, 0x00, 0x00, 0x00, 0x00, 0x00, 0x00, 0x00, 0x00,
    0x00, 0x00, 0x00, 0x00, 0x00, 0x00, 0x00, 0x00, 0x00, 0x00, 0x00, 0x00, 0x00, 0x00, 0x00, 0x00,
    0x00, 0x00, 0x00, 0x00, 0x00, 0x00, 0x00, 0x00, 0x00, 0x00, 0x00, 0x00, 0x00, 0x00, 0x00, 0x00,
    0x00, 0x00, 0x00, 0x00, 0x00, 0x00, 0x00, 0x00, 0x00, 0x00, 0x00, 0x00, 0x00, 0x00, 0x00, 0x00,
    0x00, 0x00, 0x00, 0x00, 0x00, 0x00, 0x00, 0x00, 0x00, 0x00, 0x00, 0x00, 0x00, 0x00, 0x00, 0x00,
    0x00, 0x00, 0x00, 0x00, 0x00, 0x00, 0x00, 0x00, 0x00, 0x00, 0x00, 0x00, 0x00, 0x00, 0x00, 0x00,
    0x00, 0x00, 0x00, 0x00, 0x00, 0x00, 0x00, 0x00, 0x00, 0x00, 0x00, 0x00, 0x00, 0x00, 0x00, 0x00,
    0x00, 0x00, 0x00, 0x00, 0x00, 0x00, 0x00, 0x00, 0x00, 0x00, 0x00, 0x00, 0x00, 0x00, 0x00, 0x00,
    0x00, 0x00, 0x00, 0x00, 0x00, 0x00, 0x00, 0x00, 0x00, 0x00, 0x00, 0x00, 0x00, 0x00, 0x00, 0x00,
    0x00, 0x00, 0x00, 0x00, 0x00, 0x00, 0x00, 0x00, 0x00, 0x00, 0x00, 0x00, 0x00, 0x00, 0x00, 0x00,
    0x00, 0x00, 0x00, 0x00, 0x00, 0x00, 0x00, 0x00, 0x00, 0x00, 0x00, 0x00, 0x00, 0x00, 0x00, 0x00,
    0x00, 0x00, 0x00, 0x00, 0x00, 0x00, 0x00, 0x00, 0x00, 0x00, 0x00, 0x00, 0x00, 0x00, 0x00, 0x00,
    0x00, 0x00, 0x00, 0x00, 0x00, 0x00, 0x00, 0x00, 0x00, 0x00, 0x00, 0x00, 0x00, 0x00, 0x00, 0x00,
    0x00, 0x00, 0x00, 0x00, 0x00, 0x00, 0x00, 0x00, 0x00, 0x00, 0x00, 0x00, 0x00, 0x00, 0x00, 0x00,
    0x00, 0x00, 0x00, 0x00, 0x00, 0x00, 0x00, 0x00, 0x00, 0x00, 0x00, 0x00, 0x00, 0x00, 0x00, 0x00,
    0x00, 0x00, 0x00, 0x00, 0x00, 0x00, 0x00, 0x00, 0x00, 0x00, 0x00, 0x00, 0x00, 0x00, 0x00, 0x00,
    0x00, 0x00, 0x00, 0x00, 0x00, 0x00, 0x00, 0x00, 0x00, 0x00, 0x00, 0x00, 0x00, 0x00, 0x00, 0x00,
    0x00, 0x00, 0x00, 0x00, 0x00, 0x00, 0x00, 0x00, 0x00, 0x00, 0x00, 0x00, 0x00, 0x00, 0x00, 0x00,
    0x00, 0x00, 0x00, 0x00, 0x00, 0x00, 0x00, 0x00, 0x00, 0x00, 0x00, 0x00, 0x00, 0x00, 0x00, 0x00,
    0x00, 0x00, 0x00, 0x00, 0x00, 0x00, 0x00, 0x00, 0x00, 0x00, 0x00, 0x00, 0x00, 0x00, 0x00, 0x00,
    0x00, 0x00, 0x00, 0x00, 0x00, 0x00, 0x00, 0x00, 0x00, 0x00, 0x00, 0x00, 0x00, 0x00, 0x00, 0x00,
    0x00, 0x00, 0x00, 0x00, 0x00, 0x00, 0x00, 0x00, 0x00, 0x00, 0x00, 0x00, 0x00, 0x00, 0x00, 0x00,
    0x00, 0x00, 0x00, 0x00, 0x00, 0x00, 0x00, 0x00, 0x00, 0x00, 0x00, 0x00, 0x00, 0x00, 0x00, 0x00,
    0x00, 0x00, 0x00, 0x00, 0x00, 0x00, 0x00, 0x00, 0x00, 0x00, 0x00, 0x00, 0x00, 0x00, 0x00, 0x00,
    0x00, 0x00, 0x00, 0x00, 0x00, 0x00, 0x00, 0x00, 0x00, 0x00, 0x00, 0x00, 0x00, 0x00, 0x00, 0x00,
    0x00, 0x00, 0x00, 0x00, 0x00, 0x00, 0x00, 0x00, 0x00, 0x00, 0x00, 0x00, 0x00, 0x00, 0x00, 0x00,
    0x00, 0x00, 0x00, 0x00, 0x00, 0x00, 0x00, 0x00, 0x00, 0x00, 0x00, 0x00, 0x00, 0x00, 0x00, 0x00,
    0x00, 0x00, 0x00, 0x00, 0x00, 0x00, 0x00, 0x00, 0x00, 0x00, 0x00, 0x00, 0x00, 0x00, 0x00, 0x00,
    0x00, 0x00, 0x00, 0x00, 0x00, 0x00, 0x00, 0x00, 0x00, 0x00, 0x00, 0x00, 0x00, 0x00, 0x00, 0x00,
    0x00, 0x00, 0x00, 0x00, 0x00, 0x00, 0x00, 0x00, 0x00, 0x00, 0x00, 0x00, 0x00, 0x00, 0x00, 0x00,
    0x00, 0x00, 0x00, 0x00, 0x00, 0x00, 0x00, 0x00, 0x00, 0x00, 0x00, 0x00, 0x00, 0x00, 0x00, 0x00,
    0x00, 0x00, 0x00, 0x00, 0x00, 0x00, 0x00, 0x00, 0x00, 0x00, 0x00, 0x00, 0x00, 0x00, 0x00, 0x00,
    0x00, 0x00, 0x00, 0x00, 0x00, 0x00, 0x00, 0x00, 0x00, 0x00, 0x00, 0x00, 0x00, 0x00, 0x00, 0x00,
    0x00, 0x00, 0x00, 0x00, 0x00, 0x00, 0x00, 0x00, 0x00, 0x00, 0x00, 0x00, 0x00, 0x00, 0x00, 0x00,
    0x00, 0x00, 0x00, 0x00, 0x00, 0x00, 0x00, 0x00, 0x00, 0x00, 0x00, 0x00, 0x00, 0x00, 0x00, 0x00,
    0x00, 0x00, 0x00, 0x00, 0x00, 0x00, 0x00, 0x00, 0x00, 0x00, 0x00, 0x00, 0x00, 0x00, 0x00, 0x00,
    0x00, 0x00, 0x00, 0x00, 0x00, 0x00, 0x00, 0x00, 0x00, 0x00, 0x00, 0x00, 0x00, 0x00, 0x00, 0x00,
    0x00, 0x00, 0x00, 0x00, 0x00, 0x00, 0x00, 0x00, 0x00, 0x00, 0x00, 0x00, 0x00, 0x00, 0x00, 0x00,
    0x00, 0x00, 0x00, 0x00, 0x00, 0x00, 0x00, 0x00, 0x00, 0x00, 0x00, 0x00, 0x00, 0x00, 0x00, 0x00,
    0x00, 0x00, 0x00, 0x00, 0x00, 0x00, 0x00, 0x00, 0x00, 0x00, 0x00, 0x00, 0x00, 0x00, 0x00, 0x00,
    0x00, 0x00, 0x00, 0x00, 0x00, 0x00, 0x00, 0x00, 0x00, 0x00, 0x00, 0x00, 0x00, 0x00, 0x00, 0x00,
    0x00, 0x00, 0x00, 0x00, 0x00, 0x00, 0x00, 0x00, 0x00, 0x00, 0x00, 0x00, 0x00, 0x00, 0x00, 0x00,
    0x00, 0x00, 0x00, 0x00, 0x00, 0x00, 0x00, 0x00, 0x00, 0x00, 0x00, 0x00, 0x00, 0x00, 0x00, 0x00,
    0x00, 0x00, 0x00, 0x00, 0x00, 0x00, 0x00, 0x00, 0x00, 0x00, 0x00, 0x00, 0x00, 0x00, 0x00, 0x00,
    0x00, 0x00, 0x00, 0x00, 0x00, 0x00, 0x00, 0x00, 0x00, 0x00, 0x00, 0x00, 0x00, 0x00, 0x00, 0x00,
    0x00, 0x00, 0x00, 0x00, 0x00, 0x00, 0x00, 0x00, 0x00, 0x00, 0x00, 0x00, 0x00, 0x00, 0x00, 0x00,
    0x00, 0x00, 0x00, 0x00, 0x00, 0x00, 0x00, 0x00, 0x00, 0x00, 0x00, 0x00, 0x00, 0x00, 0x00, 0x00,
    0x00, 0x00, 0x00, 0x00, 0x00, 0x00, 0x00, 0x00, 0x00, 0x00, 0x00, 0x00, 0x00, 0x00, 0x00, 0x00,
    0x00, 0x00, 0x00, 0x00, 0x00, 0x00, 0x00, 0x00, 0x00, 0x00, 0x00, 0x00, 0x00, 0x00, 0x00, 0x00,
    0x00, 0x00, 0x00, 0x00, 0x00, 0x00, 0x00, 0x00, 0x00, 0x00, 0x00, 0x00, 0x00, 0x00, 0x00, 0x00,
    0x00, 0x00, 0x00, 0x00, 0x00, 0x00, 0x00, 0x00, 0x00, 0x00, 0x00, 0x00, 0x00, 0x00, 0x00, 0x00,
    0x00, 0x00, 0x00, 0x00, 0x00, 0x00, 0x00, 0x00, 0x00, 0x00, 0x00, 0x00, 0x00, 0x00, 0x00, 0x00,
    0x00, 0x00, 0x00, 0x00, 0x00, 0x00, 0x00, 0x00, 0x00, 0x00, 0x00, 0x00, 0x00, 0x00, 0x00, 0x00,
    0x00, 0x00, 0x00, 0x00, 0x00, 0x00, 0x00, 0x00, 0x00, 0x00, 0x00, 0x00, 0x00, 0x00, 0x00, 0x00,
    0x00, 0x00, 0x00, 0x00, 0x00, 0x00, 0x00, 0x00, 0x00, 0x00, 0x00, 0x00, 0x00, 0x00, 0x00, 0x00,
    0x00, 0x00, 0x00, 0x00, 0x00, 0x00, 0x00, 0x00, 0x00, 0x00, 0x00, 0x00, 0x00, 0x00, 0x00, 0x00,
    0x00, 0x00, 0x00, 0x00, 0x00, 0x00, 0x00, 0x00, 0x00, 0x00, 0x00, 0x00, 0x00, 0x00, 0x00, 0x00,
    0x00, 0x00, 0x00, 0x00, 0x00, 0x00, 0x00, 0x00, 0x00, 0x00, 0x00, 0x00, 0x00, 0x00, 0x00, 0x00,
    0x00, 0x00, 0x00, 0x00, 0x00, 0x00, 0x00, 0x00, 0x00, 0x00, 0x00, 0x00, 0x00, 0x00, 0x00, 0x00,
    0x00, 0x00, 0x00, 0x00, 0x00, 0x00, 0x00, 0x00, 0x00, 0x00, 0x00, 0x00, 0x00, 0x00, 0x00, 0x00,
    0x00, 0x00, 0x00, 0x00, 0x00, 0x00, 0x00, 0x00, 0x00, 0x00, 0x00, 0x00, 0x00, 0x00, 0x00, 0x00,
    0x00, 0x00, 0x00, 0x00, 0x00, 0x00, 0x00, 0x00, 0x00, 0x00, 0x00, 0x00, 0x00, 0x00, 0x00, 0x00,
    0x00, 0x00, 0x00, 0x00, 0x00, 0x00, 0x00, 0x00, 0x00, 0x00, 0x00, 0x00, 0x00, 0x00, 0x00, 0x00,
    0x00, 0x00, 0x00, 0x00, 0x00, 0x00, 0x00, 0x00, 0x00, 0x00, 0x00, 0x00, 0x00, 0x00, 0x00, 0x00,
    0x00, 0x00, 0x00, 0x00, 0x00, 0x00, 0x00, 0x00, 0x00, 0x00, 0x00, 0x00, 0x00, 0x00, 0x00, 0x00,
    0x00, 0x00, 0x00, 0x00, 0x00, 0x00, 0x00, 0x00, 0x00, 0x00, 0x00, 0x00, 0x00, 0x00, 0x00, 0x00,
    0x00, 0x00, 0x00, 0x00, 0x00, 0x00, 0x00, 0x00, 0x00, 0x00, 0x00, 0x00, 0x00, 0x00, 0x00, 0x00,
    0x00, 0x00, 0x00, 0x00, 0x00, 0x00, 0x00, 0x00, 0x00, 0x00, 0x00, 0x00, 0x00, 0x00, 0x00, 0x00,
    0x00, 0x00, 0x00, 0x00, 0x00, 0x00, 0x00, 0x00, 0x00, 0x00, 0x00, 0x00, 0x00, 0x00, 0x00, 0x00,
    0x00, 0x00, 0x00, 0x00, 0x00, 0x00, 0x00, 0x00, 0x00, 0x00, 0x00, 0x00, 0x00, 0x00, 0x00, 0x00,
    0x00, 0x00, 0x00, 0x00, 0x00, 0x00, 0x00, 0x00, 0x00, 0x00, 0x00, 0x00, 0x00, 0x00, 0x00, 0x00,
    0x00, 0x00, 0x00, 0x00, 0x00, 0x00, 0x00, 0x00, 0x00, 0x00, 0x00, 0x00, 0x00, 0x00, 0x00, 0x00,
    0x00, 0x00, 0x00, 0x00, 0x00, 0x00, 0x00, 0x00, 0x00, 0x00, 0x00, 0x00, 0x00, 0x00, 0x00, 0x00,
    0x00, 0x00, 0x00, 0x00, 0x00, 0x00, 0x00, 0x00, 0x00, 0x00, 0x00, 0x00, 0x00, 0x00, 0x00, 0x00,
    0x00, 0x00, 0x00, 0x00, 0x00, 0x00, 0x00, 0x00, 0x00, 0x00, 0x00, 0x00, 0x00, 0x00, 0x00, 0x00,
    0x00, 0x00, 0x00, 0x00, 0x00, 0x00, 0x00, 0x00, 0x00, 0x00, 0x00, 0x00, 0x00, 0x00, 0x00, 0x00,
    0x00, 0x00, 0x00, 0x00, 0x00, 0x00, 0x00, 0x00, 0x00, 0x00, 0x00, 0x00, 0x00, 0x00, 0x00, 0x00,
    0x00, 0x00, 0x00, 0x00, 0x00, 0x00, 0x00, 0x00, 0x00, 0x00, 0x00, 0x00, 0x00, 0x00, 0x00, 0x00,
    0x00, 0x00, 0x00, 0x00, 0x00, 0x00, 0x00, 0x00, 0x00, 0x00, 0x00, 0x00, 0x00, 0x00, 0x00, 0x00,
    0x00, 0x00, 0x00, 0x00, 0x00, 0x00, 0x00, 0x00, 0x00, 0x00, 0x00, 0x00, 0x00, 0x00, 0x00, 0x00,
    0x00, 0x00, 0x00, 0x00, 0x00, 0x00, 0x00, 0x00, 0x00, 0x00, 0x00, 0x00, 0x00, 0x00, 0x00, 0x00,
    0x00, 0x00, 0x00, 0x00, 0x00, 0x00, 0x00, 0x00, 0x00, 0x00, 0x00, 0x00, 0x00, 0x00, 0x00, 0x00,
    0x00, 0x00, 0x00, 0x00, 0x00, 0x00, 0x00, 0x00, 0x00, 0x00, 0x00, 0x00, 0x00, 0x00, 0x00, 0x00,
    0x00, 0x00, 0x00, 0x00, 0x00, 0x00, 0x00, 0x00, 0x00, 0x00, 0x00, 0x00, 0x00, 0x00, 0x00, 0x00,
    0x00, 0x00, 0x00, 0x00, 0x00, 0x00, 0x00, 0x00, 0x00, 0x00, 0x00, 0x00, 0x00, 0x00, 0x00, 0x00,
    0x00, 0x00, 0x00, 0x00, 0x00, 0x00, 0x00, 0x00, 0x00, 0x00, 0x00, 0x00, 0x00, 0x00, 0x00, 0x00,
    0x00, 0x00, 0x00, 0x00, 0x00, 0x00, 0x00, 0x00, 0x00, 0x00, 0x00, 0x00, 0x00, 0x00, 0x00, 0x00,
    0x00, 0x00, 0x00, 0x00, 0x00, 0x00, 0x00, 0x00, 0x00, 0x00, 0x00, 0x00, 0x00, 0x00, 0x00, 0x00,
    0x00, 0x00, 0x00, 0x00, 0x00, 0x00, 0x00, 0x00, 0x00, 0x00, 0x00, 0x00, 0x00, 0x00, 0x00, 0x00,
    0x00, 0x00, 0x00, 0x00, 0x00, 0x00, 0x00, 0x00, 0x00, 0x00, 0x00, 0x00, 0x00, 0x00, 0x00, 0x00,
    0x00, 0x00, 0x00, 0x00, 0x00, 0x00, 0x00, 0x00, 0x00, 0x00, 0x00, 0x00, 0x00, 0x00, 0x00, 0x00,
    0x00, 0x00, 0x00, 0x00, 0x00, 0x00, 0x00, 0x00, 0x00, 0x00, 0x00, 0x00, 0x00, 0x00, 0x00, 0x00,
    0x00, 0x00, 0x00, 0x00, 0x00, 0x00, 0x00, 0x00, 0x00, 0x00, 0x00, 0x00, 0x00, 0x00, 0x00, 0x00,
    0x00, 0x00, 0x00, 0x00, 0x00, 0x00, 0x00, 0x00, 0x00, 0x00, 0x00, 0x00, 0x00, 0x00, 0x00, 0x00,
    0x00, 0x00, 0x00, 0x00, 0x00, 0x00, 0x00, 0x00, 0x00, 0x00, 0x00, 0x00, 0x00, 0x00, 0x00, 0x00,
    0x00, 0x00, 0x00, 0x00, 0x00, 0x00, 0x00, 0x00, 0x00, 0x00, 0x00, 0x00, 0x00, 0x00, 0x00, 0x00,
    0x00, 0x00, 0x00, 0x00, 0x00, 0x00, 0x00, 0x00, 0x00, 0x00, 0x00, 0x00, 0x00, 0x00, 0x00, 0x00,
    0x00, 0x00, 0x00, 0x00, 0x00, 0x00, 0x00, 0x00, 0x00, 0x00, 0x00, 0x00, 0x00, 0x00, 0x00, 0x00,
    0x00, 0x00, 0x00, 0x00, 0x00, 0x00, 0x00, 0x00, 0x00, 0x00, 0x00, 0x00, 0x00, 0x00, 0x00, 0x00,
    0x00, 0x00, 0x00, 0x00, 0x00, 0x00, 0x00, 0x00, 0x00, 0x00, 0x00, 0x00, 0x00, 0x00, 0x00, 0x00,
    0x00, 0x00, 0x00, 0x00, 0x00, 0x00, 0x00, 0x00, 0x00, 0x00, 0x00, 0x00, 0x00, 0x00, 0x00, 0x00,
    0x00, 0x00, 0x00, 0x00, 0x00, 0x00, 0x00, 0x00, 0x00, 0x00, 0x00, 0x00, 0x00, 0x00, 0x00, 0x00,
    0x00, 0x00, 0x00, 0x00, 0x00, 0x00, 0x00, 0x00, 0x00, 0x00, 0x00, 0x00, 0x00, 0x00, 0x00, 0x00,
    0x00, 0x00, 0x00, 0x00, 0x00, 0x00, 0x00, 0x00, 0x00, 0x00, 0x00, 0x00, 0x00, 0x00, 0x00, 0x00,
    0x00, 0x00, 0x00, 0x00, 0x00, 0x00, 0x00, 0x00, 0x00, 0x00, 0x00, 0x00, 0x00, 0x00, 0x00, 0x00,
    0x00, 0x00, 0x00, 0x00, 0x00, 0x00, 0x00, 0x00, 0x00, 0x00, 0x00, 0x00, 0x00, 0x00, 0x00, 0x00,
    0x00, 0x00, 0x00, 0x00, 0x00, 0x00, 0x00, 0x00, 0x00, 0x00, 0x00, 0x00, 0x00, 0x00, 0x00, 0x00,
    0x00, 0x00, 0x00, 0x00, 0x00, 0x00, 0x00, 0x00, 0x00, 0x00, 0x00, 0x00, 0x00, 0x00, 0x00, 0x00,
    0x00, 0x00, 0x00, 0x00, 0x00, 0x00, 0x00, 0x00, 0x00, 0x00, 0x00, 0x00, 0x00, 0x00, 0x00, 0x00,
    0x00, 0x00, 0x00, 0x00, 0x00, 0x00, 0x00, 0x00, 0x00, 0x00, 0x00, 0x00, 0x00, 0x00, 0x00, 0x00,
    0x00, 0x00, 0x00, 0x00, 0x00, 0x00, 0x00, 0x00, 0x00, 0x00, 0x00, 0x00, 0x00, 0x00, 0x00, 0x00,
    0x00, 0x00, 0x00, 0x00, 0x00, 0x00, 0x00, 0x00, 0x00, 0x00, 0x00, 0x00, 0x00, 0x00, 0x00, 0x00,
    0x00, 0x00, 0x00, 0x00, 0x00, 0x00, 0x00, 0x00, 0x00, 0x00, 0x00, 0x00, 0x00, 0x00, 0x00, 0x00,
    0x00, 0x00, 0x00, 0x00, 0x00, 0x00, 0x00, 0x00, 0x00, 0x00, 0x00, 0x00, 0x00, 0x00, 0x00, 0x00,
    0x00, 0x00, 0x00, 0x00, 0x00, 0x00, 0x00, 0x00, 0x00, 0x00, 0x00, 0x00, 0x00, 0x00, 0x00, 0x00,
    0x00, 0x00, 0x00, 0x00, 0x00, 0x00, 0x00, 0x00, 0x00, 0x00, 0x00, 0x00, 0x00, 0x00, 0x00, 0x00,
    0x00, 0x00, 0x00, 0x00, 0x00, 0x00, 0x00, 0x00, 0x00, 0x00, 0x00, 0x00, 0x00, 0x00, 0x00, 0x00,
    0x00, 0x00, 0x00, 0x00, 0x00, 0x00, 0x00, 0x00, 0x00, 0x00, 0x00, 0x00, 0x00, 0x00, 0x00, 0x00,
    0x00, 0x00, 0x00, 0x00, 0x00, 0x00, 0x00, 0x00, 0x00, 0x00, 0x00, 0x00, 0x00, 0x00, 0x00, 0x00,
    0x00, 0x00, 0x00, 0x00, 0x00, 0x00, 0x00, 0x00, 0x00, 0x00, 0x00, 0x00, 0x00, 0x00, 0x00, 0x00,
    0x00, 0x00, 0x00, 0x00, 0x00, 0x00, 0x00, 0x00, 0x00, 0x00, 0x00, 0x00, 0x00, 0x00, 0x00, 0x00,
    0x00, 0x00, 0x00, 0x00, 0x00, 0x00, 0x00, 0x00, 0x00, 0x00, 0x00, 0x00, 0x00, 0x00, 0x00, 0x00,
    0x00, 0x00, 0x00, 0x00, 0x00, 0x00, 0x00, 0x00, 0x00, 0x00, 0x00, 0x00, 0x00, 0x00, 0x00, 0x00,
    0x00, 0x00, 0x00, 0x00, 0x00, 0x00, 0x00, 0x00, 0x00, 0x00, 0x00, 0x00, 0x00, 0x00, 0x00, 0x00,
    0x00, 0x00, 0x00, 0x00, 0x00, 0x00, 0x00, 0x00, 0x00, 0x00, 0x00, 0x00, 0x00, 0x00, 0x00, 0x00,
    0x00, 0x00, 0x00, 0x00, 0x00, 0x00, 0x00, 0x00, 0x00, 0x00, 0x00, 0x00, 0x00, 0x00, 0x00, 0x00,
    0x00, 0x00, 0x00, 0x00, 0x00, 0x00, 0x00, 0x00, 0x00, 0x00, 0x00, 0x00, 0x00, 0x00, 0x00, 0x00,
    0x00, 0x00, 0x00, 0x00, 0x00, 0x00, 0x00, 0x00, 0x00, 0x00, 0x00, 0x00, 0x00, 0x00, 0x00, 0x00,
    0x00, 0x00, 0x00, 0x00, 0x00, 0x00, 0x00, 0x00, 0x00, 0x00, 0x00, 0x00, 0x00, 0x00, 0x00, 0x00,
    0x00, 0x00, 0x00, 0x00, 0x00, 0x00, 0x00, 0x00, 0x00, 0x00, 0x00, 0x00, 0x00, 0x00, 0x00, 0x00,
    0x00, 0x00, 0x00, 0x00, 0x00, 0x00, 0x00, 0x00, 0x00, 0x00, 0x00, 0x00, 0x00, 0x00, 0x00, 0x00,
    0x00, 0x00, 0x00, 0x00, 0x00, 0x00, 0x00, 0x00, 0x00, 0x00, 0x00, 0x00, 0x00, 0x00, 0x00, 0x00,
    0x00, 0x00, 0x00, 0x00, 0x00, 0x00, 0x00, 0x00, 0x00, 0x00, 0x00, 0x00, 0x00, 0x00, 0x00, 0x00,
    0x00, 0x00, 0x00, 0x00, 0x00, 0x00, 0x00, 0x00, 0x00, 0x00, 0x00, 0x00, 0x00, 0x00, 0x00, 0x00,
    0x00, 0x00, 0x00, 0x00, 0x00, 0x00, 0x00, 0x00, 0x00, 0x00, 0x00, 0x00, 0x00, 0x00, 0x00, 0x00,
    0x00, 0x00, 0x00, 0x00, 0x00, 0x00, 0x00, 0x00, 0x00, 0x00, 0x00, 0x00, 0x00, 0x00, 0x00, 0x00,
    0x00, 0x00, 0x00, 0x00, 0x00, 0x00, 0x00, 0x00, 0x00, 0x00, 0x00, 0x00, 0x00, 0x00, 0x00, 0x00,
    0x00, 0x00, 0x00, 0x00, 0x00, 0x00, 0x00, 0x00, 0x00, 0x00, 0x00, 0x00, 0x00, 0x00, 0x00, 0x00,
    0x00, 0x00, 0x00, 0x00, 0x00, 0x00, 0x00, 0x00, 0x00, 0x00, 0x00, 0x00, 0x00, 0x00, 0x00, 0x00,
    0x00, 0x00, 0x00, 0x00, 0x00, 0x00, 0x00, 0x00, 0x00, 0x00, 0x00, 0x00, 0x00, 0x00, 0x00, 0x00,
    0x00, 0x00, 0x00, 0x00, 0x00, 0x00, 0x00, 0x00, 0x00, 0x00, 0x00, 0x00, 0x00, 0x00, 0x00, 0x00,
    0x00, 0x00, 0x00, 0x00, 0x00, 0x00, 0x00, 0x00, 0x00, 0x00, 0x00, 0x00, 0x00, 0x00, 0x00, 0x00,
    0x00, 0x00, 0x00, 0x00, 0x00, 0x00, 0x00, 0x00, 0x00, 0x00, 0x00, 0x00, 0x00, 0x00, 0x00, 0x00,
    0x00, 0x00, 0x00, 0x00, 0x00, 0x00, 0x00, 0x00, 0x00, 0x00, 0x00, 0x00, 0x00, 0x00, 0x00, 0x00,
    0x00, 0x00, 0x00, 0x00, 0x00, 0x00, 0x00, 0x00, 0x00, 0x00, 0x00, 0x00, 0x00, 0x00, 0x00, 0x00,
    0x00, 0x00, 0x00, 0x00, 0x00, 0x00, 0x00, 0x00, 0x00, 0x00, 0x00, 0x00, 0x00, 0x00, 0x00, 0x00,
    0x00, 0x00, 0x00, 0x00, 0x00, 0x00, 0x00, 0x00, 0x00, 0x00, 0x00, 0x00, 0x00, 0x00, 0x00, 0x00,
    0x00, 0x00, 0x00, 0x00, 0x00, 0x00, 0x00, 0x00, 0x00, 0x00, 0x00, 0x00, 0x00, 0x00, 0x00, 0x00,
    0x00, 0x00, 0x00, 0x00, 0x00, 0x00, 0x00, 0x00, 0x00, 0x00, 0x00, 0x00, 0x00, 0x00, 0x00, 0x00,
    0x00, 0x00, 0x00, 0x00, 0x00, 0x00, 0x00, 0x00, 0x00, 0x00, 0x00, 0x00, 0x00, 0x00, 0x00, 0x00,
    0x00, 0x00, 0x00, 0x00, 0x00, 0x00, 0x00, 0x00, 0x00, 0x00, 0x00, 0x00, 0x00, 0x00, 0x00, 0x00,
    0x00, 0x00, 0x00, 0x00, 0x00, 0x00, 0x00, 0x00, 0x00, 0x00, 0x00, 0x00, 0x00, 0x00, 0x00, 0x00,
    0x00, 0x00, 0x00, 0x00, 0x00, 0x00, 0x00, 0x00, 0x00, 0x00, 0x00, 0x00, 0x00, 0x00, 0x00, 0x00,
    0x00, 0x00, 0x00, 0x00, 0x00, 0x00, 0x00, 0x00, 0x00, 0x00, 0x00, 0x00, 0x00, 0x00, 0x00, 0x00,
    0x00, 0x00, 0x00, 0x00, 0x00, 0x00, 0x00, 0x00, 0x00, 0x00, 0x00, 0x00, 0x00, 0x00, 0x00, 0x00,
    0x00, 0x00, 0x00, 0x00, 0x00, 0x00, 0x00, 0x00, 0x00, 0x00, 0x00, 0x00, 0x00, 0x00, 0x00, 0x00,
    0x00, 0x00, 0x00, 0x00, 0x00, 0x00, 0x00, 0x00, 0x00, 0x00, 0x00, 0x00, 0x00, 0x00, 0x00, 0x00,
    0x00, 0x00, 0x00, 0x00, 0x00, 0x00, 0x00, 0x00, 0x00, 0x00, 0x00, 0x00, 0x00, 0x00, 0x00, 0x00,
    0x00, 0x00, 0x00, 0x00, 0x00, 0x00, 0x00, 0x00, 0x00, 0x00, 0x00, 0x00, 0x00, 0x00, 0x00, 0x00,
    0x00, 0x00, 0x00, 0x00, 0x00, 0x00, 0x00, 0x00, 0x00, 0x00, 0x00, 0x00, 0x00, 0x00, 0x00, 0x00,
    0x00, 0x00, 0x00, 0x00, 0x00, 0x00, 0x00, 0x00, 0x00, 0x00, 0x00, 0x00, 0x00, 0x00, 0x00, 0x00,
    0x81, 0x00, 0x42, 0x09, 0x42, 0x09, 0x42, 0x09, 0x42, 0x09, 0x42, 0x09, 0x42, 0x09, 0x42, 0x09,
    0x42, 0x09, 0x42, 0x09, 0x42, 0x09, 0x42, 0x09, 0x42, 0x09, 0x42, 0x09, 0x42, 0x09, 0x42, 0x09,
    0x42, 0x09, 0x42, 0x09, 0x42, 0x09, 0x42, 0x09, 0x42, 0x09, 0x42, 0x09, 0x42, 0x09, 0x42, 0x09,
    0x42, 0x09, 0x42, 0x09, 0x42, 0x09, 0x42, 0x09, 0x42, 0x09, 0x42, 0x09, 0x42, 0x09, 0x42, 0x09,
    0x42, 0x09, 0x42, 0x09, 0x42, 0x09, 0x42, 0x09, 0x42, 0x09, 0x42, 0x09, 0x42, 0x09, 0x42, 0x09,
    0x42, 0x09, 0x42, 0x09, 0x40, 0x00, 0x00, 0x00, 0x00, 0x00, 0x00, 0x00, 0x00, 0x00, 0x00, 0x00,
    0x00, 0x00, 0x00, 0x00, 0x00, 0x00, 0x00, 0x00, 0x00, 0x00, 0x00, 0x00, 0x00, 0x00, 0x00, 0x00,
    0x00, 0x00, 0x00, 0x00, 0x00, 0x00, 0x00, 0x00, 0x00, 0x00, 0x40, 0x00, 0x42, 0x09, 0x42, 0x09,
    0x42, 0x09, 0x42, 0x09, 0x42, 0x09, 0x42, 0x09, 0x42, 0x09, 0x42, 0x09, 0x42, 0x09, 0x42, 0x09,
    0x42, 0x09, 0x42, 0x09, 0x42, 0x09, 0x42, 0x09, 0x42, 0x09, 0x42, 0x09, 0x42, 0x09, 0x42, 0x09,
    0x42, 0x09, 0x42, 0x09, 0x42, 0x09, 0x42, 0x09, 0x42, 0x09, 0x42, 0x09, 0x42, 0x09, 0x42, 0x09,
    0x42, 0x09, 0x42, 0x09, 0x42, 0x09, 0x42, 0x09, 0x42, 0x09, 0x42, 0x09, 0x42, 0x09, 0x42, 0x09,
    0x42, 0x09, 0x42, 0x09, 0x42, 0x09, 0x42, 0x09, 0x42, 0x09, 0x42, 0x09, 0x42, 0x09, 0x81, 0x00,
    0x00, 0x00, 0x00, 0x00, 0x00, 0x00, 0x00, 0x00, 0x00, 0x00, 0x00, 0x00, 0x00, 0x00, 0x00, 0x00,
    0x00, 0x00, 0x00, 0x00, 0x00, 0x00, 0x00, 0x00, 0x00, 0x00, 0x00, 0x00, 0x00, 0x00, 0x00, 0x00,
    0x00, 0x00, 0x00, 0x00, 0x00, 0x00, 0x00, 0x00, 0x00, 0x00, 0x00, 0x00, 0x00, 0x00, 0x00, 0x00,
    0x00, 0x00, 0x00, 0x00, 0x00, 0x00, 0x00, 0x00, 0x00, 0x00, 0x00, 0x00, 0x00, 0x00, 0x00, 0x00,
    0x00, 0x00, 0x00, 0x00, 0x00, 0x00, 0x00, 0x00, 0x00, 0x00, 0x00, 0x00, 0x00, 0x00, 0x00, 0x00,
    0x00, 0x00, 0x00, 0x00, 0x00, 0x00, 0x00, 0x00, 0x00, 0x00, 0x00, 0x00, 0x00, 0x00, 0x00, 0x00,
    0x00, 0x00, 0x00, 0x00, 0x00, 0x00, 0x00, 0x00, 0x00, 0x00, 0x00, 0x00, 0x00, 0x00, 0x00, 0x00,
    0x00, 0x00, 0x00, 0x00, 0x00, 0x00, 0x00, 0x00, 0x00, 0x00, 0x00, 0x00, 0x00, 0x00, 0x00, 0x00,
    0x00, 0x00, 0x00, 0x00, 0x00, 0x00, 0x00, 0x00, 0x00, 0x00, 0x00, 0x00, 0x00, 0x00, 0x00, 0x00,
    0x00, 0x00, 0x00, 0x00, 0x00, 0x00, 0x00, 0x00, 0x00, 0x00, 0x00, 0x00, 0x00, 0x00, 0x00, 0x00,
    0x00, 0x00, 0x00, 0x00, 0x00, 0x00, 0x00, 0x00, 0x00, 0x00, 0x00, 0x00, 0x00, 0x00, 0x00, 0x00,
    0x00, 0x00, 0x00, 0x00, 0x20, 0x00, 0xe1, 0x08, 0x24, 0x12, 0x26, 0x23, 0x07, 0x2c, 0xa8, 0x34,
    0x8a, 0x3d, 0xeb, 0x3d, 0xeb, 0x3d, 0xeb, 0x3d, 0xeb, 0x3d, 0xeb, 0x3d, 0xeb, 0x3d, 0xeb, 0x3d,
    0xeb, 0x3d, 0xeb, 0x3d, 0xeb, 0x3d, 0xeb, 0x3d, 0xeb, 0x3d, 0xeb, 0x3d, 0xeb, 0x3d, 0xeb, 0x3d,
    0xeb, 0x3d, 0xeb, 0x3d, 0xeb, 0x3d, 0xeb, 0x3d, 0xeb, 0x3d, 0xeb, 0x3d, 0xeb, 0x3d, 0xeb, 0x3d,
    0xeb, 0x3d, 0xeb, 0x3d, 0xeb, 0x3d, 0xeb, 0x3d, 0xeb, 0x3d, 0xeb, 0x3d, 0xeb, 0x3d, 0xeb, 0x3d,
    0xeb, 0x3d, 0xeb, 0x3d, 0xeb, 0x3d, 0xeb, 0x3d, 0xeb, 0x3d, 0xeb, 0x3d, 0xeb, 0x3d, 0xeb, 0x3d,
    0xeb, 0x3d, 0xeb, 0x3d, 0x42, 0x09, 0x00, 0x00, 0x00, 0x00, 0x00, 0x00, 0x00, 0x00, 0x00, 0x00,
    0x00, 0x00, 0x00, 0x00, 0x00, 0x00, 0x00, 0x00, 0x00, 0x00, 0x00, 0x00, 0x00, 0x00, 0x00, 0x00,
    0x00, 0x00, 0x00, 0x00, 0x00, 0x00, 0x00, 0x00, 0x00, 0x00, 0x42, 0x09, 0xeb, 0x3d, 0xeb, 0x3d,
    0xeb, 0x3d, 0xeb, 0x3d, 0xeb, 0x3d, 0xeb, 0x3d, 0xeb, 0x3d, 0xeb, 0x3d, 0xeb, 0x3d, 0xeb, 0x3d,
    0xeb, 0x3d, 0xeb, 0x3d, 0xeb, 0x3d, 0xeb, 0x3d, 0xeb, 0x3d, 0xeb, 0x3d, 0xeb, 0x3d, 0xeb, 0x3d,
    0xeb, 0x3d, 0xeb, 0x3d, 0xeb, 0x3d, 0xeb, 0x3d, 0xeb, 0x3d, 0xeb, 0x3d, 0xeb, 0x3d, 0xeb, 0x3d,
    0xeb, 0x3d, 0xeb, 0x3d, 0xeb, 0x3d, 0xeb, 0x3d, 0xeb, 0x3d, 0xeb, 0x3d, 0xeb, 0x3d, 0xeb, 0x3d,
    0xeb, 0x3d, 0xeb, 0x3d, 0xeb, 0x3d, 0xeb, 0x3d, 0xeb, 0x3d, 0xeb, 0x3d, 0xeb, 0x3d, 0x8a, 0x3d,
    0xa8, 0x34, 0x07, 0x2c, 0x26, 0x23, 0x24, 0x12, 0xe1, 0x08, 0x20, 0x00, 0x00, 0x00, 0x00, 0x00,
    0x00, 0x00, 0x00, 0x00, 0x00, 0x00, 0x00, 0x00, 0x00, 0x00, 0x00, 0x00, 0x00, 0x00, 0x00, 0x00,
    0x00, 0x00, 0x00, 0x00, 0x00, 0x00, 0x00, 0x00, 0x00, 0x00, 0x00, 0x00, 0x00, 0x00, 0x00, 0x00,
    0x00, 0x00, 0x00, 0x00, 0x00, 0x00, 0x00, 0x00, 0x00, 0x00, 0x00, 0x00, 0x00, 0x00, 0x00, 0x00,
    0x00, 0x00, 0x00, 0x00, 0x00, 0x00, 0x00, 0x00, 0x00, 0x00, 0x00, 0x00, 0x00, 0x00, 0x00, 0x00,
    0x00, 0x00, 0x00, 0x00, 0x00, 0x00, 0x00, 0x00, 0x00, 0x00, 0x00, 0x00, 0x00, 0x00, 0x00, 0x00,
    0x00, 0x00, 0x00, 0x00, 0x00, 0x00, 0x00, 0x00, 0x00, 0x00, 0x00, 0x00, 0x00, 0x00, 0x00, 0x00,
    0x00, 0x00, 0x00, 0x00, 0x00, 0x00, 0x00, 0x00, 0x00, 0x00, 0x00, 0x00, 0x00, 0x00, 0x00, 0x00,
    0x00, 0x00, 0x00, 0x00, 0x00, 0x00, 0x00, 0x00, 0x00, 0x00, 0x00, 0x00, 0x00, 0x00, 0x00, 0x00,
    0x00, 0x00, 0x00, 0x00, 0x00, 0x00, 0x00, 0x00, 0x00, 0x00, 0x00, 0x00, 0x00, 0x00, 0x00, 0x00,
    0x00, 0x00, 0x00, 0x00, 0x00, 0x00, 0x00, 0x00, 0x00, 0x00, 0x00, 0x00, 0x00, 0x00, 0xc1, 0x08,
    0xa4, 0x1a, 0x48, 0x2c, 0x8a, 0x3d, 0xeb, 0x3d, 0xeb, 0x3d, 0xeb, 0x3d, 0xeb, 0x3d, 0xeb, 0x3d,
    0xeb, 0x3d, 0xeb, 0x3d, 0xeb, 0x3d, 0xeb, 0x3d, 0xeb, 0x3d, 0xeb, 0x3d, 0xeb, 0x3d, 0xeb, 0x3d,
    0xeb, 0x3d, 0xeb, 0x3d, 0xeb, 0x3d, 0xeb, 0x3d, 0xeb, 0x3d, 0xeb, 0x3d, 0xeb, 0x3d, 0xeb, 0x3d,
    0xeb, 0x3d, 0xeb, 0x3d, 0xeb, 0x3d, 0xeb, 0x3d, 0xeb, 0x3d, 0xeb, 0x3d, 0xeb, 0x3d, 0xeb, 0x3d,
    0xeb, 0x3d, 0xeb, 0x3d, 0xeb, 0x3d, 0xeb, 0x3d, 0xeb, 0x3d, 0xeb, 0x3d, 0xeb, 0x3d, 0xeb, 0x3d,
    0xeb, 0x3d, 0xeb, 0x3d, 0xeb, 0x3d, 0xeb, 0x3d, 0xeb, 0x3d, 0xeb, 0x3d, 0xeb, 0x3d, 0xeb, 0x3d,
    0xeb, 0x3d, 0xeb, 0x3d, 0x42, 0x09, 0x00, 0x00, 0x00, 0x00, 0x00, 0x00, 0x00, 0x00, 0x00, 0x00,
    0x00, 0x00, 0x00, 0x00, 0x00, 0x00, 0x00, 0x00, 0x00, 0x00, 0x00, 0x00, 0x00, 0x00, 0x00, 0x00,
    0x00, 0x00, 0x00, 0x00, 0x00, 0x00, 0x00, 0x00, 0x00, 0x00, 0x42, 0x09, 0xeb, 0x3d, 0xeb, 0x3d,
    0xeb, 0x3d, 0xeb, 0x3d, 0xeb, 0x3d, 0xeb, 0x3d, 0xeb, 0x3d, 0xeb, 0x3d, 0xeb, 0x3d, 0xeb, 0x3d,
    0xeb, 0x3d, 0xeb, 0x3d, 0xeb, 0x3d, 0xeb, 0x3d, 0xeb, 0x3d, 0xeb, 0x3d, 0xeb, 0x3d, 0xeb, 0x3d,
    0xeb, 0x3d, 0xeb, 0x3d, 0xeb, 0x3d, 0xeb, 0x3d, 0xeb, 0x3d, 0xeb, 0x3d, 0xeb, 0x3d, 0xeb, 0x3d,
    0xeb, 0x3d, 0xeb, 0x3d, 0xeb, 0x3d, 0xeb, 0x3d, 0xeb, 0x3d, 0xeb, 0x3d, 0xeb, 0x3d, 0xeb, 0x3d,
    0xeb, 0x3d, 0xeb, 0x3d, 0xeb, 0x3d, 0xeb, 0x3d, 0xeb, 0x3d, 0xeb, 0x3d, 0xeb, 0x3d, 0xeb, 0x3d,
    0xeb, 0x3d, 0xeb, 0x3d, 0xeb, 0x3d, 0xeb, 0x3d, 0xeb, 0x3d, 0x8a, 0x3d, 0x48, 0x2c, 0x84, 0x1a,
    0xc1, 0x08, 0x00, 0x00, 0x00, 0x00, 0x00, 0x00, 0x00, 0x00, 0x00, 0x00, 0x00, 0x00, 0x00, 0x00,
    0x00, 0x00, 0x00, 0x00, 0x00, 0x00, 0x00, 0x00, 0x00, 0x00, 0x00, 0x00, 0x00, 0x00, 0x00, 0x00,
    0x00, 0x00, 0x00, 0x00, 0x00, 0x00, 0x00, 0x00, 0x00, 0x00, 0x00, 0x00, 0x00, 0x00, 0x00, 0x00,
    0x00, 0x00, 0x00, 0x00, 0x00, 0x00, 0x00, 0x00, 0x00, 0x00, 0x00, 0x00, 0x00, 0x00, 0x00, 0x00,
    0x00, 0x00, 0x00, 0x00, 0x00, 0x00, 0x00, 0x00, 0x00, 0x00, 0x00, 0x00, 0x00, 0x00, 0x00, 0x00,
    0x00, 0x00, 0x00, 0x00, 0x00, 0x00, 0x00, 0x00, 0x00, 0x00, 0x00, 0x00, 0x00, 0x00, 0x00, 0x00,
    0x00, 0x00, 0x00, 0x00, 0x00, 0x00, 0x00, 0x00, 0x00, 0x00, 0x00, 0x00, 0x00, 0x00, 0x00, 0x00,
    0x00, 0x00, 0x00, 0x00, 0x00, 0x00, 0x00, 0x00, 0x00, 0x00, 0x00, 0x00, 0x00, 0x00, 0x00, 0x00,
    0x00, 0x00, 0x00, 0x00, 0x00, 0x00, 0x00, 0x00, 0x00, 0x00, 0x00, 0x00, 0x00, 0x00, 0x00, 0x00,
    0x00, 0x00, 0x00, 0x00, 0x00, 0x00, 0x00, 0x00, 0x60, 0x00, 0x44, 0x1a, 0xa8, 0x34, 0xeb, 0x3d,
    0xeb, 0x3d, 0xeb, 0x3d, 0xeb, 0x3d, 0xeb, 0x3d, 0xeb, 0x3d, 0xeb, 0x3d, 0xeb, 0x3d, 0xeb, 0x3d,
    0xeb, 0x3d, 0xeb, 0x3d, 0xeb, 0x3d, 0xeb, 0x3d, 0xeb, 0x3d, 0xeb, 0x3d, 0xeb, 0x3d, 0xeb, 0x3d,
    0xeb, 0x3d, 0xeb, 0x3d, 0xeb, 0x3d, 0xeb, 0x3d, 0xeb, 0x3d, 0xeb, 0x3d, 0xeb, 0x3d, 0xeb, 0x3d,
    0xeb, 0x3d, 0xeb, 0x3d, 0xeb, 0x3d, 0xeb, 0x3d, 0xeb, 0x3d, 0xeb, 0x3d, 0xeb, 0x3d, 0xeb, 0x3d,
    0xeb, 0x3d, 0xeb, 0x3d, 0xeb, 0x3d, 0xeb, 0x3d, 0xeb, 0x3d, 0xeb, 0x3d, 0xeb, 0x3d, 0xeb, 0x3d,
    0xeb, 0x3d, 0xeb, 0x3d, 0xeb, 0x3d, 0xeb, 0x3d, 0xeb, 0x3d, 0xeb, 0x3d, 0xeb, 0x3d, 0xeb, 0x3d,
    0xeb, 0x3d, 0xeb, 0x3d, 0x42, 0x09, 0x00, 0x00, 0x00, 0x00, 0x00, 0x00, 0x00, 0x00, 0x00, 0x00,
    0x00, 0x00, 0x00, 0x00, 0x00, 0x00, 0x00, 0x00, 0x00, 0x00, 0x00, 0x00, 0x00, 0x00, 0x00, 0x00,
    0x00, 0x00, 0x00, 0x00, 0x00, 0x00, 0x00, 0x00, 0x00, 0x00, 0x42, 0x09, 0xeb, 0x3d, 0xeb, 0x3d,
    0xeb, 0x3d, 0xeb, 0x3d, 0xeb, 0x3d, 0xeb, 0x3d, 0xeb, 0x3d, 0xeb, 0x3d, 0xeb, 0x3d, 0xeb, 0x3d,
    0xeb, 0x3d, 0xeb, 0x3d, 0xeb, 0x3d, 0xeb, 0x3d, 0xeb, 0x3d, 0xeb, 0x3d, 0xeb, 0x3d, 0xeb, 0x3d,
    0xeb, 0x3d, 0xeb, 0x3d, 0xeb, 0x3d, 0xeb, 0x3d, 0xeb, 0x3d, 0xeb, 0x3d, 0xeb, 0x3d, 0xeb, 0x3d,
    0xeb, 0x3d, 0xeb, 0x3d, 0xeb, 0x3d, 0xeb, 0x3d, 0xeb, 0x3d, 0xeb, 0x3d, 0xeb, 0x3d, 0xeb, 0x3d,
    0xeb, 0x3d, 0xeb, 0x3d, 0xeb, 0x3d, 0xeb, 0x3d, 0xeb, 0x3d, 0xeb, 0x3d, 0xeb, 0x3d, 0xeb, 0x3d,
    0xeb, 0x3d, 0xeb, 0x3d, 0xeb, 0x3d, 0xeb, 0x3d, 0xeb, 0x3d, 0xeb, 0x3d, 0xeb, 0x3d, 0xeb, 0x3d,
    0xeb, 0x3d, 0xa8, 0x34, 0x44, 0x1a, 0x40, 0x00, 0x00, 0x00, 0x00, 0x00, 0x00, 0x00, 0x00, 0x00,
    0x00, 0x00, 0x00, 0x00, 0x00, 0x00, 0x00, 0x00, 0x00, 0x00, 0x00, 0x00, 0x00, 0x00, 0x00, 0x00,
    0x00, 0x00, 0x00, 0x00, 0x00, 0x00, 0x00, 0x00, 0x00, 0x00, 0x00, 0x00, 0x00, 0x00, 0x00, 0x00,
    0x00, 0x00, 0x00, 0x00, 0x00, 0x00, 0x00, 0x00, 0x00, 0x00, 0x00, 0x00, 0x00, 0x00, 0x00, 0x00,
    0x00, 0x00, 0x00, 0x00, 0x00, 0x00, 0x00, 0x00, 0x00, 0x00, 0x00, 0x00, 0x00, 0x00, 0x00, 0x00,
    0x00, 0x00, 0x00, 0x00, 0x00, 0x00, 0x00, 0x00, 0x00, 0x00, 0x00, 0x00, 0x00, 0x00, 0x00, 0x00,
    0x00, 0x00, 0x00, 0x00, 0x00, 0x00, 0x00, 0x00, 0x00, 0x00, 0x00, 0x00, 0x00, 0x00, 0x00, 0x00,
    0x00, 0x00, 0x00, 0x00, 0x00, 0x00, 0x00, 0x00, 0x00, 0x00, 0x00, 0x00, 0x00, 0x00, 0x00, 0x00,
    0x00, 0x00, 0x00, 0x00, 0x00, 0x00, 0x00, 0x00, 0x00, 0x00, 0x00, 0x00, 0x00, 0x00, 0x00, 0x00,
    0x00, 0x00, 0x00, 0x00, 0xc1, 0x08, 0x66, 0x23, 0x8a, 0x3d, 0xeb, 0x3d, 0xeb, 0x3d, 0xeb, 0x3d,
    0xeb, 0x3d, 0xeb, 0x3d, 0xeb, 0x3d, 0xeb, 0x3d, 0xeb, 0x3d, 0xeb, 0x3d, 0xeb, 0x3d, 0xeb, 0x3d,
    0xeb, 0x3d, 0xeb, 0x3d, 0xeb, 0x3d, 0xeb, 0x3d, 0xeb, 0x3d, 0xeb, 0x3d, 0xeb, 0x3d, 0xeb, 0x3d,
    0xeb, 0x3d, 0xeb, 0x3d, 0xeb, 0x3d, 0xeb, 0x3d, 0xeb, 0x3d, 0xeb, 0x3d, 0xeb, 0x3d, 0xeb, 0x3d,
    0xeb, 0x3d, 0xeb, 0x3d, 0xeb, 0x3d, 0xeb, 0x3d, 0xeb, 0x3d, 0xeb, 0x3d, 0xeb, 0x3d, 0xeb, 0x3d,
    0xeb, 0x3d, 0xeb, 0x3d, 0xeb, 0x3d, 0xeb, 0x3d, 0xeb, 0x3d, 0xeb, 0x3d, 0xeb, 0x3d, 0xeb, 0x3d,
    0xeb, 0x3d, 0xeb, 0x3d, 0xeb, 0x3d, 0xeb, 0x3d, 0xeb, 0x3d, 0xeb, 0x3d, 0xeb, 0x3d, 0xeb, 0x3d,
    0xeb, 0x3d, 0xeb, 0x3d, 0x42, 0x09, 0x00, 0x00, 0x00, 0x00, 0x00, 0x00, 0x00, 0x00, 0x00, 0x00,
    0x00, 0x00, 0x00, 0x00, 0x00, 0x00, 0x00, 0x00, 0x00, 0x00, 0x00, 0x00, 0x00, 0x00, 0x00, 0x00,
    0x00, 0x00, 0x00, 0x00, 0x00, 0x00, 0x00, 0x00, 0x00, 0x00, 0x42, 0x09, 0xeb, 0x3d, 0xeb, 0x3d,
    0xeb, 0x3d, 0xeb, 0x3d, 0xeb, 0x3d, 0xeb, 0x3d, 0xeb, 0x3d, 0xeb, 0x3d, 0xeb, 0x3d, 0xeb, 0x3d,
    0xeb, 0x3d, 0xeb, 0x3d, 0xeb, 0x3d, 0xeb, 0x3d, 0xeb, 0x3d, 0xeb, 0x3d, 0xeb, 0x3d, 0xeb, 0x3d,
    0xeb, 0x3d, 0xeb, 0x3d, 0xeb, 0x3d, 0xeb, 0x3d, 0xeb, 0x3d, 0xeb, 0x3d, 0xeb, 0x3d, 0xeb, 0x3d,
    0xeb, 0x3d, 0xeb, 0x3d, 0xeb, 0x3d, 0xeb, 0x3d, 0xeb, 0x3d, 0xeb, 0x3d, 0xeb, 0x3d, 0xeb, 0x3d,
    0xeb, 0x3d, 0xeb, 0x3d, 0xeb, 0x3d, 0xeb, 0x3d, 0xeb, 0x3d, 0xeb, 0x3d, 0xeb, 0x3d, 0xeb, 0x3d,
    0xeb, 0x3d, 0xeb, 0x3d, 0xeb, 0x3d, 0xeb, 0x3d, 0xeb, 0x3d, 0xeb, 0x3d, 0xeb, 0x3d, 0xeb, 0x3d,
    0xeb, 0x3d, 0xeb, 0x3d, 0xeb, 0x3d, 0x8a, 0x3d, 0x66, 0x23, 0xc1, 0x08, 0x00, 0x00, 0x00, 0x00,
    0x00, 0x00, 0x00, 0x00, 0x00, 0x00, 0x00, 0x00, 0x00, 0x00, 0x00, 0x00, 0x00, 0x00, 0x00, 0x00,
    0x00, 0x00, 0x00, 0x00, 0x00, 0x00, 0x00, 0x00, 0x00, 0x00, 0x00, 0x00, 0x00, 0x00, 0x00, 0x00,
    0x00, 0x00, 0x00, 0x00, 0x00, 0x00, 0x00, 0x00, 0x00, 0x00, 0x00, 0x00, 0x00, 0x00, 0x00, 0x00,
    0x00, 0x00, 0x00, 0x00, 0x00, 0x00, 0x00, 0x00, 0x00, 0x00, 0x00, 0x00, 0x00, 0x00, 0x00, 0x00,
    0x00, 0x00, 0x00, 0x00, 0x00, 0x00, 0x00, 0x00, 0x00, 0x00, 0x00, 0x00, 0x00, 0x00, 0x00, 0x00,
    0x00, 0x00, 0x00, 0x00, 0x00, 0x00, 0x00, 0x00, 0x00, 0x00, 0x00, 0x00, 0x00, 0x00, 0x00, 0x00,
    0x00, 0x00, 0x00, 0x00, 0x00, 0x00, 0x00, 0x00, 0x00, 0x00, 0x00, 0x00, 0x00, 0x00, 0x00, 0x00,
    0x00, 0x00, 0x00, 0x00, 0x00, 0x00, 0x00, 0x00, 0x00, 0x00, 0x00, 0x00, 0x00, 0x00, 0x00, 0x00,
    0xa1, 0x00, 0x86, 0x23, 0xcb, 0x3d, 0xeb, 0x3d, 0xeb, 0x3d, 0xeb, 0x3d, 0xeb, 0x3d, 0xeb, 0x3d,
    0xeb, 0x3d, 0xeb, 0x3d, 0xeb, 0x3d, 0xeb, 0x3d, 0xeb, 0x3d, 0xeb, 0x3d, 0xeb, 0x3d, 0xeb, 0x3d,
    0xeb, 0x3d, 0xeb, 0x3d, 0xeb, 0x3d, 0xeb, 0x3d, 0xeb, 0x3d, 0xeb, 0x3d, 0xeb, 0x3d, 0xeb, 0x3d,
    0xeb, 0x3d, 0xeb, 0x3d, 0xeb, 0x3d, 0xeb, 0x3d, 0xeb, 0x3d, 0xeb, 0x3d, 0xeb, 0x3d, 0xeb, 0x3d,
    0xeb, 0x3d, 0xeb, 0x3d, 0xeb, 0x3d, 0xeb, 0x3d, 0xeb, 0x3d, 0xeb, 0x3d, 0xeb, 0x3d, 0xeb, 0x3d,
    0xeb, 0x3d, 0xeb, 0x3d, 0xeb, 0x3d, 0xeb, 0x3d, 0xeb, 0x3d, 0xeb, 0x3d, 0xeb, 0x3d, 0xeb, 0x3d,
    0xeb, 0x3d, 0xeb, 0x3d, 0xeb, 0x3d, 0xeb, 0x3d, 0xeb, 0x3d, 0xeb, 0x3d, 0xeb, 0x3d, 0xeb, 0x3d,
    0xeb, 0x3d, 0xeb, 0x3d, 0x42, 0x09, 0x00, 0x00, 0x00, 0x00, 0x00, 0x00, 0x00, 0x00, 0x00, 0x00,
    0x00, 0x00, 0x00, 0x00, 0x00, 0x00, 0x00, 0x00, 0x00, 0x00, 0x00, 0x00, 0x00, 0x00, 0x00, 0x00,
    0x00, 0x00, 0x00, 0x00, 0x00, 0x00, 0x00, 0x00, 0x00, 0x00, 0x42, 0x09, 0xeb, 0x3d, 0xeb, 0x3d,
    0xeb, 0x3d, 0xeb, 0x3d, 0xeb, 0x3d, 0xeb, 0x3d, 0xeb, 0x3d, 0xeb, 0x3d, 0xeb, 0x3d, 0xeb, 0x3d,
    0xeb, 0x3d, 0xeb, 0x3d, 0xeb, 0x3d, 0xeb, 0x3d, 0xeb, 0x3d, 0xeb, 0x3d, 0xeb, 0x3d, 0xeb, 0x3d,
    0xeb, 0x3d, 0xeb, 0x3d, 0xeb, 0x3d, 0xeb, 0x3d, 0xeb, 0x3d, 0xeb, 0x3d, 0xeb, 0x3d, 0xeb, 0x3d,
    0xeb, 0x3d, 0xeb, 0x3d, 0xeb, 0x3d, 0xeb, 0x3d, 0xeb, 0x3d, 0xeb, 0x3d, 0xeb, 0x3d, 0xeb, 0x3d,
    0xeb, 0x3d, 0xeb, 0x3d, 0xeb, 0x3d, 0xeb, 0x3d, 0xeb, 0x3d, 0xeb, 0x3d, 0xeb, 0x3d, 0xeb, 0x3d,
    0xeb, 0x3d, 0xeb, 0x3d, 0xeb, 0x3d, 0xeb, 0x3d, 0xeb, 0x3d, 0xeb, 0x3d, 0xeb, 0x3d, 0xeb, 0x3d,
    0xeb, 0x3d, 0xeb, 0x3d, 0xeb, 0x3d, 0xeb, 0x3d, 0xeb, 0x3d, 0xca, 0x3d, 0x86, 0x23, 0xa1, 0x00,
    0x00, 0x00, 0x00, 0x00, 0x00, 0x00, 0x00, 0x00, 0x00, 0x00, 0x00, 0x00, 0x00, 0x00, 0x00, 0x00,
    0x00, 0x00, 0x00, 0x00, 0x00, 0x00, 0x00, 0x00, 0x00, 0x00, 0x00, 0x00, 0x00, 0x00, 0x00, 0x00,
    0x00, 0x00, 0x00, 0x00, 0x00, 0x00, 0x00, 0x00, 0x00, 0x00, 0x00, 0x00, 0x00, 0x00, 0x00, 0x00,
    0x00, 0x00, 0x00, 0x00, 0x00, 0x00, 0x00, 0x00, 0x00, 0x00, 0x00, 0x00, 0x00, 0x00, 0x00, 0x00,
    0x00, 0x00, 0x00, 0x00, 0x00, 0x00, 0x00, 0x00, 0x00, 0x00, 0x00, 0x00, 0x00, 0x00, 0x00, 0x00,
    0x00, 0x00, 0x00, 0x00, 0x00, 0x00, 0x00, 0x00, 0x00, 0x00, 0x00, 0x00, 0x00, 0x00, 0x00, 0x00,
    0x00, 0x00, 0x00, 0x00, 0x00, 0x00, 0x00, 0x00, 0x00, 0x00, 0x00, 0x00, 0x00, 0x00, 0x00, 0x00,
    0x00, 0x00, 0x00, 0x00, 0x00, 0x00, 0x00, 0x00, 0x00, 0x00, 0x00, 0x00, 0x20, 0x00, 0x05, 0x1b,
    0xaa, 0x3d, 0xeb, 0x3d, 0xeb, 0x3d, 0xeb, 0x3d, 0xeb, 0x3d, 0xeb, 0x3d, 0xeb, 0x3d, 0xeb, 0x3d,
    0xeb, 0x3d, 0xeb, 0x3d, 0xeb, 0x3d, 0xeb, 0x3d, 0xeb, 0x3d, 0xeb, 0x3d, 0xeb, 0x3d, 0xeb, 0x3d,
    0xeb, 0x3d, 0xeb, 0x3d, 0xeb, 0x3d, 0xeb, 0x3d, 0xeb, 0x3d, 0xeb, 0x3d, 0xeb, 0x3d, 0xeb, 0x3d,
    0xeb, 0x3d, 0xeb, 0x3d, 0xeb, 0x3d, 0xeb, 0x3d, 0xeb, 0x3d, 0xeb, 0x3d, 0xeb, 0x3d, 0xeb, 0x3d,
    0xeb, 0x3d, 0xeb, 0x3d, 0xeb, 0x3d, 0xeb, 0x3d, 0xeb, 0x3d, 0xeb, 0x3d, 0xeb, 0x3d, 0xeb, 0x3d,
    0xeb, 0x3d, 0xeb, 0x3d, 0xeb, 0x3d, 0xeb, 0x3d, 0xeb, 0x3d, 0xeb, 0x3d, 0xeb, 0x3d, 0xeb, 0x3d,
    0xeb, 0x3d, 0xeb, 0x3d, 0xeb, 0x3d, 0xeb, 0x3d, 0xeb, 0x3d, 0xeb, 0x3d, 0xeb, 0x3d, 0xeb, 0x3d,
    0xeb, 0x3d, 0xeb, 0x3d, 0x42, 0x09, 0x00, 0x00, 0x00, 0x00, 0x00, 0x00, 0x00, 0x00, 0x00, 0x00,
    0x00, 0x00, 0x00, 0x00, 0x00, 0x00, 0x00, 0x00, 0x00, 0x00, 0x00, 0x00, 0x00, 0x00, 0x00, 0x00,
    0x00, 0x00, 0x00, 0x00, 0x00, 0x00, 0x00, 0x00, 0x00, 0x00, 0x42, 0x09, 0xeb, 0x3d, 0xeb, 0x3d,
    0xeb, 0x3d, 0xeb, 0x3d, 0xeb, 0x3d, 0xeb, 0x3d, 0xeb, 0x3d, 0xeb, 0x3d, 0xeb, 0x3d, 0xeb, 0x3d,
    0xeb, 0x3d, 0xeb, 0x3d, 0xeb, 0x3d, 0xeb, 0x3d, 0xeb, 0x3d, 0xeb, 0x3d, 0xeb, 0x3d, 0xeb, 0x3d,
    0xeb, 0x3d, 0xeb, 0x3d, 0xeb, 0x3d, 0xeb, 0x3d, 0xeb, 0x3d, 0xeb, 0x3d, 0xeb, 0x3d, 0xeb, 0x3d,
    0xeb, 0x3d, 0xeb, 0x3d, 0xeb, 0x3d, 0xeb, 0x3d, 0xeb, 0x3d, 0xeb, 0x3d, 0xeb, 0x3d, 0xeb, 0x3d,
    0xeb, 0x3d, 0xeb, 0x3d, 0xeb, 0x3d, 0xeb, 0x3d, 0xeb, 0x3d, 0xeb, 0x3d, 0xeb, 0x3d, 0xeb, 0x3d,
    0xeb, 0x3d, 0xeb, 0x3d, 0xeb, 0x3d, 0xeb, 0x3d, 0xeb, 0x3d, 0xeb, 0x3d, 0xeb, 0x3d, 0xeb, 0x3d,
    0xeb, 0x3d, 0xeb, 0x3d, 0xeb, 0x3d, 0xeb, 0x3d, 0xeb, 0x3d, 0xeb, 0x3d, 0xeb, 0x3d, 0x8a, 0x3d,
    0xc5, 0x1a, 0x20, 0x00, 0x00, 0x00, 0x00, 0x00, 0x00, 0x00, 0x00, 0x00, 0x00, 0x00, 0x00, 0x00,
    0x00, 0x00, 0x00, 0x00, 0x00, 0x00, 0x00, 0x00, 0x00, 0x00, 0x00, 0x00, 0x00, 0x00, 0x00, 0x00,
    0x00, 0x00, 0x00, 0x00, 0x00, 0x00, 0x00, 0x00, 0x00, 0x00, 0x00, 0x00, 0x00, 0x00, 0x00, 0x00,
    0x00, 0x00, 0x00, 0x00, 0x00, 0x00, 0x00, 0x00, 0x00, 0x00, 0x00, 0x00, 0x00, 0x00, 0x00, 0x00,
    0x00, 0x00, 0x00, 0x00, 0x00, 0x00, 0x00, 0x00, 0x00, 0x00, 0x00, 0x00, 0x00, 0x00, 0x00, 0x00,
    0x00, 0x00, 0x00, 0x00, 0x00, 0x00, 0x00, 0x00, 0x00, 0x00, 0x00, 0x00, 0x00, 0x00, 0x00, 0x00,
    0x00, 0x00, 0x00, 0x00, 0x00, 0x00, 0x00, 0x00, 0x00, 0x00, 0x00, 0x00, 0x00, 0x00, 0x00, 0x00,
    0x00, 0x00, 0x00, 0x00, 0x00, 0x00, 0x00, 0x00, 0x00, 0x00, 0x42, 0x09, 0xe9, 0x34, 0xeb, 0x3d,
    0xeb, 0x3d, 0xeb, 0x3d, 0xeb, 0x3d, 0xeb, 0x3d, 0xeb, 0x3d, 0xeb, 0x3d, 0xeb, 0x3d, 0xeb, 0x3d,
    0xeb, 0x3d, 0xeb, 0x3d, 0xeb, 0x3d, 0xeb, 0x3d, 0xeb, 0x3d, 0xeb, 0x3d, 0xeb, 0x3d, 0xeb, 0x3d,
    0xeb, 0x3d, 0xeb, 0x3d, 0xeb, 0x3d, 0xeb, 0x3d, 0xeb, 0x3d, 0xeb, 0x3d, 0xeb, 0x3d, 0xeb, 0x3d,
    0xeb, 0x3d, 0xeb, 0x3d, 0xeb, 0x3d, 0xeb, 0x3d, 0xeb, 0x3d, 0xeb, 0x3d, 0xeb, 0x3d, 0xeb, 0x3d,
    0xeb, 0x3d, 0xeb, 0x3d, 0xeb, 0x3d, 0xeb, 0x3d, 0xeb, 0x3d, 0xeb, 0x3d, 0xeb, 0x3d, 0xeb, 0x3d,
    0xeb, 0x3d, 0xeb, 0x3d, 0xeb, 0x3d, 0xeb, 0x3d, 0xeb, 0x3d, 0xeb, 0x3d, 0xeb, 0x3d, 0xeb, 0x3d,
    0xeb, 0x3d, 0xeb, 0x3d, 0xeb, 0x3d, 0xeb, 0x3d, 0xeb, 0x3d, 0xeb, 0x3d, 0xeb, 0x3d, 0xeb, 0x3d,
    0xeb, 0x3d, 0xeb, 0x3d, 0x42, 0x09, 0x00, 0x00, 0x00, 0x00, 0x00, 0x00, 0x00, 0x00, 0x00, 0x00,
    0x00, 0x00, 0x00, 0x00, 0x00, 0x00, 0x00, 0x00, 0x00, 0x00, 0x00, 0x00, 0x00, 0x00, 0x00, 0x00,
    0x00, 0x00, 0x00, 0x00, 0x00, 0x00, 0x00, 0x00, 0x00, 0x00, 0x42, 0x09, 0xeb, 0x3d, 0xeb, 0x3d,
    0xeb, 0x3d, 0xeb, 0x3d, 0xeb, 0x3d, 0xeb, 0x3d, 0xeb, 0x3d, 0xeb, 0x3d, 0xeb, 0x3d, 0xeb, 0x3d,
    0xeb, 0x3d, 0xeb, 0x3d, 0xeb, 0x3d, 0xeb, 0x3d, 0xeb, 0x3d, 0xeb, 0x3d, 0xeb, 0x3d, 0xeb, 0x3d,
    0xeb, 0x3d, 0xeb, 0x3d, 0xeb, 0x3d, 0xeb, 0x3d, 0xeb, 0x3d, 0xeb, 0x3d, 0xeb, 0x3d, 0xeb, 0x3d,
    0xeb, 0x3d, 0xeb, 0x3d, 0xeb, 0x3d, 0xeb, 0x3d, 0xeb, 0x3d, 0xeb, 0x3d, 0xeb, 0x3d, 0xeb, 0x3d,
    0xeb, 0x3d, 0xeb, 0x3d, 0xeb, 0x3d, 0xeb, 0x3d, 0xeb, 0x3d, 0xeb, 0x3d, 0xeb, 0x3d, 0xeb, 0x3d,
    0xeb, 0x3d, 0xeb, 0x3d, 0xeb, 0x3d, 0xeb, 0x3d, 0xeb, 0x3d, 0xeb, 0x3d, 0xeb, 0x3d, 0xeb, 0x3d,
    0xeb, 0x3d, 0xeb, 0x3d, 0xeb, 0x3d, 0xeb, 0x3d, 0xeb, 0x3d, 0xeb, 0x3d, 0xeb, 0x3d, 0xeb, 0x3d,
    0xeb, 0x3d, 0xe9, 0x34, 0x42, 0x09, 0x00, 0x00, 0x00, 0x00, 0x00, 0x00, 0x00, 0x00, 0x00, 0x00,
    0x00, 0x00, 0x00, 0x00, 0x00, 0x00, 0x00, 0x00, 0x00, 0x00, 0x00, 0x00, 0x00, 0x00, 0x00, 0x00,
    0x00, 0x00, 0x00, 0x00, 0x00, 0x00, 0x00, 0x00, 0x00, 0x00, 0x00, 0x00, 0x00, 0x00, 0x00, 0x00,
    0x00, 0x00, 0x00, 0x00, 0x00, 0x00, 0x00, 0x00, 0x00, 0x00, 0x00, 0x00, 0x00, 0x00, 0x00, 0x00,
    0x00, 0x00, 0x00, 0x00, 0x00, 0x00, 0x00, 0x00, 0x00, 0x00, 0x00, 0x00, 0x00, 0x00, 0x00, 0x00,
    0x00, 0x00, 0x00, 0x00, 0x00, 0x00, 0x00, 0x00, 0x00, 0x00, 0x00, 0x00, 0x00, 0x00, 0x00, 0x00,
    0x00, 0x00, 0x00, 0x00, 0x00, 0x00, 0x00, 0x00, 0x00, 0x00, 0x00, 0x00, 0x00, 0x00, 0x00, 0x00,
    0x00, 0x00, 0x00, 0x00, 0x00, 0x00, 0x00, 0x00, 0xe5, 0x1a, 0xca, 0x3d, 0xeb, 0x3d, 0xeb, 0x3d,
    0xeb, 0x3d, 0xeb, 0x3d, 0xeb, 0x3d, 0xeb, 0x3d, 0xeb, 0x3d, 0xeb, 0x3d, 0xeb, 0x3d, 0xeb, 0x3d,
    0xeb, 0x3d, 0xeb, 0x3d, 0xeb, 0x3d, 0xeb, 0x3d, 0xeb, 0x3d, 0xeb, 0x3d, 0xeb, 0x3d, 0xeb, 0x3d,
    0xeb, 0x3d, 0xeb, 0x3d, 0xeb, 0x3d, 0xeb, 0x3d, 0xeb, 0x3d, 0xeb, 0x3d, 0xeb, 0x3d, 0xeb, 0x3d,
    0xeb, 0x3d, 0xeb, 0x3d, 0xeb, 0x3d, 0xeb, 0x3d, 0xeb, 0x3d, 0xeb, 0x3d, 0xeb, 0x3d, 0xeb, 0x3d,
    0xeb, 0x3d, 0xeb, 0x3d, 0xeb, 0x3d, 0xeb, 0x3d, 0xeb, 0x3d, 0xeb, 0x3d, 0xeb, 0x3d, 0xeb, 0x3d,
    0xeb, 0x3d, 0xeb, 0x3d, 0xeb, 0x3d, 0xeb, 0x3d, 0xeb, 0x3d, 0xeb, 0x3d, 0xeb, 0x3d, 0xeb, 0x3d,
    0xeb, 0x3d, 0xeb, 0x3d, 0xeb, 0x3d, 0xeb, 0x3d, 0xeb, 0x3d, 0xeb, 0x3d, 0xeb, 0x3d, 0xeb, 0x3d,
    0xeb, 0x3d, 0xeb, 0x3d, 0x42, 0x09, 0x00, 0x00, 0x00, 0x00, 0x00, 0x00, 0x00, 0x00, 0x00, 0x00,
    0x00, 0x00, 0x00, 0x00, 0x00, 0x00, 0x00, 0x00, 0x00, 0x00, 0x00, 0x00, 0x00, 0x00, 0x00, 0x00,
    0x00, 0x00, 0x00, 0x00, 0x00, 0x00, 0x00, 0x00, 0x00, 0x00, 0x42, 0x09, 0xeb, 0x3d, 0xeb, 0x3d,
    0xeb, 0x3d, 0xeb, 0x3d, 0xeb, 0x3d, 0xeb, 0x3d, 0xeb, 0x3d, 0xeb, 0x3d, 0xeb, 0x3d, 0xeb, 0x3d,
    0xeb, 0x3d, 0xeb, 0x3d, 0xeb, 0x3d, 0xeb, 0x3d, 0xeb, 0x3d, 0xeb, 0x3d, 0xeb, 0x3d, 0xeb, 0x3d,
    0xeb, 0x3d, 0xeb, 0x3d, 0xeb, 0x3d, 0xeb, 0x3d, 0xeb, 0x3d, 0xeb, 0x3d, 0xeb, 0x3d, 0xeb, 0x3d,
    0xeb, 0x3d, 0xeb, 0x3d, 0xeb, 0x3d, 0xeb, 0x3d, 0xeb, 0x3d, 0xeb, 0x3d, 0xeb, 0x3d, 0xeb, 0x3d,
    0xeb, 0x3d, 0xeb, 0x3d, 0xeb, 0x3d, 0xeb, 0x3d, 0xeb, 0x3d, 0xeb, 0x3d, 0xeb, 0x3d, 0xeb, 0x3d,
    0xeb, 0x3d, 0xeb, 0x3d, 0xeb, 0x3d, 0xeb, 0x3d, 0xeb, 0x3d, 0xeb, 0x3d, 0xeb, 0x3d, 0xeb, 0x3d,
    0xeb, 0x3d, 0xeb, 0x3d, 0xeb, 0x3d, 0xeb, 0x3d, 0xeb, 0x3d, 0xeb, 0x3d, 0xeb, 0x3d, 0xeb, 0x3d,
    0xeb, 0x3d, 0xeb, 0x3d, 0xca, 0x3d, 0xe5, 0x1a, 0x00, 0x00, 0x00, 0x00, 0x00, 0x00, 0x00, 0x00,
    0x00, 0x00, 0x00, 0x00, 0x00, 0x00, 0x00, 0x00, 0x00, 0x00, 0x00, 0x00, 0x00, 0x00, 0x00, 0x00,
    0x00, 0x00, 0x00, 0x00, 0x00, 0x00, 0x00, 0x00, 0x00, 0x00, 0x00, 0x00, 0x00, 0x00, 0x00, 0x00,
    0x00, 0x00, 0x00, 0x00, 0x00, 0x00, 0x00, 0x00, 0x00, 0x00, 0x00, 0x00, 0x00, 0x00, 0x00, 0x00,
    0x00, 0x00, 0x00, 0x00, 0x00, 0x00, 0x00, 0x00, 0x00, 0x00, 0x00, 0x00, 0x00, 0x00, 0x00, 0x00,
    0x00, 0x00, 0x00, 0x00, 0x00, 0x00, 0x00, 0x00, 0x00, 0x00, 0x00, 0x00, 0x00, 0x00, 0x00, 0x00,
    0x00, 0x00, 0x00, 0x00, 0x00, 0x00, 0x00, 0x00, 0x00, 0x00, 0x00, 0x00, 0x00, 0x00, 0x00, 0x00,
    0x00, 0x00, 0x00, 0x00, 0x80, 0x00, 0x48, 0x2c, 0xeb, 0x3d, 0xeb, 0x3d, 0xeb, 0x3d, 0xeb, 0x3d,
    0xeb, 0x3d, 0xeb, 0x3d, 0xeb, 0x3d, 0xeb, 0x3d, 0xeb, 0x3d, 0xeb, 0x3d, 0xeb, 0x3d, 0xeb, 0x3d,
    0xeb, 0x3d, 0xeb, 0x3d, 0xeb, 0x3d, 0xeb, 0x3d, 0xeb, 0x3d, 0xeb, 0x3d, 0xeb, 0x3d, 0xeb, 0x3d,
    0xeb, 0x3d, 0xeb, 0x3d, 0xeb, 0x3d, 0xeb, 0x3d, 0xeb, 0x3d, 0xeb, 0x3d, 0xeb, 0x3d, 0xeb, 0x3d,
    0xeb, 0x3d, 0xeb, 0x3d, 0xeb, 0x3d, 0xeb, 0x3d, 0xeb, 0x3d, 0xeb, 0x3d, 0xeb, 0x3d, 0xeb, 0x3d,
    0xeb, 0x3d, 0xeb, 0x3d, 0xeb, 0x3d, 0xeb, 0x3d, 0xeb, 0x3d, 0xeb, 0x3d, 0xeb, 0x3d, 0xeb, 0x3d,
    0xeb, 0x3d, 0xeb, 0x3d, 0xeb, 0x3d, 0xeb, 0x3d, 0xeb, 0x3d, 0xeb, 0x3d, 0xeb, 0x3d, 0xeb, 0x3d,
    0xeb, 0x3d, 0xeb, 0x3d, 0xeb, 0x3d, 0xeb, 0x3d, 0xeb, 0x3d, 0xeb, 0x3d, 0xeb, 0x3d, 0xeb, 0x3d,
    0xeb, 0x3d, 0xeb, 0x3d, 0x42, 0x09, 0x00, 0x00, 0x00, 0x00, 0x00, 0x00, 0x00, 0x00, 0x00, 0x00,
    0x00, 0x00, 0x00, 0x00, 0x00, 0x00, 0x00, 0x00, 0x00, 0x00, 0x00, 0x00, 0x00, 0x00, 0x00, 0x00,
    0x00, 0x00, 0x00, 0x00, 0x00, 0x00, 0x00, 0x00, 0x00, 0x00, 0x42, 0x09, 0xeb, 0x3d, 0xeb, 0x3d,
    0xeb, 0x3d, 0xeb, 0x3d, 0xeb, 0x3d, 0xeb, 0x3d, 0xeb, 0x3d, 0xeb, 0x3d, 0xeb, 0x3d, 0xeb, 0x3d,
    0xeb, 0x3d, 0xeb, 0x3d, 0xeb, 0x3d, 0xeb, 0x3d, 0xeb, 0x3d, 0xeb, 0x3d, 0xeb, 0x3d, 0xeb, 0x3d,
    0xeb, 0x3d, 0xeb, 0x3d, 0xeb, 0x3d, 0xeb, 0x3d, 0xeb, 0x3d, 0xeb, 0x3d, 0xeb, 0x3d, 0xeb, 0x3d,
    0xeb, 0x3d, 0xeb, 0x3d, 0xeb, 0x3d, 0xeb, 0x3d, 0xeb, 0x3d, 0xeb, 0x3d, 0xeb, 0x3d, 0xeb, 0x3d,
    0xeb, 0x3d, 0xeb, 0x3d, 0xeb, 0x3d, 0xeb, 0x3d, 0xeb, 0x3d, 0xeb, 0x3d, 0xeb, 0x3d, 0xeb, 0x3d,
    0xeb, 0x3d, 0xeb, 0x3d, 0xeb, 0x3d, 0xeb, 0x3d, 0xeb, 0x3d, 0xeb, 0x3d, 0xeb, 0x3d, 0xeb, 0x3d,
    0xeb, 0x3d, 0xeb, 0x3d, 0xeb, 0x3d, 0xeb, 0x3d, 0xeb, 0x3d, 0xeb, 0x3d, 0xeb, 0x3d, 0xeb, 0x3d,
    0xeb, 0x3d, 0xeb, 0x3d, 0xeb, 0x3d, 0xeb, 0x3d, 0x48, 0x2c, 0x81, 0x00, 0x00, 0x00, 0x00, 0x00,
    0x00, 0x00, 0x00, 0x00, 0x00, 0x00, 0x00, 0x00, 0x00, 0x00, 0x00, 0x00, 0x00, 0x00, 0x00, 0x00,
    0x00, 0x00, 0x00, 0x00, 0x00, 0x00, 0x00, 0x00, 0x00, 0x00, 0x00, 0x00, 0x00, 0x00, 0x00, 0x00,
    0x00, 0x00, 0x00, 0x00, 0x00, 0x00, 0x00, 0x00, 0x00, 0x00, 0x00, 0x00, 0x00, 0x00, 0x00, 0x00,
    0x00, 0x00, 0x00, 0x00, 0x00, 0x00, 0x00, 0x00, 0x00, 0x00, 0x00, 0x00, 0x00, 0x00, 0x00, 0x00,
    0x00, 0x00, 0x00, 0x00, 0x00, 0x00, 0x00, 0x00, 0x00, 0x00, 0x00, 0x00, 0x00, 0x00, 0x00, 0x00,
    0x00, 0x00, 0x00, 0x00, 0x00, 0x00, 0x00, 0x00, 0x00, 0x00, 0x00, 0x00, 0x00, 0x00, 0x00, 0x00,
    0x00, 0x00, 0xe1, 0x08, 0x09, 0x35, 0xeb, 0x3d, 0xeb, 0x3d, 0xeb, 0x3d, 0xeb, 0x3d, 0xeb, 0x3d,
    0xeb, 0x3d, 0xeb, 0x3d, 0xeb, 0x3d, 0xeb, 0x3d, 0xeb, 0x3d, 0xeb, 0x3d, 0xeb, 0x3d, 0xeb, 0x3d,
    0xeb, 0x3d, 0xeb, 0x3d, 0xeb, 0x3d, 0xeb, 0x3d, 0xeb, 0x3d, 0xeb, 0x3d, 0xeb, 0x3d, 0xeb, 0x3d,
    0xeb, 0x3d, 0xeb, 0x3d, 0xeb, 0x3d, 0xeb, 0x3d, 0xeb, 0x3d, 0xeb, 0x3d, 0xeb, 0x3d, 0xeb, 0x3d,
    0xeb, 0x3d, 0xeb, 0x3d, 0xeb, 0x3d, 0xeb, 0x3d, 0xeb, 0x3d, 0xeb, 0x3d, 0xeb, 0x3d, 0xeb, 0x3d,
    0xeb, 0x3d, 0xeb, 0x3d, 0xeb, 0x3d, 0xeb, 0x3d, 0xeb, 0x3d, 0xeb, 0x3d, 0xeb, 0x3d, 0xeb, 0x3d,
    0xeb, 0x3d, 0xeb, 0x3d, 0xeb, 0x3d, 0xeb, 0x3d, 0xeb, 0x3d, 0xeb, 0x3d, 0xeb, 0x3d, 0xeb, 0x3d,
    0xeb, 0x3d, 0xeb, 0x3d, 0xeb, 0x3d, 0xeb, 0x3d, 0xeb, 0x3d, 0xeb, 0x3d, 0xeb, 0x3d, 0xeb, 0x3d,
    0xeb, 0x3d, 0xeb, 0x3d, 0x42, 0x09, 0x00, 0x00, 0x00, 0x00, 0x00, 0x00, 0x00, 0x00, 0x00, 0x00,
    0x00, 0x00, 0x00, 0x00, 0x00, 0x00, 0x00, 0x00, 0x00, 0x00, 0x00, 0x00, 0x00, 0x00, 0x00, 0x00,
    0x00, 0x00, 0x00, 0x00, 0x00, 0x00, 0x00, 0x00, 0x00, 0x00, 0x42, 0x09, 0xeb, 0x3d, 0xeb, 0x3d,
    0xeb, 0x3d, 0xeb, 0x3d, 0xeb, 0x3d, 0xeb, 0x3d, 0xeb, 0x3d, 0xeb, 0x3d, 0xeb, 0x3d, 0xeb, 0x3d,
    0xeb, 0x3d, 0xeb, 0x3d, 0xeb, 0x3d, 0xeb, 0x3d, 0xeb, 0x3d, 0xeb, 0x3d, 0xeb, 0x3d, 0xeb, 0x3d,
    0xeb, 0x3d, 0xeb, 0x3d, 0xeb, 0x3d, 0xeb, 0x3d, 0xeb, 0x3d, 0xeb, 0x3d, 0xeb, 0x3d, 0xeb, 0x3d,
    0xeb, 0x3d, 0xeb, 0x3d, 0xeb, 0x3d, 0xeb, 0x3d, 0xeb, 0x3d, 0xeb, 0x3d, 0xeb, 0x3d, 0xeb, 0x3d,
    0xeb, 0x3d, 0xeb, 0x3d, 0xeb, 0x3d, 0xeb, 0x3d, 0xeb, 0x3d, 0xeb, 0x3d, 0xeb, 0x3d, 0xeb, 0x3d,
    0xeb, 0x3d, 0xeb, 0x3d, 0xeb, 0x3d, 0xeb, 0x3d, 0xeb, 0x3d, 0xeb, 0x3d, 0xeb, 0x3d, 0xeb, 0x3d,
    0xeb, 0x3d, 0xeb, 0x3d, 0xeb, 0x3d, 0xeb, 0x3d, 0xeb, 0x3d, 0xeb, 0x3d, 0xeb, 0x3d, 0xeb, 0x3d,
    0xeb, 0x3d, 0xeb, 0x3d, 0xeb, 0x3d, 0xeb, 0x3d, 0xeb, 0x3d, 0x09, 0x35, 0xc1, 0x08, 0x00, 0x00,
    0x00, 0x00, 0x00, 0x00, 0x00, 0x00, 0x00, 0x00, 0x00, 0x00, 0x00, 0x00, 0x00, 0x00, 0x00, 0x00,
    0x00, 0x00, 0x00, 0x00, 0x00, 0x00, 0x00, 0x00, 0x00, 0x00, 0x00, 0x00, 0x00, 0x00, 0x00, 0x00,
    0x00, 0x00, 0x00, 0x00, 0x00, 0x00, 0x00, 0x00, 0x00, 0x00, 0x00, 0x00, 0x00, 0x00, 0x00, 0x00,
    0x00, 0x00, 0x00, 0x00, 0x00, 0x00, 0x00, 0x00, 0x00, 0x00, 0x00, 0x00, 0x00, 0x00, 0x00, 0x00,
    0x00, 0x00, 0x00, 0x00, 0x00, 0x00, 0x00, 0x00, 0x00, 0x00, 0x00, 0x00, 0x00, 0x00, 0x00, 0x00,
    0x00, 0x00, 0x00, 0x00, 0x00, 0x00, 0x00, 0x00, 0x00, 0x00, 0x00, 0x00, 0x00, 0x00, 0x00, 0x00,
    0x42, 0x09, 0x6a, 0x3d, 0xeb, 0x3d, 0xeb, 0x3d, 0xeb, 0x3d, 0xeb, 0x3d, 0xeb, 0x3d, 0xeb, 0x3d,
    0xeb, 0x3d, 0xeb, 0x3d, 0xeb, 0x3d, 0xeb, 0x3d, 0xeb, 0x3d, 0xeb, 0x3d, 0xeb, 0x3d, 0xeb, 0x3d,
    0xeb, 0x3d, 0xeb, 0x3d, 0xeb, 0x3d, 0xeb, 0x3d, 0xeb, 0x3d, 0xeb, 0x3d, 0xeb, 0x3d, 0xeb, 0x3d,
    0xeb, 0x3d, 0xeb, 0x3d, 0xeb, 0x3d, 0xeb, 0x3d, 0xeb, 0x3d, 0xeb, 0x3d, 0xeb, 0x3d, 0xeb, 0x3d,
    0xeb, 0x3d, 0xeb, 0x3d, 0xeb, 0x3d, 0xeb, 0x3d, 0xeb, 0x3d, 0xeb, 0x3d, 0xeb, 0x3d, 0xeb, 0x3d,
    0xeb, 0x3d, 0xeb, 0x3d, 0xeb, 0x3d, 0xeb, 0x3d, 0xeb, 0x3d, 0xeb, 0x3d, 0xeb, 0x3d, 0xeb, 0x3d,
    0xeb, 0x3d, 0xeb, 0x3d, 0xeb, 0x3d, 0xeb, 0x3d, 0xeb, 0x3d, 0xeb, 0x3d, 0xeb, 0x3d, 0xeb, 0x3d,
    0xeb, 0x3d, 0xeb, 0x3d, 0xeb, 0x3d, 0xeb, 0x3d, 0xeb, 0x3d, 0xeb, 0x3d, 0xeb, 0x3d, 0xeb, 0x3d,
    0xeb, 0x3d, 0xeb, 0x3d, 0x42, 0x09, 0x00, 0x00, 0x00, 0x00, 0x00, 0x00, 0x00, 0x00, 0x00, 0x00,
    0x00, 0x00, 0x00, 0x00, 0x00, 0x00, 0x00, 0x00, 0x00, 0x00, 0x00, 0x00, 0x00, 0x00, 0x00, 0x00,
    0x00, 0x00, 0x00, 0x00, 0x00, 0x00, 0x00, 0x00, 0x00, 0x00, 0x42, 0x09, 0xeb, 0x3d, 0xeb, 0x3d,
    0xeb, 0x3d, 0xeb, 0x3d, 0xeb, 0x3d, 0xeb, 0x3d, 0xeb, 0x3d, 0xeb, 0x3d, 0xeb, 0x3d, 0xeb, 0x3d,
    0xeb, 0x3d, 0xeb, 0x3d, 0xeb, 0x3d, 0xeb, 0x3d, 0xeb, 0x3d, 0xeb, 0x3d, 0xeb, 0x3d, 0xeb, 0x3d,
    0xeb, 0x3d, 0xeb, 0x3d, 0xeb, 0x3d, 0xeb, 0x3d, 0xeb, 0x3d, 0xeb, 0x3d, 0xeb, 0x3d, 0xeb, 0x3d,
    0xeb, 0x3d, 0xeb, 0x3d, 0xeb, 0x3d, 0xeb, 0x3d, 0xeb, 0x3d, 0xeb, 0x3d, 0xeb, 0x3d, 0xeb, 0x3d,
    0xeb, 0x3d, 0xeb, 0x3d, 0xeb, 0x3d, 0xeb, 0x3d, 0xeb, 0x3d, 0xeb, 0x3d, 0xeb, 0x3d, 0xeb, 0x3d,
    0xeb, 0x3d, 0xeb, 0x3d, 0xeb, 0x3d, 0xeb, 0x3d, 0xeb, 0x3d, 0xeb, 0x3d, 0xeb, 0x3d, 0xeb, 0x3d,
    0xeb, 0x3d, 0xeb, 0x3d, 0xeb, 0x3d, 0xeb, 0x3d, 0xeb, 0x3d, 0xeb, 0x3d, 0xeb, 0x3d, 0xeb, 0x3d,
    0xeb, 0x3d, 0xeb, 0x3d, 0xeb, 0x3d, 0xeb, 0x3d, 0xeb, 0x3d, 0xeb, 0x3d, 0x6a, 0x3d, 0x22, 0x09,
    0x00, 0x00, 0x00, 0x00, 0x00, 0x00, 0x00, 0x00, 0x00, 0x00, 0x00, 0x00, 0x00, 0x00, 0x00, 0x00,
    0x00, 0x00, 0x00, 0x00, 0x00, 0x00, 0x00, 0x00, 0x00, 0x00, 0x00, 0x00, 0x00, 0x00, 0x00, 0x00,
    0x00, 0x00, 0x00, 0x00, 0x00, 0x00, 0x00, 0x00, 0x00, 0x00, 0x00, 0x00, 0x00, 0x00, 0x00, 0x00,
    0x00, 0x00, 0x00, 0x00, 0x00, 0x00, 0x00, 0x00, 0x00, 0x00, 0x00, 0x00, 0x00, 0x00, 0x00, 0x00,
    0x00, 0x00, 0x00, 0x00, 0x00, 0x00, 0x00, 0x00, 0x00, 0x00, 0x00, 0x00, 0x00, 0x00, 0x00, 0x00,
    0x00, 0x00, 0x00, 0x00, 0x00, 0x00, 0x00, 0x00, 0x00, 0x00, 0x00, 0x00, 0x00, 0x00, 0x42, 0x09,
    0x8a, 0x3d, 0xeb, 0x3d, 0xeb, 0x3d, 0xeb, 0x3d, 0xeb, 0x3d, 0xeb, 0x3d, 0xeb, 0x3d, 0xeb, 0x3d,
    0xeb, 0x3d, 0xeb, 0x3d, 0xeb, 0x3d, 0xeb, 0x3d, 0xeb, 0x3d, 0xeb, 0x3d, 0xeb, 0x3d, 0xeb, 0x3d,
    0xeb, 0x3d, 0xeb, 0x3d, 0xeb, 0x3d, 0xeb, 0x3d, 0xeb, 0x3d, 0xeb, 0x3d, 0xeb, 0x3d, 0xeb, 0x3d,
    0xeb, 0x3d, 0xeb, 0x3d, 0xeb, 0x3d, 0xeb, 0x3d, 0xeb, 0x3d, 0xeb, 0x3d, 0xeb, 0x3d, 0xeb, 0x3d,
    0xeb, 0x3d, 0xeb, 0x3d, 0xeb, 0x3d, 0xeb, 0x3d, 0xeb, 0x3d, 0xeb, 0x3d, 0xeb, 0x3d, 0xeb, 0x3d,
    0xeb, 0x3d, 0xeb, 0x3d, 0xeb, 0x3d, 0xeb, 0x3d, 0xeb, 0x3d, 0xeb, 0x3d, 0xeb, 0x3d, 0xeb, 0x3d,
    0xeb, 0x3d, 0xeb, 0x3d, 0xeb, 0x3d, 0xeb, 0x3d, 0xeb, 0x3d, 0xeb, 0x3d, 0xeb, 0x3d, 0xeb, 0x3d,
    0xeb, 0x3d, 0xeb, 0x3d, 0xeb, 0x3d, 0xeb, 0x3d, 0xeb, 0x3d, 0xeb, 0x3d, 0xeb, 0x3d, 0xeb, 0x3d,
    0xeb, 0x3d, 0xeb, 0x3d, 0x42, 0x09, 0x00, 0x00, 0x00, 0x00, 0x00, 0x00, 0x00, 0x00, 0x00, 0x00,
    0x00, 0x00, 0x00, 0x00, 0x00, 0x00, 0x00, 0x00, 0x00, 0x00, 0x00, 0x00, 0x00, 0x00, 0x00, 0x00,
    0x00, 0x00, 0x00, 0x00, 0x00, 0x00, 0x00, 0x00, 0x00, 0x00, 0x42, 0x09, 0xeb, 0x3d, 0xeb, 0x3d,
    0xeb, 0x3d, 0xeb, 0x3d, 0xeb, 0x3d, 0xeb, 0x3d, 0xeb, 0x3d, 0xeb, 0x3d, 0xeb, 0x3d, 0xeb, 0x3d,
    0xeb, 0x3d, 0xeb, 0x3d, 0xeb, 0x3d, 0xeb, 0x3d, 0xeb, 0x3d, 0xeb, 0x3d, 0xeb, 0x3d, 0xeb, 0x3d,
    0xeb, 0x3d, 0xeb, 0x3d, 0xeb, 0x3d, 0xeb, 0x3d, 0xeb, 0x3d, 0xeb, 0x3d, 0xeb, 0x3d, 0xeb, 0x3d,
    0xeb, 0x3d, 0xeb, 0x3d, 0xeb, 0x3d, 0xeb, 0x3d, 0xeb, 0x3d, 0xeb, 0x3d, 0xeb, 0x3d, 0xeb, 0x3d,
    0xeb, 0x3d, 0xeb, 0x3d, 0xeb, 0x3d, 0xeb, 0x3d, 0xeb, 0x3d, 0xeb, 0x3d, 0xeb, 0x3d, 0xeb, 0x3d,
    0xeb, 0x3d, 0xeb, 0x3d, 0xeb, 0x3d, 0xeb, 0x3d, 0xeb, 0x3d, 0xeb, 0x3d, 0xeb, 0x3d, 0xeb, 0x3d,
    0xeb, 0x3d, 0xeb, 0x3d, 0xeb, 0x3d, 0xeb, 0x3d, 0xeb, 0x3d, 0xeb, 0x3d, 0xeb, 0x3d, 0xeb, 0x3d,
    0xeb, 0x3d, 0xeb, 0x3d, 0xeb, 0x3d, 0xeb, 0x3d, 0xeb, 0x3d, 0xeb, 0x3d, 0xeb, 0x3d, 0x6a, 0x3d,
    0x22, 0x09, 0x00, 0x00, 0x00, 0x00, 0x00, 0x00, 0x00, 0x00, 0x00, 0x00, 0x00, 0x00, 0x00, 0x00,
    0x00, 0x00, 0x00, 0x00, 0x00, 0x00, 0x00, 0x00, 0x00, 0x00, 0x00, 0x00, 0x00, 0x00, 0x00, 0x00,
    0x00, 0x00, 0x00, 0x00, 0x00, 0x00, 0x00, 0x00, 0x00, 0x00, 0x00, 0x00, 0x00, 0x00, 0x00, 0x00,
    0x00, 0x00, 0x00, 0x00, 0x00, 0x00, 0x00, 0x00, 0x00, 0x00, 0x00, 0x00, 0x00, 0x00, 0x00, 0x00,
    0x00, 0x00, 0x00, 0x00, 0x00, 0x00, 0x00, 0x00, 0x00, 0x00, 0x00, 0x00, 0x00, 0x00, 0x00, 0x00,
    0x00, 0x00, 0x00, 0x00, 0x00, 0x00, 0x00, 0x00, 0x00, 0x00, 0x00, 0x00, 0x22, 0x09, 0x8a, 0x3d,
    0xeb, 0x3d, 0xeb, 0x3d, 0xeb, 0x3d, 0xeb, 0x3d, 0xeb, 0x3d, 0xeb, 0x3d, 0xeb, 0x3d, 0xeb, 0x3d,
    0xeb, 0x3d, 0xeb, 0x3d, 0xeb, 0x3d, 0xeb, 0x3d, 0xeb, 0x3d, 0xeb, 0x3d, 0xeb, 0x3d, 0xeb, 0x3d,
    0xeb, 0x3d, 0xeb, 0x3d, 0xeb, 0x3d, 0xeb, 0x3d, 0xeb, 0x3d, 0xeb, 0x3d, 0xeb, 0x3d, 0xeb, 0x3d,
    0xeb, 0x3d, 0xeb, 0x3d, 0xeb, 0x3d, 0xeb, 0x3d, 0xeb, 0x3d, 0xeb, 0x3d, 0xeb, 0x3d, 0xeb, 0x3d,
    0xeb, 0x3d, 0xeb, 0x3d, 0xeb, 0x3d, 0xeb, 0x3d, 0xeb, 0x3d, 0xeb, 0x3d, 0xeb, 0x3d, 0xeb, 0x3d,
    0xeb, 0x3d, 0xeb, 0x3d, 0xeb, 0x3d, 0xeb, 0x3d, 0xeb, 0x3d, 0xeb, 0x3d, 0xeb, 0x3d, 0xeb, 0x3d,
    0xeb, 0x3d, 0xeb, 0x3d, 0xeb, 0x3d, 0xeb, 0x3d, 0xeb, 0x3d, 0xeb, 0x3d, 0xeb, 0x3d, 0xeb, 0x3d,
    0xeb, 0x3d, 0xeb, 0x3d, 0xeb, 0x3d, 0xeb, 0x3d, 0xeb, 0x3d, 0xeb, 0x3d, 0xeb, 0x3d, 0xeb, 0x3d,
    0xeb, 0x3d, 0xeb, 0x3d, 0x42, 0x09, 0x00, 0x00, 0x00, 0x00, 0x00, 0x00, 0x00, 0x00, 0x00, 0x00,
    0x00, 0x00, 0x00, 0x00, 0x00, 0x00, 0x00, 0x00, 0x00, 0x00, 0x00, 0x00, 0x00, 0x00, 0x00, 0x00,
    0x00, 0x00, 0x00, 0x00, 0x00, 0x00, 0x00, 0x00, 0x00, 0x00, 0x42, 0x09, 0xeb, 0x3d, 0xeb, 0x3d,
    0xeb, 0x3d, 0xeb, 0x3d, 0xeb, 0x3d, 0xeb, 0x3d, 0xeb, 0x3d, 0xeb, 0x3d, 0xeb, 0x3d, 0xeb, 0x3d,
    0xeb, 0x3d, 0xeb, 0x3d, 0xeb, 0x3d, 0xeb, 0x3d, 0xeb, 0x3d, 0xeb, 0x3d, 0xeb, 0x3d, 0xeb, 0x3d,
    0xeb, 0x3d, 0xeb, 0x3d, 0xeb, 0x3d, 0xeb, 0x3d, 0xeb, 0x3d, 0xeb, 0x3d, 0xeb, 0x3d, 0xeb, 0x3d,
    0xeb, 0x3d, 0xeb, 0x3d, 0xeb, 0x3d, 0xeb, 0x3d, 0xeb, 0x3d, 0xeb, 0x3d, 0xeb, 0x3d, 0xeb, 0x3d,
    0xeb, 0x3d, 0xeb, 0x3d, 0xeb, 0x3d, 0xeb, 0x3d, 0xeb, 0x3d, 0xeb, 0x3d, 0xeb, 0x3d, 0xeb, 0x3d,
    0xeb, 0x3d, 0xeb, 0x3d, 0xeb, 0x3d, 0xeb, 0x3d, 0xeb, 0x3d, 0xeb, 0x3d, 0xeb, 0x3d, 0xeb, 0x3d,
    0xeb, 0x3d, 0xeb, 0x3d, 0xeb, 0x3d, 0xeb, 0x3d, 0xeb, 0x3d, 0xeb, 0x3d, 0xeb, 0x3d, 0xeb, 0x3d,
    0xeb, 0x3d, 0xeb, 0x3d, 0xeb, 0x3d, 0xeb, 0x3d, 0xeb, 0x3d, 0xeb, 0x3d, 0xeb, 0x3d, 0xeb, 0x3d,
    0x6a, 0x3d, 0xe1, 0x08, 0x00, 0x00, 0x00, 0x00, 0x00, 0x00, 0x00, 0x00, 0x00, 0x00, 0x00, 0x00,
    0x00, 0x00, 0x00, 0x00, 0x00, 0x00, 0x00, 0x00, 0x00, 0x00, 0x00, 0x00, 0x00, 0x00, 0x00, 0x00,
    0x00, 0x00, 0x00, 0x00, 0x00, 0x00, 0x00, 0x00, 0x00, 0x00, 0x00, 0x00, 0x00, 0x00, 0x00, 0x00,
    0x00, 0x00, 0x00, 0x00, 0x00, 0x00, 0x00, 0x00, 0x00, 0x00, 0x00, 0x00, 0x00, 0x00, 0x00, 0x00,
    0x00, 0x00, 0x00, 0x00, 0x00, 0x00, 0x00, 0x00, 0x00, 0x00, 0x00, 0x00, 0x00, 0x00, 0x00, 0x00,
    0x00, 0x00, 0x00, 0x00, 0x00, 0x00, 0x00, 0x00, 0x00, 0x00, 0xa1, 0x00, 0x4a, 0x3d, 0xeb, 0x3d,
    0xeb, 0x3d, 0xeb, 0x3d, 0xeb, 0x3d, 0xeb, 0x3d, 0xeb, 0x3d, 0xeb, 0x3d, 0xeb, 0x3d, 0xeb, 0x3d,
    0xeb, 0x3d, 0xeb, 0x3d, 0xeb, 0x3d, 0xeb, 0x3d, 0xeb, 0x3d, 0xeb, 0x3d, 0xeb, 0x3d, 0xeb, 0x3d,
    0xeb, 0x3d, 0xeb, 0x3d, 0xeb, 0x3d, 0xeb, 0x3d, 0xeb, 0x3d, 0xeb, 0x3d, 0xeb, 0x3d, 0xeb, 0x3d,
    0xeb, 0x3d, 0xeb, 0x3d, 0xeb, 0x3d, 0xeb, 0x3d, 0xeb, 0x3d, 0xeb, 0x3d, 0xeb, 0x3d, 0xeb, 0x3d,
    0xeb, 0x3d, 0xeb, 0x3d, 0xeb, 0x3d, 0xeb, 0x3d, 0xeb, 0x3d, 0xeb, 0x3d, 0xeb, 0x3d, 0xeb, 0x3d,
    0xeb, 0x3d, 0xeb, 0x3d, 0xeb, 0x3d, 0xeb, 0x3d, 0xeb, 0x3d, 0xeb, 0x3d, 0xeb, 0x3d, 0xeb, 0x3d,
    0xeb, 0x3d, 0xeb, 0x3d, 0xeb, 0x3d, 0xeb, 0x3d, 0xeb, 0x3d, 0xeb, 0x3d, 0xeb, 0x3d, 0xeb, 0x3d,
    0xeb, 0x3d, 0xeb, 0x3d, 0xeb, 0x3d, 0xeb, 0x3d, 0xeb, 0x3d, 0xeb, 0x3d, 0xeb, 0x3d, 0xeb, 0x3d,
    0xeb, 0x3d, 0xeb, 0x3d, 0x42, 0x09, 0x00, 0x00, 0x00, 0x00, 0x00, 0x00, 0x00, 0x00, 0x00, 0x00,
    0x00, 0x00, 0x00, 0x00, 0x00, 0x00, 0x00, 0x00, 0x00, 0x00, 0x00, 0x00, 0x00, 0x00, 0x00, 0x00,
    0x00, 0x00, 0x00, 0x00, 0x00, 0x00, 0x00, 0x00, 0x00, 0x00, 0x42, 0x09, 0xeb, 0x3d, 0xeb, 0x3d,
    0xeb, 0x3d, 0xeb, 0x3d, 0xeb, 0x3d, 0xeb, 0x3d, 0xeb, 0x3d, 0xeb, 0x3d, 0xeb, 0x3d, 0xeb, 0x3d,
    0xeb, 0x3d, 0xeb, 0x3d, 0xeb, 0x3d, 0xeb, 0x3d, 0xeb, 0x3d, 0xeb, 0x3d, 0xeb, 0x3d, 0xeb, 0x3d,
    0xeb, 0x3d, 0xeb, 0x3d, 0xeb, 0x3d, 0xeb, 0x3d, 0xeb, 0x3d, 0xeb, 0x3d, 0xeb, 0x3d, 0xeb, 0x3d,
    0xeb, 0x3d, 0xeb, 0x3d, 0xeb, 0x3d, 0xeb, 0x3d, 0xeb, 0x3d, 0xeb, 0x3d, 0xeb, 0x3d, 0xeb, 0x3d,
    0xeb, 0x3d, 0xeb, 0x3d, 0xeb, 0x3d, 0xeb, 0x3d, 0xeb, 0x3d, 0xeb, 0x3d, 0xeb, 0x3d, 0xeb, 0x3d,
    0xeb, 0x3d, 0xeb, 0x3d, 0xeb, 0x3d, 0xeb, 0x3d, 0xeb, 0x3d, 0xeb, 0x3d, 0xeb, 0x3d, 0xeb, 0x3d,
    0xeb, 0x3d, 0xeb, 0x3d, 0xeb, 0x3d, 0xeb, 0x3d, 0xeb, 0x3d, 0xeb, 0x3d, 0xeb, 0x3d, 0xeb, 0x3d,
    0xeb, 0x3d, 0xeb, 0x3d, 0xeb, 0x3d, 0xeb, 0x3d, 0xeb, 0x3d, 0xeb, 0x3d, 0xeb, 0x3d, 0xeb, 0x3d,
    0xeb, 0x3d, 0x29, 0x35, 0xa1, 0x00, 0x00, 0x00, 0x00, 0x00, 0x00, 0x00, 0x00, 0x00, 0x00, 0x00,
    0x00, 0x00, 0x00, 0x00, 0x00, 0x00, 0x00, 0x00, 0x00, 0x00, 0x00, 0x00, 0x00, 0x00, 0x00, 0x00,
    0x00, 0x00, 0x00, 0x00, 0x00, 0x00, 0x00, 0x00, 0x00, 0x00, 0x00, 0x00, 0x00, 0x00, 0x00, 0x00,
    0x00, 0x00, 0x00, 0x00, 0x00, 0x00, 0x00, 0x00, 0x00, 0x00, 0x00, 0x00, 0x00, 0x00, 0x00, 0x00,
    0x00, 0x00, 0x00, 0x00, 0x00, 0x00, 0x00, 0x00, 0x00, 0x00, 0x00, 0x00, 0x00, 0x00, 0x00, 0x00,
    0x00, 0x00, 0x00, 0x00, 0x00, 0x00, 0x00, 0x00, 0x40, 0x00, 0xa8, 0x34, 0xeb, 0x3d, 0xeb, 0x3d,
    0xeb, 0x3d, 0xeb, 0x3d, 0xeb, 0x3d, 0xeb, 0x3d, 0xeb, 0x3d, 0xeb, 0x3d, 0xeb, 0x3d, 0xeb, 0x3d,
    0xeb, 0x3d, 0xeb, 0x3d, 0xeb, 0x3d, 0xeb, 0x3d, 0xeb, 0x3d, 0xeb, 0x3d, 0xeb, 0x3d, 0xeb, 0x3d,
    0xeb, 0x3d, 0xeb, 0x3d, 0xeb, 0x3d, 0xeb, 0x3d, 0xeb, 0x3d, 0xeb, 0x3d, 0xeb, 0x3d, 0xeb, 0x3d,
    0xeb, 0x3d, 0xeb, 0x3d, 0xeb, 0x3d, 0xeb, 0x3d, 0xeb, 0x3d, 0xeb, 0x3d, 0xeb, 0x3d, 0xeb, 0x3d,
    0xeb, 0x3d, 0xeb, 0x3d, 0xeb, 0x3d, 0xeb, 0x3d, 0xeb, 0x3d, 0xeb, 0x3d, 0xeb, 0x3d, 0xeb, 0x3d,
    0xeb, 0x3d, 0xeb, 0x3d, 0xeb, 0x3d, 0xeb, 0x3d, 0xeb, 0x3d, 0xeb, 0x3d, 0xeb, 0x3d, 0xeb, 0x3d,
    0xeb, 0x3d, 0xeb, 0x3d, 0xeb, 0x3d, 0xeb, 0x3d, 0xeb, 0x3d, 0xeb, 0x3d, 0xeb, 0x3d, 0xeb, 0x3d,
    0xeb, 0x3d, 0xeb, 0x3d, 0xeb, 0x3d, 0xeb, 0x3d, 0xeb, 0x3d, 0xeb, 0x3d, 0xeb, 0x3d, 0xeb, 0x3d,
    0xeb, 0x3d, 0xeb, 0x3d, 0x42, 0x09, 0x00, 0x00, 0x00, 0x00, 0x00, 0x00, 0x00, 0x00, 0x00, 0x00,
    0x00, 0x00, 0x00, 0x00, 0x00, 0x00, 0x00, 0x00, 0x00, 0x00, 0x00, 0x00, 0x00, 0x00, 0x00, 0x00,
    0x00, 0x00, 0x00, 0x00, 0x00, 0x00, 0x00, 0x00, 0x00, 0x00, 0x42, 0x09, 0xeb, 0x3d, 0xeb, 0x3d,
    0xeb, 0x3d, 0xeb, 0x3d, 0xeb, 0x3d, 0xeb, 0x3d, 0xeb, 0x3d, 0xeb, 0x3d, 0xeb, 0x3d, 0xeb, 0x3d,
    0xeb, 0x3d, 0xeb, 0x3d, 0xeb, 0x3d, 0xeb, 0x3d, 0xeb, 0x3d, 0xeb, 0x3d, 0xeb, 0x3d, 0xeb, 0x3d,
    0xeb, 0x3d, 0xeb, 0x3d, 0xeb, 0x3d, 0xeb, 0x3d, 0xeb, 0x3d, 0xeb, 0x3d, 0xeb, 0x3d, 0xeb, 0x3d,
    0xeb, 0x3d, 0xeb, 0x3d, 0xeb, 0x3d, 0xeb, 0x3d, 0xeb, 0x3d, 0xeb, 0x3d, 0xeb, 0x3d, 0xeb, 0x3d,
    0xeb, 0x3d, 0xeb, 0x3d, 0xeb, 0x3d, 0xeb, 0x3d, 0xeb, 0x3d, 0xeb, 0x3d, 0xeb, 0x3d, 0xeb, 0x3d,
    0xeb, 0x3d, 0xeb, 0x3d, 0xeb, 0x3d, 0xeb, 0x3d, 0xeb, 0x3d, 0xeb, 0x3d, 0xeb, 0x3d, 0xeb, 0x3d,
    0xeb, 0x3d, 0xeb, 0x3d, 0xeb, 0x3d, 0xeb, 0x3d, 0xeb, 0x3d, 0xeb, 0x3d, 0xeb, 0x3d, 0xeb, 0x3d,
    0xeb, 0x3d, 0xeb, 0x3d, 0xeb, 0x3d, 0xeb, 0x3d, 0xeb, 0x3d, 0xeb, 0x3d, 0xeb, 0x3d, 0xeb, 0x3d,
    0xeb, 0x3d, 0xeb, 0x3d, 0x88, 0x34, 0x20, 0x00, 0x00, 0x00, 0x00, 0x00, 0x00, 0x00, 0x00, 0x00,
    0x00, 0x00, 0x00, 0x00, 0x00, 0x00, 0x00, 0x00, 0x00, 0x00, 0x00, 0x00, 0x00, 0x00, 0x00, 0x00,
    0x00, 0x00, 0x00, 0x00, 0x00, 0x00, 0x00, 0x00, 0x00, 0x00, 0x00, 0x00, 0x00, 0x00, 0x00, 0x00,
    0x00, 0x00, 0x00, 0x00, 0x00, 0x00, 0x00, 0x00, 0x00, 0x00, 0x00, 0x00, 0x00, 0x00, 0x00, 0x00,
    0x00, 0x00, 0x00, 0x00, 0x00, 0x00, 0x00, 0x00, 0x00, 0x00, 0x00, 0x00, 0x00, 0x00, 0x00, 0x00,
    0x00, 0x00, 0x00, 0x00, 0x00, 0x00, 0x00, 0x00, 0x86, 0x23, 0xeb, 0x3d, 0xeb, 0x3d, 0xeb, 0x3d,
    0xeb, 0x3d, 0xeb, 0x3d, 0xeb, 0x3d, 0xeb, 0x3d, 0xeb, 0x3d, 0xeb, 0x3d, 0xeb, 0x3d, 0xeb, 0x3d,
    0xeb, 0x3d, 0xeb, 0x3d, 0xeb, 0x3d, 0xeb, 0x3d, 0xeb, 0x3d, 0xeb, 0x3d, 0xeb, 0x3d, 0xeb, 0x3d,
    0xeb, 0x3d, 0xeb, 0x3d, 0xeb, 0x3d, 0xeb, 0x3d, 0xeb, 0x3d, 0xeb, 0x3d, 0xeb, 0x3d, 0xeb, 0x3d,
    0xeb, 0x3d, 0xeb, 0x3d, 0xeb, 0x3d, 0xeb, 0x3d, 0xeb, 0x3d, 0xeb, 0x3d, 0xeb, 0x3d, 0xeb, 0x3d,
    0xeb, 0x3d, 0xeb, 0x3d, 0xeb, 0x3d, 0xeb, 0x3d, 0xeb, 0x3d, 0xeb, 0x3d, 0xeb, 0x3d, 0xeb, 0x3d,
    0xeb, 0x3d, 0xeb, 0x3d, 0xeb, 0x3d, 0xeb, 0x3d, 0xeb, 0x3d, 0xeb, 0x3d, 0xeb, 0x3d, 0xeb, 0x3d,
    0xeb, 0x3d, 0xeb, 0x3d, 0xeb, 0x3d, 0xeb, 0x3d, 0xeb, 0x3d, 0xeb, 0x3d, 0xeb, 0x3d, 0xeb, 0x3d,
    0xeb, 0x3d, 0xeb, 0x3d, 0xeb, 0x3d, 0xeb, 0x3d, 0xeb, 0x3d, 0xeb, 0x3d, 0xeb, 0x3d, 0xeb, 0x3d,
    0xeb, 0x3d, 0xeb, 0x3d, 0x42, 0x09, 0x00, 0x00, 0x00, 0x00, 0x00, 0x00, 0x00, 0x00, 0x00, 0x00,
    0x00, 0x00, 0x00, 0x00, 0x00, 0x00, 0x00, 0x00, 0x00, 0x00, 0x00, 0x00, 0x00, 0x00, 0x00, 0x00,
    0x00, 0x00, 0x00, 0x00, 0x00, 0x00, 0x00, 0x00, 0x00, 0x00, 0x42, 0x09, 0xeb, 0x3d, 0xeb, 0x3d,
    0xeb, 0x3d, 0xeb, 0x3d, 0xeb, 0x3d, 0xeb, 0x3d, 0xeb, 0x3d, 0xeb, 0x3d, 0xeb, 0x3d, 0xeb, 0x3d,
    0xeb, 0x3d, 0xeb, 0x3d, 0xeb, 0x3d, 0xeb, 0x3d, 0xeb, 0x3d, 0xeb, 0x3d, 0xeb, 0x3d, 0xeb, 0x3d,
    0xeb, 0x3d, 0xeb, 0x3d, 0xeb, 0x3d, 0xeb, 0x3d, 0xeb, 0x3d, 0xeb, 0x3d, 0xeb, 0x3d, 0xeb, 0x3d,
    0xeb, 0x3d, 0xeb, 0x3d, 0xeb, 0x3d, 0xeb, 0x3d, 0xeb, 0x3d, 0xeb, 0x3d, 0xeb, 0x3d, 0xeb, 0x3d,
    0xeb, 0x3d, 0xeb, 0x3d, 0xeb, 0x3d, 0xeb, 0x3d, 0xeb, 0x3d, 0xeb, 0x3d, 0xeb, 0x3d, 0xeb, 0x3d,
    0xeb, 0x3d, 0xeb, 0x3d, 0xeb, 0x3d, 0xeb, 0x3d, 0xeb, 0x3d, 0xeb, 0x3d, 0xeb, 0x3d, 0xeb, 0x3d,
    0xeb, 0x3d, 0xeb, 0x3d, 0xeb, 0x3d, 0xeb, 0x3d, 0xeb, 0x3d, 0xeb, 0x3d, 0xeb, 0x3d, 0xeb, 0x3d,
    0xeb, 0x3d, 0xeb, 0x3d, 0xeb, 0x3d, 0xeb, 0x3d, 0xeb, 0x3d, 0xeb, 0x3d, 0xeb, 0x3d, 0xeb, 0x3d,
    0xeb, 0x3d, 0xeb, 0x3d, 0xeb, 0x3d, 0x66, 0x23, 0x00, 0x00, 0x00, 0x00, 0x00, 0x00, 0x00, 0x00,
    0x00, 0x00, 0x00, 0x00, 0x00, 0x00, 0x00, 0x00, 0x00, 0x00, 0x00, 0x00, 0x00, 0x00, 0x00, 0x00,
    0x00, 0x00, 0x00, 0x00, 0x00, 0x00, 0x00, 0x00, 0x00, 0x00, 0x00, 0x00, 0x00, 0x00, 0x00, 0x00,
    0x00, 0x00, 0x00, 0x00, 0x00, 0x00, 0x00, 0x00, 0x00, 0x00, 0x00, 0x00, 0x00, 0x00, 0x00, 0x00,
    0x00, 0x00, 0x00, 0x00, 0x00, 0x00, 0x00, 0x00, 0x00, 0x00, 0x00, 0x00, 0x00, 0x00, 0x00, 0x00,
    0x00, 0x00, 0x00, 0x00, 0x00, 0x00, 0x24, 0x12, 0xeb, 0x3d, 0xeb, 0x3d, 0xeb, 0x3d, 0xeb, 0x3d,
    0xeb, 0x3d, 0xeb, 0x3d, 0xeb, 0x3d, 0xeb, 0x3d, 0xeb, 0x3d, 0xeb, 0x3d, 0xeb, 0x3d, 0xeb, 0x3d,
    0xeb, 0x3d, 0xeb, 0x3d, 0xeb, 0x3d, 0xeb, 0x3d, 0xeb, 0x3d, 0xeb, 0x3d, 0xeb, 0x3d, 0xeb, 0x3d,
    0xeb, 0x3d, 0xeb, 0x3d, 0xeb, 0x3d, 0xeb, 0x3d, 0xeb, 0x3d, 0xeb, 0x3d, 0xeb, 0x3d, 0xeb, 0x3d,
    0xeb, 0x3d, 0xeb, 0x3d, 0xeb, 0x3d, 0xeb, 0x3d, 0xeb, 0x3d, 0xeb, 0x3d, 0xeb, 0x3d, 0xeb, 0x3d,
    0xeb, 0x3d, 0xeb, 0x3d, 0xeb, 0x3d, 0xeb, 0x3d, 0xeb, 0x3d, 0xeb, 0x3d, 0xeb, 0x3d, 0xeb, 0x3d,
    0xeb, 0x3d, 0xeb, 0x3d, 0xeb, 0x3d, 0xeb, 0x3d, 0xeb, 0x3d, 0xeb, 0x3d, 0xeb, 0x3d, 0xeb, 0x3d,
    0xeb, 0x3d, 0xeb, 0x3d, 0xeb, 0x3d, 0xeb, 0x3d, 0xeb, 0x3d, 0xeb, 0x3d, 0xeb, 0x3d, 0xeb, 0x3d,
    0xeb, 0x3d, 0xeb, 0x3d, 0xeb, 0x3d, 0xeb, 0x3d, 0xeb, 0x3d, 0xeb, 0x3d, 0xeb, 0x3d, 0xeb, 0x3d,
    0xeb, 0x3d, 0xeb, 0x3d, 0x42, 0x09, 0x00, 0x00, 0x00, 0x00, 0x00, 0x00, 0x00, 0x00, 0x00, 0x00,
    0x00, 0x00, 0x00, 0x00, 0x00, 0x00, 0x00, 0x00, 0x00, 0x00, 0x00, 0x00, 0x00, 0x00, 0x00, 0x00,
    0x00, 0x00, 0x00, 0x00, 0x00, 0x00, 0x00, 0x00, 0x00, 0x00, 0x42, 0x09, 0xeb, 0x3d, 0xeb, 0x3d,
    0xeb, 0x3d, 0xeb, 0x3d, 0xeb, 0x3d, 0xeb, 0x3d, 0xeb, 0x3d, 0xeb, 0x3d, 0xeb, 0x3d, 0xeb, 0x3d,
    0xeb, 0x3d, 0xeb, 0x3d, 0xeb, 0x3d, 0xeb, 0x3d, 0xeb, 0x3d, 0xeb, 0x3d, 0xeb, 0x3d, 0xeb, 0x3d,
    0xeb, 0x3d, 0xeb, 0x3d, 0xeb, 0x3d, 0xeb, 0x3d, 0xeb, 0x3d, 0xeb, 0x3d, 0xeb, 0x3d, 0xeb, 0x3d,
    0xeb, 0x3d, 0xeb, 0x3d, 0xeb, 0x3d, 0xeb, 0x3d, 0xeb, 0x3d, 0xeb, 0x3d, 0xeb, 0x3d, 0xeb, 0x3d,
    0xeb, 0x3d, 0xeb, 0x3d, 0xeb, 0x3d, 0xeb, 0x3d, 0xeb, 0x3d, 0xeb, 0x3d, 0xeb, 0x3d, 0xeb, 0x3d,
    0xeb, 0x3d, 0xeb, 0x3d, 0xeb, 0x3d, 0xeb, 0x3d, 0xeb, 0x3d, 0xeb, 0x3d, 0xeb, 0x3d, 0xeb, 0x3d,
    0xeb, 0x3d, 0xeb, 0x3d, 0xeb, 0x3d, 0xeb, 0x3d, 0xeb, 0x3d, 0xeb, 0x3d, 0xeb, 0x3d, 0xeb, 0x3d,
    0xeb, 0x3d, 0xeb, 0x3d, 0xeb, 0x3d, 0xeb, 0x3d, 0xeb, 0x3d, 0xeb, 0x3d, 0xeb, 0x3d, 0xeb, 0x3d,
    0xeb, 0x3d, 0xeb, 0x3d, 0xeb, 0x3d, 0xeb, 0x3d, 0xc3, 0x11, 0x00, 0x00, 0x00, 0x00, 0x00, 0x00,
    0x00, 0x00, 0x00, 0x00, 0x00, 0x00, 0x00, 0x00, 0x00, 0x00, 0x00, 0x00, 0x00, 0x00, 0x00, 0x00,
    0x00, 0x00, 0x00, 0x00, 0x00, 0x00, 0x00, 0x00, 0x00, 0x00, 0x00, 0x00, 0x00, 0x00, 0x00, 0x00,
    0x00, 0x00, 0x00, 0x00, 0x00, 0x00, 0x00, 0x00, 0x00, 0x00, 0x00, 0x00, 0x00, 0x00, 0x00, 0x00,
    0x00, 0x00, 0x00, 0x00, 0x00, 0x00, 0x00, 0x00, 0x00, 0x00, 0x00, 0x00, 0x00, 0x00, 0x00, 0x00,
    0x00, 0x00, 0x00, 0x00, 0xa1, 0x00, 0x8a, 0x3d, 0xeb, 0x3d, 0xeb, 0x3d, 0xeb, 0x3d, 0xeb, 0x3d,
    0xeb, 0x3d, 0xeb, 0x3d, 0xeb, 0x3d, 0xeb, 0x3d, 0xeb, 0x3d, 0xeb, 0x3d, 0xeb, 0x3d, 0xeb, 0x3d,
    0xeb, 0x3d, 0xeb, 0x3d, 0xeb, 0x3d, 0xeb, 0x3d, 0xeb, 0x3d, 0xeb, 0x3d, 0xeb, 0x3d, 0xeb, 0x3d,
    0xeb, 0x3d, 0xeb, 0x3d, 0xeb, 0x3d, 0xeb, 0x3d, 0xeb, 0x3d, 0xeb, 0x3d, 0xeb, 0x3d, 0xeb, 0x3d,
    0xeb, 0x3d, 0xeb, 0x3d, 0xeb, 0x3d, 0xeb, 0x3d, 0xeb, 0x3d, 0xeb, 0x3d, 0xeb, 0x3d, 0xeb, 0x3d,
    0xeb, 0x3d, 0xeb, 0x3d, 0xeb, 0x3d, 0xeb, 0x3d, 0xeb, 0x3d, 0xeb, 0x3d, 0xeb, 0x3d, 0xeb, 0x3d,
    0xeb, 0x3d, 0xeb, 0x3d, 0xeb, 0x3d, 0xeb, 0x3d, 0xeb, 0x3d, 0xeb, 0x3d, 0xeb, 0x3d, 0xeb, 0x3d,
    0xeb, 0x3d, 0xeb, 0x3d, 0xeb, 0x3d, 0xeb, 0x3d, 0xeb, 0x3d, 0xeb, 0x3d, 0xeb, 0x3d, 0xeb, 0x3d,
    0xeb, 0x3d, 0xeb, 0x3d, 0xeb, 0x3d, 0xeb, 0x3d, 0xeb, 0x3d, 0xeb, 0x3d, 0xeb, 0x3d, 0xeb, 0x3d,
    0xeb, 0x3d, 0xeb, 0x3d, 0x42, 0x09, 0x00, 0x00, 0x00, 0x00, 0x00, 0x00, 0x00, 0x00, 0x00, 0x00,
    0x00, 0x00, 0x00, 0x00, 0x00, 0x00, 0x00, 0x00, 0x00, 0x00, 0x00, 0x00, 0x00, 0x00, 0x00, 0x00,
    0x00, 0x00, 0x00, 0x00, 0x00, 0x00, 0x00, 0x00, 0x00, 0x00, 0x42, 0x09, 0xeb, 0x3d, 0xeb, 0x3d,
    0xeb, 0x3d, 0xeb, 0x3d, 0xeb, 0x3d, 0xeb, 0x3d, 0xeb, 0x3d, 0xeb, 0x3d, 0xeb, 0x3d, 0xeb, 0x3d,
    0xeb, 0x3d, 0xeb, 0x3d, 0xeb, 0x3d, 0xeb, 0x3d, 0xeb, 0x3d, 0xeb, 0x3d, 0xeb, 0x3d, 0xeb, 0x3d,
    0xeb, 0x3d, 0xeb, 0x3d, 0xeb, 0x3d, 0xeb, 0x3d, 0xeb, 0x3d, 0xeb, 0x3d, 0xeb, 0x3d, 0xeb, 0x3d,
    0xeb, 0x3d, 0xeb, 0x3d, 0xeb, 0x3d, 0xeb, 0x3d, 0xeb, 0x3d, 0xeb, 0x3d, 0xeb, 0x3d, 0xeb, 0x3d,
    0xeb, 0x3d, 0xeb, 0x3d, 0xeb, 0x3d, 0xeb, 0x3d, 0xeb, 0x3d, 0xeb, 0x3d, 0xeb, 0x3d, 0xeb, 0x3d,
    0xeb, 0x3d, 0xeb, 0x3d, 0xeb, 0x3d, 0xeb, 0x3d, 0xeb, 0x3d, 0xeb, 0x3d, 0xeb, 0x3d, 0xeb, 0x3d,
    0xeb, 0x3d, 0xeb, 0x3d, 0xeb, 0x3d, 0xeb, 0x3d, 0xeb, 0x3d, 0xeb, 0x3d, 0xeb, 0x3d, 0xeb, 0x3d,
    0xeb, 0x3d, 0xeb, 0x3d, 0xeb, 0x3d, 0xeb, 0x3d, 0xeb, 0x3d, 0xeb, 0x3d, 0xeb, 0x3d, 0xeb, 0x3d,
    0xeb, 0x3d, 0xeb, 0x3d, 0xeb, 0x3d, 0xeb, 0x3d, 0x6a, 0x3d, 0x81, 0x00, 0x00, 0x00, 0x00, 0x00,
    0x00, 0x00, 0x00, 0x00, 0x00, 0x00, 0x00, 0x00, 0x00, 0x00, 0x00, 0x00, 0x00, 0x00, 0x00, 0x00,
    0x00, 0x00, 0x00, 0x00, 0x00, 0x00, 0x00, 0x00, 0x00, 0x00, 0x00, 0x00, 0x00, 0x00, 0x00, 0x00,
    0x00, 0x00, 0x00, 0x00, 0x00, 0x00, 0x00, 0x00, 0x00, 0x00, 0x00, 0x00, 0x00, 0x00, 0x00, 0x00,
    0x00, 0x00, 0x00, 0x00, 0x00, 0x00, 0x00, 0x00, 0x00, 0x00, 0x00, 0x00, 0x00, 0x00, 0x00, 0x00,
    0x00, 0x00, 0x00, 0x00, 0x07, 0x2c, 0xeb, 0x3d, 0xeb, 0x3d, 0xeb, 0x3d, 0xeb, 0x3d, 0xeb, 0x3d,
    0xeb, 0x3d, 0xeb, 0x3d, 0xeb, 0x3d, 0xeb, 0x3d, 0xeb, 0x3d, 0xeb, 0x3d, 0xeb, 0x3d, 0xeb, 0x3d,
    0xeb, 0x3d, 0xeb, 0x3d, 0xeb, 0x3d, 0xeb, 0x3d, 0xeb, 0x3d, 0xeb, 0x3d, 0xeb, 0x3d, 0xeb, 0x3d,
    0xeb, 0x3d, 0xeb, 0x3d, 0xeb, 0x3d, 0xeb, 0x3d, 0xeb, 0x3d, 0xeb, 0x3d, 0xeb, 0x3d, 0xeb, 0x3d,
    0xeb, 0x3d, 0xeb, 0x3d, 0xeb, 0x3d, 0xeb, 0x3d, 0xeb, 0x3d, 0xeb, 0x3d, 0xeb, 0x3d, 0xeb, 0x3d,
    0xeb, 0x3d, 0xeb, 0x3d, 0xeb, 0x3d, 0xeb, 0x3d, 0xeb, 0x3d, 0xeb, 0x3d, 0xeb, 0x3d, 0xeb, 0x3d,
    0xeb, 0x3d, 0xeb, 0x3d, 0xeb, 0x3d, 0xeb, 0x3d, 0xeb, 0x3d, 0xeb, 0x3d, 0xeb, 0x3d, 0xeb, 0x3d,
    0xeb, 0x3d, 0xeb, 0x3d, 0xeb, 0x3d, 0xeb, 0x3d, 0xeb, 0x3d, 0xeb, 0x3d, 0xeb, 0x3d, 0xeb, 0x3d,
    0xeb, 0x3d, 0xeb, 0x3d, 0xeb, 0x3d, 0xeb, 0x3d, 0xeb, 0x3d, 0xeb, 0x3d, 0xeb, 0x3d, 0xeb, 0x3d,
    0xeb, 0x3d, 0xeb, 0x3d, 0x42, 0x09, 0x00, 0x00, 0x00, 0x00, 0x00, 0x00, 0x00, 0x00, 0x00, 0x00,
    0x00, 0x00, 0x00, 0x00, 0x00, 0x00, 0x00, 0x00, 0x00, 0x00, 0x00, 0x00, 0x00, 0x00, 0x00, 0x00,
    0x00, 0x00, 0x00, 0x00, 0x00, 0x00, 0x00, 0x00, 0x00, 0x00, 0x42, 0x09, 0xeb, 0x3d, 0xeb, 0x3d,
    0xeb, 0x3d, 0xeb, 0x3d, 0xeb, 0x3d, 0xeb, 0x3d, 0xeb, 0x3d, 0xeb, 0x3d, 0xeb, 0x3d, 0xeb, 0x3d,
    0xeb, 0x3d, 0xeb, 0x3d, 0xeb, 0x3d, 0xeb, 0x3d, 0xeb, 0x3d, 0xeb, 0x3d, 0xeb, 0x3d, 0xeb, 0x3d,
    0xeb, 0x3d, 0xeb, 0x3d, 0xeb, 0x3d, 0xeb, 0x3d, 0xeb, 0x3d, 0xeb, 0x3d, 0xeb, 0x3d, 0xeb, 0x3d,
    0xeb, 0x3d, 0xeb, 0x3d, 0xeb, 0x3d, 0xeb, 0x3d, 0xeb, 0x3d, 0xeb, 0x3d, 0xeb, 0x3d, 0xeb, 0x3d,
    0xeb, 0x3d, 0xeb, 0x3d, 0xeb, 0x3d, 0xeb, 0x3d, 0xeb, 0x3d, 0xeb, 0x3d, 0xeb, 0x3d, 0xeb, 0x3d,
    0xeb, 0x3d, 0xeb, 0x3d, 0xeb, 0x3d, 0xeb, 0x3d, 0xeb, 0x3d, 0xeb, 0x3d, 0xeb, 0x3d, 0xeb, 0x3d,
    0xeb, 0x3d, 0xeb, 0x3d, 0xeb, 0x3d, 0xeb, 0x3d, 0xeb, 0x3d, 0xeb, 0x3d, 0xeb, 0x3d, 0xeb, 0x3d,
    0xeb, 0x3d, 0xeb, 0x3d, 0xeb, 0x3d, 0xeb, 0x3d, 0xeb, 0x3d, 0xeb, 0x3d, 0xeb, 0x3d, 0xeb, 0x3d,
    0xeb, 0x3d, 0xeb, 0x3d, 0xeb, 0x3d, 0xeb, 0x3d, 0xeb, 0x3d, 0xa7, 0x23, 0x00, 0x00, 0x00, 0x00,
    0x00, 0x00, 0x00, 0x00, 0x00, 0x00, 0x00, 0x00, 0x00, 0x00, 0x00, 0x00, 0x00, 0x00, 0x00, 0x00,
    0x00, 0x00, 0x00, 0x00, 0x00, 0x00, 0x00, 0x00, 0x00, 0x00, 0x00, 0x00, 0x00, 0x00, 0x00, 0x00,
    0x00, 0x00, 0x00, 0x00, 0x00, 0x00, 0x00, 0x00, 0x00, 0x00, 0x00, 0x00, 0x00, 0x00, 0x00, 0x00,
    0x00, 0x00, 0x00, 0x00, 0x00, 0x00, 0x00, 0x00, 0x00, 0x00, 0x00, 0x00, 0x00, 0x00, 0x00, 0x00,
    0x00, 0x00, 0xa3, 0x11, 0xeb, 0x3d, 0xeb, 0x3d, 0xeb, 0x3d, 0xeb, 0x3d, 0xeb, 0x3d, 0xeb, 0x3d,
    0xeb, 0x3d, 0xeb, 0x3d, 0xeb, 0x3d, 0xeb, 0x3d, 0xeb, 0x3d, 0xeb, 0x3d, 0xeb, 0x3d, 0xeb, 0x3d,
    0xeb, 0x3d, 0xeb, 0x3d, 0xeb, 0x3d, 0xeb, 0x3d, 0xeb, 0x3d, 0xeb, 0x3d, 0xeb, 0x3d, 0xeb, 0x3d,
    0xeb, 0x3d, 0xeb, 0x3d, 0xeb, 0x3d, 0xeb, 0x3d, 0xeb, 0x3d, 0xeb, 0x3d, 0xeb, 0x3d, 0xeb, 0x3d,
    0xeb, 0x3d, 0xeb, 0x3d, 0xeb, 0x3d, 0xeb, 0x3d, 0xeb, 0x3d, 0xeb, 0x3d, 0xeb, 0x3d, 0xeb, 0x3d,
    0xeb, 0x3d, 0xeb, 0x3d, 0xeb, 0x3d, 0xeb, 0x3d, 0xeb, 0x3d, 0xeb, 0x3d, 0xeb, 0x3d, 0xeb, 0x3d,
    0xeb, 0x3d, 0xeb, 0x3d, 0xeb, 0x3d, 0xeb, 0x3d, 0xeb, 0x3d, 0xeb, 0x3d, 0xeb, 0x3d, 0xeb, 0x3d,
    0xeb, 0x3d, 0xeb, 0x3d, 0xeb, 0x3d, 0xeb, 0x3d, 0xeb, 0x3d, 0xeb, 0x3d, 0xeb, 0x3d, 0xeb, 0x3d,
    0xeb, 0x3d, 0xeb, 0x3d, 0xeb, 0x3d, 0xeb, 0x3d, 0xeb, 0x3d, 0xeb, 0x3d, 0xeb, 0x3d, 0xeb, 0x3d,
    0xeb, 0x3d, 0xeb, 0x3d, 0x42, 0x09, 0x00, 0x00, 0x00, 0x00, 0x00, 0x00, 0x00, 0x00, 0x00, 0x00,
    0x00, 0x00, 0x00, 0x00, 0x00, 0x00, 0x00, 0x00, 0x00, 0x00, 0x00, 0x00, 0x00, 0x00, 0x00, 0x00,
    0x00, 0x00, 0x00, 0x00, 0x00, 0x00, 0x00, 0x00, 0x00, 0x00, 0x42, 0x09, 0xeb, 0x3d, 0xeb, 0x3d,
    0xeb, 0x3d, 0xeb, 0x3d, 0xeb, 0x3d, 0xeb, 0x3d, 0xeb, 0x3d, 0xeb, 0x3d, 0xeb, 0x3d, 0xeb, 0x3d,
    0xeb, 0x3d, 0xeb, 0x3d, 0xeb, 0x3d, 0xeb, 0x3d, 0xeb, 0x3d, 0xeb, 0x3d, 0xeb, 0x3d, 0xeb, 0x3d,
    0xeb, 0x3d, 0xeb, 0x3d, 0xeb, 0x3d, 0xeb, 0x3d, 0xeb, 0x3d, 0xeb, 0x3d, 0xeb, 0x3d, 0xeb, 0x3d,
    0xeb, 0x3d, 0xeb, 0x3d, 0xeb, 0x3d, 0xeb, 0x3d, 0xeb, 0x3d, 0xeb, 0x3d, 0xeb, 0x3d, 0xeb, 0x3d,
    0xeb, 0x3d, 0xeb, 0x3d, 0xeb, 0x3d, 0xeb, 0x3d, 0xeb, 0x3d, 0xeb, 0x3d, 0xeb, 0x3d, 0xeb, 0x3d,
    0xeb, 0x3d, 0xeb, 0x3d, 0xeb, 0x3d, 0xeb, 0x3d, 0xeb, 0x3d, 0xeb, 0x3d, 0xeb, 0x3d, 0xeb, 0x3d,
    0xeb, 0x3d, 0xeb, 0x3d, 0xeb, 0x3d, 0xeb, 0x3d, 0xeb, 0x3d, 0xeb, 0x3d, 0xeb, 0x3d, 0xeb, 0x3d,
    0xeb, 0x3d, 0xeb, 0x3d, 0xeb, 0x3d, 0xeb, 0x3d, 0xeb, 0x3d, 0xeb, 0x3d, 0xeb, 0x3d, 0xeb, 0x3d,
    0xeb, 0x3d, 0xeb, 0x3d, 0xeb, 0x3d, 0xeb, 0x3d, 0xeb, 0x3d, 0xeb, 0x3d, 0x62, 0x09, 0x00, 0x00,
    0x00, 0x00, 0x00, 0x00, 0x00, 0x00, 0x00, 0x00, 0x00, 0x00, 0x00, 0x00, 0x00, 0x00, 0x00, 0x00,
    0x00, 0x00, 0x00, 0x00, 0x00, 0x00, 0x00, 0x00, 0x00, 0x00, 0x00, 0x00, 0x00, 0x00, 0x00, 0x00,
    0x00, 0x00, 0x00, 0x00, 0x00, 0x00, 0x00, 0x00, 0x00, 0x00, 0x00, 0x00, 0x00, 0x00, 0x00, 0x00,
    0x00, 0x00, 0x00, 0x00, 0x00, 0x00, 0x00, 0x00, 0x00, 0x00, 0x00, 0x00, 0x00, 0x00, 0x00, 0x00,
    0x00, 0x00, 0xc9, 0x34, 0xeb, 0x3d, 0xeb, 0x3d, 0xeb, 0x3d, 0xeb, 0x3d, 0xeb, 0x3d, 0xeb, 0x3d,
    0xeb, 0x3d, 0xeb, 0x3d, 0xeb, 0x3d, 0xeb, 0x3d, 0xeb, 0x3d, 0xeb, 0x3d, 0xeb, 0x3d, 0xeb, 0x3d,
    0xeb, 0x3d, 0xeb, 0x3d, 0xeb, 0x3d, 0xeb, 0x3d, 0xeb, 0x3d, 0xeb, 0x3d, 0xeb, 0x3d, 0xeb, 0x3d,
    0xeb, 0x3d, 0xeb, 0x3d, 0xeb, 0x3d, 0xeb, 0x3d, 0xeb, 0x3d, 0xeb, 0x3d, 0xeb, 0x3d, 0xeb, 0x3d,
    0xeb, 0x3d, 0xeb, 0x3d, 0xeb, 0x3d, 0xeb, 0x3d, 0xeb, 0x3d, 0xeb, 0x3d, 0xeb, 0x3d, 0xeb, 0x3d,
    0xeb, 0x3d, 0xeb, 0x3d, 0xeb, 0x3d, 0xeb, 0x3d, 0xeb, 0x3d, 0xeb, 0x3d, 0xeb, 0x3d, 0xeb, 0x3d,
    0xeb, 0x3d, 0xeb, 0x3d, 0xeb, 0x3d, 0xeb, 0x3d, 0xeb, 0x3d, 0xeb, 0x3d, 0xeb, 0x3d, 0xeb, 0x3d,
    0xeb, 0x3d, 0xeb, 0x3d, 0xeb, 0x3d, 0xeb, 0x3d, 0xeb, 0x3d, 0xeb, 0x3d, 0xeb, 0x3d, 0xeb, 0x3d,
    0xeb, 0x3d, 0xeb, 0x3d, 0xeb, 0x3d, 0xeb, 0x3d, 0xeb, 0x3d, 0xeb, 0x3d, 0xeb, 0x3d, 0xeb, 0x3d,
    0xeb, 0x3d, 0xeb, 0x3d, 0x42, 0x09, 0x00, 0x00, 0x00, 0x00, 0x00, 0x00, 0x00, 0x00, 0x00, 0x00,
    0x00, 0x00, 0x00, 0x00, 0x00, 0x00, 0x00, 0x00, 0x00, 0x00, 0x00, 0x00, 0x00, 0x00, 0x00, 0x00,
    0x00, 0x00, 0x00, 0x00, 0x00, 0x00, 0x00, 0x00, 0x00, 0x00, 0x42, 0x09, 0xeb, 0x3d, 0xeb, 0x3d,
    0xeb, 0x3d, 0xeb, 0x3d, 0xeb, 0x3d, 0xeb, 0x3d, 0xeb, 0x3d, 0xeb, 0x3d, 0xeb, 0x3d, 0xeb, 0x3d,
    0xeb, 0x3d, 0xeb, 0x3d, 0xeb, 0x3d, 0xeb, 0x3d, 0xeb, 0x3d, 0xeb, 0x3d, 0xeb, 0x3d, 0xeb, 0x3d,
    0xeb, 0x3d, 0xeb, 0x3d, 0xeb, 0x3d, 0xeb, 0x3d, 0xeb, 0x3d, 0xeb, 0x3d, 0xeb, 0x3d, 0xeb, 0x3d,
    0xeb, 0x3d, 0xeb, 0x3d, 0xeb, 0x3d, 0xeb, 0x3d, 0xeb, 0x3d, 0xeb, 0x3d, 0xeb, 0x3d, 0xeb, 0x3d,
    0xeb, 0x3d, 0xeb, 0x3d, 0xeb, 0x3d, 0xeb, 0x3d, 0xeb, 0x3d, 0xeb, 0x3d, 0xeb, 0x3d, 0xeb, 0x3d,
    0xeb, 0x3d, 0xeb, 0x3d, 0xeb, 0x3d, 0xeb, 0x3d, 0xeb, 0x3d, 0xeb, 0x3d, 0xeb, 0x3d, 0xeb, 0x3d,
    0xeb, 0x3d, 0xeb, 0x3d, 0xeb, 0x3d, 0xeb, 0x3d, 0xeb, 0x3d, 0xeb, 0x3d, 0xeb, 0x3d, 0xeb, 0x3d,
    0xeb, 0x3d, 0xeb, 0x3d, 0xeb, 0x3d, 0xeb, 0x3d, 0xeb, 0x3d, 0xeb, 0x3d, 0xeb, 0x3d, 0xeb, 0x3d,
    0xeb, 0x3d, 0xeb, 0x3d, 0xeb, 0x3d, 0xeb, 0x3d, 0xeb, 0x3d, 0xeb, 0x3d, 0x88, 0x34, 0x00, 0x00,
    0x00, 0x00, 0x00, 0x00, 0x00, 0x00, 0x00, 0x00, 0x00, 0x00, 0x00, 0x00, 0x00, 0x00, 0x00, 0x00,
    0x00, 0x00, 0x00, 0x00, 0x00, 0x00, 0x00, 0x00, 0x00, 0x00, 0x00, 0x00, 0x00, 0x00, 0x00, 0x00,
    0x00, 0x00, 0x00, 0x00, 0x00, 0x00, 0x00, 0x00, 0x00, 0x00, 0x00, 0x00, 0x00, 0x00, 0x00, 0x00,
    0x00, 0x00, 0x00, 0x00, 0x00, 0x00, 0x00, 0x00, 0x00, 0x00, 0x00, 0x00, 0x00, 0x00, 0x00, 0x00,
    0x03, 0x12, 0xeb, 0x3d, 0xeb, 0x3d, 0xeb, 0x3d, 0xeb, 0x3d, 0xeb, 0x3d, 0xeb, 0x3d, 0xeb, 0x3d,
    0xeb, 0x3d, 0xeb, 0x3d, 0xeb, 0x3d, 0xeb, 0x3d, 0xeb, 0x3d, 0xeb, 0x3d, 0xeb, 0x3d, 0xeb, 0x3d,
    0xeb, 0x3d, 0xeb, 0x3d, 0xeb, 0x3d, 0xeb, 0x3d, 0xeb, 0x3d, 0xeb, 0x3d, 0xeb, 0x3d, 0xeb, 0x3d,
    0xeb, 0x3d, 0xeb, 0x3d, 0xeb, 0x3d, 0xeb, 0x3d, 0xeb, 0x3d, 0xeb, 0x3d, 0xeb, 0x3d, 0xeb, 0x3d,
    0xeb, 0x3d, 0xeb, 0x3d, 0xeb, 0x3d, 0xeb, 0x3d, 0xeb, 0x3d, 0xeb, 0x3d, 0xeb, 0x3d, 0xeb, 0x3d,
    0xeb, 0x3d, 0xeb, 0x3d, 0xeb, 0x3d, 0xeb, 0x3d, 0xeb, 0x3d, 0xeb, 0x3d, 0xeb, 0x3d, 0xeb, 0x3d,
    0xeb, 0x3d, 0xeb, 0x3d, 0xeb, 0x3d, 0xeb, 0x3d, 0xeb, 0x3d, 0xeb, 0x3d, 0xeb, 0x3d, 0xeb, 0x3d,
    0xeb, 0x3d, 0xeb, 0x3d, 0xeb, 0x3d, 0xeb, 0x3d, 0xeb, 0x3d, 0xeb, 0x3d, 0xeb, 0x3d, 0xeb, 0x3d,
    0xeb, 0x3d, 0xeb, 0x3d, 0xeb, 0x3d, 0xeb, 0x3d, 0xeb, 0x3d, 0xeb, 0x3d, 0xeb, 0x3d, 0xeb, 0x3d,
    0xeb, 0x3d, 0xeb, 0x3d, 0x42, 0x09, 0x00, 0x00, 0x00, 0x00, 0x00, 0x00, 0x00, 0x00, 0x00, 0x00,
    0x00, 0x00, 0x00, 0x00, 0x00, 0x00, 0x00, 0x00, 0x00, 0x00, 0x00, 0x00, 0x00, 0x00, 0x00, 0x00,
    0x00, 0x00, 0x00, 0x00, 0x00, 0x00, 0x00, 0x00, 0x00, 0x00, 0x42, 0x09, 0xeb, 0x3d, 0xeb, 0x3d,
    0xeb, 0x3d, 0xeb, 0x3d, 0xeb, 0x3d, 0xeb, 0x3d, 0xeb, 0x3d, 0xeb, 0x3d, 0xeb, 0x3d, 0xeb, 0x3d,
    0xeb, 0x3d, 0xeb, 0x3d, 0xeb, 0x3d, 0xeb, 0x3d, 0xeb, 0x3d, 0xeb, 0x3d, 0xeb, 0x3d, 0xeb, 0x3d,
    0xeb, 0x3d, 0xeb, 0x3d, 0xeb, 0x3d, 0xeb, 0x3d, 0xeb, 0x3d, 0xeb, 0x3d, 0xeb, 0x3d, 0xeb, 0x3d,
    0xeb, 0x3d, 0xeb, 0x3d, 0xeb, 0x3d, 0xeb, 0x3d, 0xeb, 0x3d, 0xeb, 0x3d, 0xeb, 0x3d, 0xeb, 0x3d,
    0xeb, 0x3d, 0xeb, 0x3d, 0xeb, 0x3d, 0xeb, 0x3d, 0xeb, 0x3d, 0xeb, 0x3d, 0xeb, 0x3d, 0xeb, 0x3d,
    0xeb, 0x3d, 0xeb, 0x3d, 0xeb, 0x3d, 0xeb, 0x3d, 0xeb, 0x3d, 0xeb, 0x3d, 0xeb, 0x3d, 0xeb, 0x3d,
    0xeb, 0x3d, 0xeb, 0x3d, 0xeb, 0x3d, 0xeb, 0x3d, 0xeb, 0x3d, 0xeb, 0x3d, 0xeb, 0x3d, 0xeb, 0x3d,
    0xeb, 0x3d, 0xeb, 0x3d, 0xeb, 0x3d, 0xeb, 0x3d, 0xeb, 0x3d, 0xeb, 0x3d, 0xeb, 0x3d, 0xeb, 0x3d,
    0xeb, 0x3d, 0xeb, 0x3d, 0xeb, 0x3d, 0xeb, 0x3d, 0xeb, 0x3d, 0xeb, 0x3d, 0xeb, 0x3d, 0xc3, 0x11,
    0x00, 0x00, 0x00, 0x00, 0x00, 0x00, 0x00, 0x00, 0x00, 0x00, 0x00, 0x00, 0x00, 0x00, 0x00, 0x00,
    0x00, 0x00, 0x00, 0x00, 0x00, 0x00, 0x00, 0x00, 0x00, 0x00, 0x00, 0x00, 0x00, 0x00, 0x00, 0x00,
    0x00, 0x00, 0x00, 0x00, 0x00, 0x00, 0x00, 0x00, 0x00, 0x00, 0x00, 0x00, 0x00, 0x00, 0x00, 0x00,
    0x00, 0x00, 0x00, 0x00, 0x00, 0x00, 0x00, 0x00, 0x00, 0x00, 0x00, 0x00, 0x00, 0x00, 0x00, 0x00,
    0xc9, 0x34, 0xeb, 0x3d, 0xeb, 0x3d, 0xeb, 0x3d, 0xeb, 0x3d, 0xeb, 0x3d, 0xeb, 0x3d, 0xeb, 0x3d,
    0xeb, 0x3d, 0xeb, 0x3d, 0xeb, 0x3d, 0xeb, 0x3d, 0xeb, 0x3d, 0xeb, 0x3d, 0xeb, 0x3d, 0xeb, 0x3d,
    0xeb, 0x3d, 0xeb, 0x3d, 0xeb, 0x3d, 0xeb, 0x3d, 0xeb, 0x3d, 0xeb, 0x3d, 0xeb, 0x3d, 0xeb, 0x3d,
    0xeb, 0x3d, 0xeb, 0x3d, 0xeb, 0x3d, 0xeb, 0x3d, 0xeb, 0x3d, 0xeb, 0x3d, 0xeb, 0x3d, 0xeb, 0x3d,
    0xeb, 0x3d, 0xeb, 0x3d, 0xeb, 0x3d, 0xeb, 0x3d, 0xeb, 0x3d, 0xeb, 0x3d, 0xeb, 0x3d, 0xeb, 0x3d,
    0xeb, 0x3d, 0xeb, 0x3d, 0xeb, 0x3d, 0xeb, 0x3d, 0xeb, 0x3d, 0xeb, 0x3d, 0xeb, 0x3d, 0xeb, 0x3d,
    0xeb, 0x3d, 0xeb, 0x3d, 0xeb, 0x3d, 0xeb, 0x3d, 0xeb, 0x3d, 0xeb, 0x3d, 0xeb, 0x3d, 0xeb, 0x3d,
    0xeb, 0x3d, 0xeb, 0x3d, 0xeb, 0x3d, 0xeb, 0x3d, 0xeb, 0x3d, 0xeb, 0x3d, 0xeb, 0x3d, 0xeb, 0x3d,
    0xeb, 0x3d, 0xeb, 0x3d, 0xeb, 0x3d, 0xeb, 0x3d, 0xeb, 0x3d, 0xeb, 0x3d, 0xeb, 0x3d, 0xeb, 0x3d,
    0xeb, 0x3d, 0xeb, 0x3d, 0x42, 0x09, 0x00, 0x00, 0x00, 0x00, 0x00, 0x00, 0x00, 0x00, 0x00, 0x00,
    0x00, 0x00, 0x00, 0x00, 0x00, 0x00, 0x00, 0x00, 0x00, 0x00, 0x00, 0x00, 0x00, 0x00, 0x00, 0x00,
    0x00, 0x00, 0x00, 0x00, 0x00, 0x00, 0x00, 0x00, 0x00, 0x00, 0x42, 0x09, 0xeb, 0x3d, 0xeb, 0x3d,
    0xeb, 0x3d, 0xeb, 0x3d, 0xeb, 0x3d, 0xeb, 0x3d, 0xeb, 0x3d, 0xeb, 0x3d, 0xeb, 0x3d, 0xeb, 0x3d,
    0xeb, 0x3d, 0xeb, 0x3d, 0xeb, 0x3d, 0xeb, 0x3d, 0xeb, 0x3d, 0xeb, 0x3d, 0xeb, 0x3d, 0xeb, 0x3d,
    0xeb, 0x3d, 0xeb, 0x3d, 0xeb, 0x3d, 0xeb, 0x3d, 0xeb, 0x3d, 0xeb, 0x3d, 0xeb, 0x3d, 0xeb, 0x3d,
    0xeb, 0x3d, 0xeb, 0x3d, 0xeb, 0x3d, 0xeb, 0x3d, 0xeb, 0x3d, 0xeb, 0x3d, 0xeb, 0x3d, 0xeb, 0x3d,
    0xeb, 0x3d, 0xeb, 0x3d, 0xeb, 0x3d, 0xeb, 0x3d, 0xeb, 0x3d, 0xeb, 0x3d, 0xeb, 0x3d, 0xeb, 0x3d,
    0xeb, 0x3d, 0xeb, 0x3d, 0xeb, 0x3d, 0xeb, 0x3d, 0xeb, 0x3d, 0xeb, 0x3d, 0xeb, 0x3d, 0xeb, 0x3d,
    0xeb, 0x3d, 0xeb, 0x3d, 0xeb, 0x3d, 0xeb, 0x3d, 0xeb, 0x3d, 0xeb, 0x3d, 0xeb, 0x3d, 0xeb, 0x3d,
    0xeb, 0x3d, 0xeb, 0x3d, 0xeb, 0x3d, 0xeb, 0x3d, 0xeb, 0x3d, 0xeb, 0x3d, 0xeb, 0x3d, 0xeb, 0x3d,
    0xeb, 0x3d, 0xeb, 0x3d, 0xeb, 0x3d, 0xeb, 0x3d, 0xeb, 0x3d, 0xeb, 0x3d, 0xeb, 0x3d, 0x88, 0x34,
    0x00, 0x00, 0x00, 0x00, 0x00, 0x00, 0x00, 0x00, 0x00, 0x00, 0x00, 0x00, 0x00, 0x00, 0x00, 0x00,
    0x00, 0x00, 0x00, 0x00, 0x00, 0x00, 0x00, 0x00, 0x00, 0x00, 0x00, 0x00, 0x00, 0x00, 0x00, 0x00,
    0x00, 0x00, 0x00, 0x00, 0x00, 0x00, 0x00, 0x00, 0x00, 0x00, 0x00, 0x00, 0x00, 0x00, 0x00, 0x00,
    0x00, 0x00, 0x00, 0x00, 0x00, 0x00, 0x00, 0x00, 0x00, 0x00, 0x00, 0x00, 0x00, 0x00, 0x83, 0x11,
    0xeb, 0x3d, 0xeb, 0x3d, 0xeb, 0x3d, 0xeb, 0x3d, 0xeb, 0x3d, 0xeb, 0x3d, 0xeb, 0x3d, 0xeb, 0x3d,
    0xeb, 0x3d, 0xeb, 0x3d, 0xeb, 0x3d, 0xeb, 0x3d, 0xeb, 0x3d, 0xeb, 0x3d, 0xeb, 0x3d, 0xeb, 0x3d,
    0xeb, 0x3d, 0xeb, 0x3d, 0xeb, 0x3d, 0xeb, 0x3d, 0xeb, 0x3d, 0xeb, 0x3d, 0xeb, 0x3d, 0xeb, 0x3d,
    0xeb, 0x3d, 0xeb, 0x3d, 0xeb, 0x3d, 0xeb, 0x3d, 0xeb, 0x3d, 0xeb, 0x3d, 0xeb, 0x3d, 0xeb, 0x3d,
    0xeb, 0x3d, 0xeb, 0x3d, 0xeb, 0x3d, 0xeb, 0x3d, 0xeb, 0x3d, 0xeb, 0x3d, 0xeb, 0x3d, 0xeb, 0x3d,
    0xeb, 0x3d, 0xeb, 0x3d, 0xeb, 0x3d, 0xeb, 0x3d, 0xeb, 0x3d, 0xeb, 0x3d, 0xeb, 0x3d, 0xeb, 0x3d,
    0xeb, 0x3d, 0xeb, 0x3d, 0xeb, 0x3d, 0xeb, 0x3d, 0xeb, 0x3d, 0xeb, 0x3d, 0xeb, 0x3d, 0xeb, 0x3d,
    0xeb, 0x3d, 0xeb, 0x3d, 0xeb, 0x3d, 0xeb, 0x3d, 0xeb, 0x3d, 0xeb, 0x3d, 0xeb, 0x3d, 0xeb, 0x3d,
    0xeb, 0x3d, 0xeb, 0x3d, 0xeb, 0x3d, 0xeb, 0x3d, 0xeb, 0x3d, 0xeb, 0x3d, 0xeb, 0x3d, 0xeb, 0x3d,
    0xeb, 0x3d, 0xeb, 0x3d, 0x42, 0x09, 0x00, 0x00, 0x00, 0x00, 0x00, 0x00, 0x00, 0x00, 0x00, 0x00,
    0x00, 0x00, 0x00, 0x00, 0x00, 0x00, 0x00, 0x00, 0x00, 0x00, 0x00, 0x00, 0x00, 0x00, 0x00, 0x00,
    0x00, 0x00, 0x00, 0x00, 0x00, 0x00, 0x00, 0x00, 0x00, 0x00, 0x42, 0x09, 0xeb, 0x3d, 0xeb, 0x3d,
    0xeb, 0x3d, 0xeb, 0x3d, 0xeb, 0x3d, 0xeb, 0x3d, 0xeb, 0x3d, 0xeb, 0x3d, 0xeb, 0x3d, 0xeb, 0x3d,
    0xeb, 0x3d, 0xeb, 0x3d, 0xeb, 0x3d, 0xeb, 0x3d, 0xeb, 0x3d, 0xeb, 0x3d, 0xeb, 0x3d, 0xeb, 0x3d,
    0xeb, 0x3d, 0xeb, 0x3d, 0xeb, 0x3d, 0xeb, 0x3d, 0xeb, 0x3d, 0xeb, 0x3d, 0xeb, 0x3d, 0xeb, 0x3d,
    0xeb, 0x3d, 0xeb, 0x3d, 0xeb, 0x3d, 0xeb, 0x3d, 0xeb, 0x3d, 0xeb, 0x3d, 0xeb, 0x3d, 0xeb, 0x3d,
    0xeb, 0x3d, 0xeb, 0x3d, 0xeb, 0x3d, 0xeb, 0x3d, 0xeb, 0x3d, 0xeb, 0x3d, 0xeb, 0x3d, 0xeb, 0x3d,
    0xeb, 0x3d, 0xeb, 0x3d, 0xeb, 0x3d, 0xeb, 0x3d, 0xeb, 0x3d, 0xeb, 0x3d, 0xeb, 0x3d, 0xeb, 0x3d,
    0xeb, 0x3d, 0xeb, 0x3d, 0xeb, 0x3d, 0xeb, 0x3d, 0xeb, 0x3d, 0xeb, 0x3d, 0xeb, 0x3d, 0xeb, 0x3d,
    0xeb, 0x3d, 0xeb, 0x3d, 0xeb, 0x3d, 0xeb, 0x3d, 0xeb, 0x3d, 0xeb, 0x3d, 0xeb, 0x3d, 0xeb, 0x3d,
    0xeb, 0x3d, 0xeb, 0x3d, 0xeb, 0x3d, 0xeb, 0x3d, 0xeb, 0x3d, 0xeb, 0x3d, 0xeb, 0x3d, 0xeb, 0x3d,
    0x42, 0x09, 0x00, 0x00, 0x00, 0x00, 0x00, 0x00, 0x00, 0x00, 0x00, 0x00, 0x00, 0x00, 0x00, 0x00,
    0x00, 0x00, 0x00, 0x00, 0x00, 0x00, 0x00, 0x00, 0x00, 0x00, 0x00, 0x00, 0x00, 0x00, 0x00, 0x00,
    0x00, 0x00, 0x00, 0x00, 0x00, 0x00, 0x00, 0x00, 0x00, 0x00, 0x00, 0x00, 0x00, 0x00, 0x00, 0x00,
    0x00, 0x00, 0x00, 0x00, 0x00, 0x00, 0x00, 0x00, 0x00, 0x00, 0x00, 0x00, 0x00, 0x00, 0x07, 0x2c,
    0xeb, 0x3d, 0xeb, 0x3d, 0xeb, 0x3d, 0xeb, 0x3d, 0xeb, 0x3d, 0xeb, 0x3d, 0xeb, 0x3d, 0xeb, 0x3d,
    0xeb, 0x3d, 0xeb, 0x3d, 0xeb, 0x3d, 0xeb, 0x3d, 0xeb, 0x3d, 0xeb, 0x3d, 0xeb, 0x3d, 0xeb, 0x3d,
    0xeb, 0x3d, 0xeb, 0x3d, 0xeb, 0x3d, 0xeb, 0x3d, 0xeb, 0x3d, 0xeb, 0x3d, 0xeb, 0x3d, 0xeb, 0x3d,
    0xeb, 0x3d, 0xeb, 0x3d, 0xeb, 0x3d, 0xeb, 0x3d, 0xeb, 0x3d, 0xeb, 0x3d, 0xeb, 0x3d, 0xeb, 0x3d,
    0xeb, 0x3d, 0xeb, 0x3d, 0xeb, 0x3d, 0xeb, 0x3d, 0xeb, 0x3d, 0xeb, 0x3d, 0xeb, 0x3d, 0xeb, 0x3d,
    0xeb, 0x3d, 0xeb, 0x3d, 0xeb, 0x3d, 0xeb, 0x3d, 0xeb, 0x3d, 0xeb, 0x3d, 0xeb, 0x3d, 0xeb, 0x3d,
    0xeb, 0x3d, 0xeb, 0x3d, 0xeb, 0x3d, 0xeb, 0x3d, 0xeb, 0x3d, 0xeb, 0x3d, 0xeb, 0x3d, 0xeb, 0x3d,
    0xeb, 0x3d, 0xeb, 0x3d, 0xeb, 0x3d, 0xeb, 0x3d, 0xeb, 0x3d, 0xeb, 0x3d, 0xeb, 0x3d, 0xeb, 0x3d,
    0xeb, 0x3d, 0xeb, 0x3d, 0xeb, 0x3d, 0xeb, 0x3d, 0xeb, 0x3d, 0xeb, 0x3d, 0xeb, 0x3d, 0xeb, 0x3d,
    0xeb, 0x3d, 0xeb, 0x3d, 0x42, 0x09, 0x00, 0x00, 0x00, 0x00, 0x00, 0x00, 0x00, 0x00, 0x00, 0x00,
    0x00, 0x00, 0x00, 0x00, 0x00, 0x00, 0x00, 0x00, 0x00, 0x00, 0x00, 0x00, 0x00, 0x00, 0x00, 0x00,
    0x00, 0x00, 0x00, 0x00, 0x00, 0x00, 0x00, 0x00, 0x00, 0x00, 0x42, 0x09, 0xeb, 0x3d, 0xeb, 0x3d,
    0xeb, 0x3d, 0xeb, 0x3d, 0xeb, 0x3d, 0xeb, 0x3d, 0xeb, 0x3d, 0xeb, 0x3d, 0xeb, 0x3d, 0xeb, 0x3d,
    0xeb, 0x3d, 0xeb, 0x3d, 0xeb, 0x3d, 0xeb, 0x3d, 0xeb, 0x3d, 0xeb, 0x3d, 0xeb, 0x3d, 0xeb, 0x3d,
    0xeb, 0x3d, 0xeb, 0x3d, 0xeb, 0x3d, 0xeb, 0x3d, 0xeb, 0x3d, 0xeb, 0x3d, 0xeb, 0x3d, 0xeb, 0x3d,
    0xeb, 0x3d, 0xeb, 0x3d, 0xeb, 0x3d, 0xeb, 0x3d, 0xeb, 0x3d, 0xeb, 0x3d, 0xeb, 0x3d, 0xeb, 0x3d,
    0xeb, 0x3d, 0xeb, 0x3d, 0xeb, 0x3d, 0xeb, 0x3d, 0xeb, 0x3d, 0xeb, 0x3d, 0xeb, 0x3d, 0xeb, 0x3d,
    0xeb, 0x3d, 0xeb, 0x3d, 0xeb, 0x3d, 0xeb, 0x3d, 0xeb, 0x3d, 0xeb, 0x3d, 0xeb, 0x3d, 0xeb, 0x3d,
    0xeb, 0x3d, 0xeb, 0x3d, 0xeb, 0x3d, 0xeb, 0x3d, 0xeb, 0x3d, 0xeb, 0x3d, 0xeb, 0x3d, 0xeb, 0x3d,
    0xeb, 0x3d, 0xeb, 0x3d, 0xeb, 0x3d, 0xeb, 0x3d, 0xeb, 0x3d, 0xeb, 0x3d, 0xeb, 0x3d, 0xeb, 0x3d,
    0xeb, 0x3d, 0xeb, 0x3d, 0xeb, 0x3d, 0xeb, 0x3d, 0xeb, 0x3d, 0xeb, 0x3d, 0xeb, 0x3d, 0xeb, 0x3d,
    0xa7, 0x23, 0x00, 0x00, 0x00, 0x00, 0x00, 0x00, 0x00, 0x00, 0x00, 0x00, 0x00, 0x00, 0x00, 0x00,
    0x00, 0x00, 0x00, 0x00, 0x00, 0x00, 0x00, 0x00, 0x00, 0x00, 0x00, 0x00, 0x00, 0x00, 0x00, 0x00,
    0x00, 0x00, 0x00, 0x00, 0x00, 0x00, 0x00, 0x00, 0x00, 0x00, 0x00, 0x00, 0x00, 0x00, 0x00, 0x00,
    0x00, 0x00, 0x00, 0x00, 0x00, 0x00, 0x00, 0x00, 0x00, 0x00, 0x00, 0x00, 0x81, 0x00, 0xca, 0x3d,
    0xeb, 0x3d, 0xeb, 0x3d, 0xeb, 0x3d, 0xeb, 0x3d, 0xeb, 0x3d, 0xeb, 0x3d, 0xeb, 0x3d, 0xeb, 0x3d,
    0xeb, 0x3d, 0xeb, 0x3d, 0xeb, 0x3d, 0xeb, 0x3d, 0xeb, 0x3d, 0xeb, 0x3d, 0xeb, 0x3d, 0xeb, 0x3d,
    0xeb, 0x3d, 0xeb, 0x3d, 0xeb, 0x3d, 0xeb, 0x3d, 0xeb, 0x3d, 0xeb, 0x3d, 0xeb, 0x3d, 0xeb, 0x3d,
    0xeb, 0x3d, 0xeb, 0x3d, 0xeb, 0x3d, 0xeb, 0x3d, 0xeb, 0x3d, 0xeb, 0x3d, 0xeb, 0x3d, 0xeb, 0x3d,
    0xeb, 0x3d, 0xeb, 0x3d, 0xeb, 0x3d, 0xeb, 0x3d, 0xeb, 0x3d, 0xeb, 0x3d, 0xeb, 0x3d, 0xeb, 0x3d,
    0xeb, 0x3d, 0xeb, 0x3d, 0xeb, 0x3d, 0xeb, 0x3d, 0xeb, 0x3d, 0xeb, 0x3d, 0xeb, 0x3d, 0xeb, 0x3d,
    0xeb, 0x3d, 0xeb, 0x3d, 0xeb, 0x3d, 0xeb, 0x3d, 0xeb, 0x3d, 0xeb, 0x3d, 0xeb, 0x3d, 0xeb, 0x3d,
    0xeb, 0x3d, 0xeb, 0x3d, 0xeb, 0x3d, 0xeb, 0x3d, 0xeb, 0x3d, 0xeb, 0x3d, 0xeb, 0x3d, 0xeb, 0x3d,
    0xeb, 0x3d, 0xeb, 0x3d, 0xeb, 0x3d, 0xeb, 0x3d, 0xeb, 0x3d, 0xeb, 0x3d, 0xeb, 0x3d, 0xeb, 0x3d,
    0xeb, 0x3d, 0xeb, 0x3d, 0x42, 0x09, 0x00, 0x00, 0x00, 0x00, 0x00, 0x00, 0x00, 0x00, 0x00, 0x00,
    0x00, 0x00, 0x00, 0x00, 0x00, 0x00, 0x00, 0x00, 0x00, 0x00, 0x00, 0x00, 0x00, 0x00, 0x00, 0x00,
    0x00, 0x00, 0x00, 0x00, 0x00, 0x00, 0x00, 0x00, 0x00, 0x00, 0x42, 0x09, 0xeb, 0x3d, 0xeb, 0x3d,
    0xeb, 0x3d, 0xeb, 0x3d, 0xeb, 0x3d, 0xeb, 0x3d, 0xeb, 0x3d, 0xeb, 0x3d, 0xeb, 0x3d, 0xeb, 0x3d,
    0xeb, 0x3d, 0xeb, 0x3d, 0xeb, 0x3d, 0xeb, 0x3d, 0xeb, 0x3d, 0xeb, 0x3d, 0xeb, 0x3d, 0xeb, 0x3d,
    0xeb, 0x3d, 0xeb, 0x3d, 0xeb, 0x3d, 0xeb, 0x3d, 0xeb, 0x3d, 0xeb, 0x3d, 0xeb, 0x3d, 0xeb, 0x3d,
    0xeb, 0x3d, 0xeb, 0x3d, 0xeb, 0x3d, 0xeb, 0x3d, 0xeb, 0x3d, 0xeb, 0x3d, 0xeb, 0x3d, 0xeb, 0x3d,
    0xeb, 0x3d, 0xeb, 0x3d, 0xeb, 0x3d, 0xeb, 0x3d, 0xeb, 0x3d, 0xeb, 0x3d, 0xeb, 0x3d, 0xeb, 0x3d,
    0xeb, 0x3d, 0xeb, 0x3d, 0xeb, 0x3d, 0xeb, 0x3d, 0xeb, 0x3d, 0xeb, 0x3d, 0xeb, 0x3d, 0xeb, 0x3d,
    0xeb, 0x3d, 0xeb, 0x3d, 0xeb, 0x3d, 0xeb, 0x3d, 0xeb, 0x3d, 0xeb, 0x3d, 0xeb, 0x3d, 0xeb, 0x3d,
    0xeb, 0x3d, 0xeb, 0x3d, 0xeb, 0x3d, 0xeb, 0x3d, 0xeb, 0x3d, 0xeb, 0x3d, 0xeb, 0x3d, 0xeb, 0x3d,
    0xeb, 0x3d, 0xeb, 0x3d, 0xeb, 0x3d, 0xeb, 0x3d, 0xeb, 0x3d, 0xeb, 0x3d, 0xeb, 0x3d, 0xeb, 0x3d,
    0x8a, 0x3d, 0x40, 0x00, 0x00, 0x00, 0x00, 0x00, 0x00, 0x00, 0x00, 0x00, 0x00, 0x00, 0x00, 0x00,
    0x00, 0x00, 0x00, 0x00, 0x00, 0x00, 0x00, 0x00, 0x00, 0x00, 0x00, 0x00, 0x00, 0x00, 0x00, 0x00,
    0x00, 0x00, 0x00, 0x00, 0x00, 0x00, 0x00, 0x00, 0x00, 0x00, 0x00, 0x00, 0x00, 0x00, 0x00, 0x00,
    0x00, 0x00, 0x00, 0x00, 0x00, 0x00, 0x00, 0x00, 0x00, 0x00, 0x00, 0x00, 0x64, 0x1a, 0xeb, 0x3d,
    0xeb, 0x3d, 0xeb, 0x3d, 0xeb, 0x3d, 0xeb, 0x3d, 0xeb, 0x3d, 0xeb, 0x3d, 0xeb, 0x3d, 0xeb, 0x3d,
    0xeb, 0x3d, 0xeb, 0x3d, 0xeb, 0x3d, 0xeb, 0x3d, 0xeb, 0x3d, 0xeb, 0x3d, 0xeb, 0x3d, 0xeb, 0x3d,
    0xeb, 0x3d, 0xeb, 0x3d, 0xeb, 0x3d, 0xeb, 0x3d, 0xeb, 0x3d, 0xeb, 0x3d, 0xeb, 0x3d, 0xeb, 0x3d,
    0xeb, 0x3d, 0xeb, 0x3d, 0xeb, 0x3d, 0xeb, 0x3d, 0xeb, 0x3d, 0xeb, 0x3d, 0xeb, 0x3d, 0xeb, 0x3d,
    0xeb, 0x3d, 0xeb, 0x3d, 0xeb, 0x3d, 0xeb, 0x3d, 0xeb, 0x3d, 0xeb, 0x3d, 0xeb, 0x3d, 0xeb, 0x3d,
    0xeb, 0x3d, 0xeb, 0x3d, 0xeb, 0x3d, 0xeb, 0x3d, 0xeb, 0x3d, 0xeb, 0x3d, 0xeb, 0x3d, 0xeb, 0x3d,
    0xeb, 0x3d, 0xeb, 0x3d, 0xeb, 0x3d, 0xeb, 0x3d, 0xeb, 0x3d, 0xeb, 0x3d, 0xeb, 0x3d, 0xeb, 0x3d,
    0xeb, 0x3d, 0xeb, 0x3d, 0xeb, 0x3d, 0xeb, 0x3d, 0xeb, 0x3d, 0xeb, 0x3d, 0xeb, 0x3d, 0xeb, 0x3d,
    0xeb, 0x3d, 0xeb, 0x3d, 0xeb, 0x3d, 0xeb, 0x3d, 0xeb, 0x3d, 0xeb, 0x3d, 0xeb, 0x3d, 0xeb, 0x3d,
    0xeb, 0x3d, 0xeb, 0x3d, 0x42, 0x09, 0x00, 0x00, 0x00, 0x00, 0x00, 0x00, 0x00, 0x00, 0x00, 0x00,
    0x00, 0x00, 0x00, 0x00, 0x00, 0x00, 0x00, 0x00, 0x00, 0x00, 0x00, 0x00, 0x00, 0x00, 0x00, 0x00,
    0x00, 0x00, 0x00, 0x00, 0x00, 0x00, 0x00, 0x00, 0x00, 0x00, 0x42, 0x09, 0xeb, 0x3d, 0xeb, 0x3d,
    0xeb, 0x3d, 0xeb, 0x3d, 0xeb, 0x3d, 0xeb, 0x3d, 0xeb, 0x3d, 0xeb, 0x3d, 0xeb, 0x3d, 0xeb, 0x3d,
    0xeb, 0x3d, 0xeb, 0x3d, 0xeb, 0x3d, 0xeb, 0x3d, 0xeb, 0x3d, 0xeb, 0x3d, 0xeb, 0x3d, 0xeb, 0x3d,
    0xeb, 0x3d, 0xeb, 0x3d, 0xeb, 0x3d, 0xeb, 0x3d, 0xeb, 0x3d, 0xeb, 0x3d, 0xeb, 0x3d, 0xeb, 0x3d,
    0xeb, 0x3d, 0xeb, 0x3d, 0xeb, 0x3d, 0xeb, 0x3d, 0xeb, 0x3d, 0xeb, 0x3d, 0xeb, 0x3d, 0xeb, 0x3d,
    0xeb, 0x3d, 0xeb, 0x3d, 0xeb, 0x3d, 0xeb, 0x3d, 0xeb, 0x3d, 0xeb, 0x3d, 0xeb, 0x3d, 0xeb, 0x3d,
    0xeb, 0x3d, 0xeb, 0x3d, 0xeb, 0x3d, 0xeb, 0x3d, 0xeb, 0x3d, 0xeb, 0x3d, 0xeb, 0x3d, 0xeb, 0x3d,
    0xeb, 0x3d, 0xeb, 0x3d, 0xeb, 0x3d, 0xeb, 0x3d, 0xeb, 0x3d, 0xeb, 0x3d, 0xeb, 0x3d, 0xeb, 0x3d,
    0xeb, 0x3d, 0xeb, 0x3d, 0xeb, 0x3d, 0xeb, 0x3d, 0xeb, 0x3d, 0xeb, 0x3d, 0xeb, 0x3d, 0xeb, 0x3d,
    0xeb, 0x3d, 0xeb, 0x3d, 0xeb, 0x3d, 0xeb, 0x3d, 0xeb, 0x3d, 0xeb, 0x3d, 0xeb, 0x3d, 0xeb, 0x3d,
    0xeb, 0x3d, 0x03, 0x12, 0x00, 0x00, 0x00, 0x00, 0x00, 0x00, 0x00, 0x00, 0x00, 0x00, 0x00, 0x00,
    0x00, 0x00, 0x00, 0x00, 0x00, 0x00, 0x00, 0x00, 0x00, 0x00, 0x00, 0x00, 0x00, 0x00, 0x00, 0x00,
    0x00, 0x00, 0x00, 0x00, 0x00, 0x00, 0x00, 0x00, 0x00, 0x00, 0x00, 0x00, 0x00, 0x00, 0x00, 0x00,
    0x00, 0x00, 0x00, 0x00, 0x00, 0x00, 0x00, 0x00, 0x00, 0x00, 0x00, 0x00, 0x48, 0x2c, 0xeb, 0x3d,
    0xeb, 0x3d, 0xeb, 0x3d, 0xeb, 0x3d, 0xeb, 0x3d, 0xeb, 0x3d, 0xeb, 0x3d, 0xeb, 0x3d, 0xeb, 0x3d,
    0xeb, 0x3d, 0xeb, 0x3d, 0xeb, 0x3d, 0xeb, 0x3d, 0xeb, 0x3d, 0xeb, 0x3d, 0xeb, 0x3d, 0xeb, 0x3d,
    0xeb, 0x3d, 0xeb, 0x3d, 0xeb, 0x3d, 0xeb, 0x3d, 0xeb, 0x3d, 0xeb, 0x3d, 0xeb, 0x3d, 0xeb, 0x3d,
    0xeb, 0x3d, 0xeb, 0x3d, 0xeb, 0x3d, 0xeb, 0x3d, 0xeb, 0x3d, 0xeb, 0x3d, 0xeb, 0x3d, 0xeb, 0x3d,
    0xeb, 0x3d, 0xeb, 0x3d, 0xeb, 0x3d, 0xeb, 0x3d, 0xeb, 0x3d, 0xeb, 0x3d, 0xeb, 0x3d, 0xeb, 0x3d,
    0xeb, 0x3d, 0xeb, 0x3d, 0xeb, 0x3d, 0xeb, 0x3d, 0xeb, 0x3d, 0xeb, 0x3d, 0xeb, 0x3d, 0xeb, 0x3d,
    0xeb, 0x3d, 0xeb, 0x3d, 0xeb, 0x3d, 0xeb, 0x3d, 0xeb, 0x3d, 0xeb, 0x3d, 0xeb, 0x3d, 0xeb, 0x3d,
    0xeb, 0x3d, 0xeb, 0x3d, 0xeb, 0x3d, 0xeb, 0x3d, 0xeb, 0x3d, 0xeb, 0x3d, 0xeb, 0x3d, 0xeb, 0x3d,
    0xeb, 0x3d, 0xeb, 0x3d, 0xeb, 0x3d, 0xeb, 0x3d, 0xeb, 0x3d, 0xeb, 0x3d, 0xeb, 0x3d, 0xeb, 0x3d,
    0xeb, 0x3d, 0xeb, 0x3d, 0x42, 0x09, 0x00, 0x00, 0x00, 0x00, 0x00, 0x00, 0x00, 0x00, 0x00, 0x00,
    0x00, 0x00, 0x00, 0x00, 0x00, 0x00, 0x00, 0x00, 0x00, 0x00, 0x00, 0x00, 0x00, 0x00, 0x00, 0x00,
    0x00, 0x00, 0x00, 0x00, 0x00, 0x00, 0x00, 0x00, 0x00, 0x00, 0x42, 0x09, 0xeb, 0x3d, 0xeb, 0x3d,
    0xeb, 0x3d, 0xeb, 0x3d, 0xeb, 0x3d, 0xeb, 0x3d, 0xeb, 0x3d, 0xeb, 0x3d, 0xeb, 0x3d, 0xeb, 0x3d,
    0xeb, 0x3d, 0xeb, 0x3d, 0xeb, 0x3d, 0xeb, 0x3d, 0xeb, 0x3d, 0xeb, 0x3d, 0xeb, 0x3d, 0xeb, 0x3d,
    0xeb, 0x3d, 0xeb, 0x3d, 0xeb, 0x3d, 0xeb, 0x3d, 0xeb, 0x3d, 0xeb, 0x3d, 0xeb, 0x3d, 0xeb, 0x3d,
    0xeb, 0x3d, 0xeb, 0x3d, 0xeb, 0x3d, 0xeb, 0x3d, 0xeb, 0x3d, 0xeb, 0x3d, 0xeb, 0x3d, 0xeb, 0x3d,
    0xeb, 0x3d, 0xeb, 0x3d, 0xeb, 0x3d, 0xeb, 0x3d, 0xeb, 0x3d, 0xeb, 0x3d, 0xeb, 0x3d, 0xeb, 0x3d,
    0xeb, 0x3d, 0xeb, 0x3d, 0xeb, 0x3d, 0xeb, 0x3d, 0xeb, 0x3d, 0xeb, 0x3d, 0xeb, 0x3d, 0xeb, 0x3d,
    0xeb, 0x3d, 0xeb, 0x3d, 0xeb, 0x3d, 0xeb, 0x3d, 0xeb, 0x3d, 0xeb, 0x3d, 0xeb, 0x3d, 0xeb, 0x3d,
    0xeb, 0x3d, 0xeb, 0x3d, 0xeb, 0x3d, 0xeb, 0x3d, 0xeb, 0x3d, 0xeb, 0x3d, 0xeb, 0x3d, 0xeb, 0x3d,
    0xeb, 0x3d, 0xeb, 0x3d, 0xeb, 0x3d, 0xeb, 0x3d, 0xeb, 0x3d, 0xeb, 0x3d, 0xeb, 0x3d, 0xeb, 0x3d,
    0xeb, 0x3d, 0xe7, 0x2b, 0x00, 0x00, 0x00, 0x00, 0x00, 0x00, 0x00, 0x00, 0x00, 0x00, 0x00, 0x00,
    0x00, 0x00, 0x00, 0x00, 0x00, 0x00, 0x00, 0x00, 0x00, 0x00, 0x00, 0x00, 0x00, 0x00, 0x00, 0x00,
    0x00, 0x00, 0x00, 0x00, 0x00, 0x00, 0x00, 0x00, 0x00, 0x00, 0x00, 0x00, 0x00, 0x00, 0x00, 0x00,
    0x00, 0x00, 0x00, 0x00, 0x00, 0x00, 0x00, 0x00, 0x00, 0x00, 0x40, 0x00, 0xaa, 0x3d, 0xeb, 0x3d,
    0xeb, 0x3d, 0xeb, 0x3d, 0xeb, 0x3d, 0xeb, 0x3d, 0xeb, 0x3d, 0xeb, 0x3d, 0xeb, 0x3d, 0xeb, 0x3d,
    0xeb, 0x3d, 0xeb, 0x3d, 0xeb, 0x3d, 0xeb, 0x3d, 0xeb, 0x3d, 0xeb, 0x3d, 0xeb, 0x3d, 0xeb, 0x3d,
    0xeb, 0x3d, 0xeb, 0x3d, 0xeb, 0x3d, 0xeb, 0x3d, 0xeb, 0x3d, 0xeb, 0x3d, 0xeb, 0x3d, 0xeb, 0x3d,
    0xeb, 0x3d, 0xeb, 0x3d, 0xeb, 0x3d, 0xeb, 0x3d, 0xeb, 0x3d, 0xeb, 0x3d, 0xeb, 0x3d, 0xeb, 0x3d,
    0xeb, 0x3d, 0xeb, 0x3d, 0xeb, 0x3d, 0xeb, 0x3d, 0xeb, 0x3d, 0xeb, 0x3d, 0xeb, 0x3d, 0xeb, 0x3d,
    0xeb, 0x3d, 0xeb, 0x3d, 0xeb, 0x3d, 0xeb, 0x3d, 0xeb, 0x3d, 0xeb, 0x3d, 0xeb, 0x3d, 0xeb, 0x3d,
    0xeb, 0x3d, 0xeb, 0x3d, 0xeb, 0x3d, 0xeb, 0x3d, 0xeb, 0x3d, 0xeb, 0x3d, 0xeb, 0x3d, 0xeb, 0x3d,
    0xeb, 0x3d, 0xeb, 0x3d, 0xeb, 0x3d, 0xeb, 0x3d, 0xeb, 0x3d, 0xeb, 0x3d, 0xeb, 0x3d, 0xeb, 0x3d,
    0xeb, 0x3d, 0xeb, 0x3d, 0xeb, 0x3d, 0xeb, 0x3d, 0xeb, 0x3d, 0xeb, 0x3d, 0xeb, 0x3d, 0xeb, 0x3d,
    0xeb, 0x3d, 0xeb, 0x3d, 0x42, 0x09, 0x00, 0x00, 0x00, 0x00, 0x00, 0x00, 0x00, 0x00, 0x00, 0x00,
    0x00, 0x00, 0x00, 0x00, 0x00, 0x00, 0x00, 0x00, 0x00, 0x00, 0x00, 0x00, 0x00, 0x00, 0x00, 0x00,
    0x00, 0x00, 0x00, 0x00, 0x00, 0x00, 0x00, 0x00, 0x00, 0x00, 0x42, 0x09, 0xeb, 0x3d, 0xeb, 0x3d,
    0xeb, 0x3d, 0xeb, 0x3d, 0xeb, 0x3d, 0xeb, 0x3d, 0xeb, 0x3d, 0xeb, 0x3d, 0xeb, 0x3d, 0xeb, 0x3d,
    0xeb, 0x3d, 0xeb, 0x3d, 0xeb, 0x3d, 0xeb, 0x3d, 0xeb, 0x3d, 0xeb, 0x3d, 0xeb, 0x3d, 0xeb, 0x3d,
    0xeb, 0x3d, 0xeb, 0x3d, 0xeb, 0x3d, 0xeb, 0x3d, 0xeb, 0x3d, 0xeb, 0x3d, 0xeb, 0x3d, 0xeb, 0x3d,
    0xeb, 0x3d, 0xeb, 0x3d, 0xeb, 0x3d, 0xeb, 0x3d, 0xeb, 0x3d, 0xeb, 0x3d, 0xeb, 0x3d, 0xeb, 0x3d,
    0xeb, 0x3d, 0xeb, 0x3d, 0xeb, 0x3d, 0xeb, 0x3d, 0xeb, 0x3d, 0xeb, 0x3d, 0xeb, 0x3d, 0xeb, 0x3d,
    0xeb, 0x3d, 0xeb, 0x3d, 0xeb, 0x3d, 0xeb, 0x3d, 0xeb, 0x3d, 0xeb, 0x3d, 0xeb, 0x3d, 0xeb, 0x3d,
    0xeb, 0x3d, 0xeb, 0x3d, 0xeb, 0x3d, 0xeb, 0x3d, 0xeb, 0x3d, 0xeb, 0x3d, 0xeb, 0x3d, 0xeb, 0x3d,
    0xeb, 0x3d, 0xeb, 0x3d, 0xeb, 0x3d, 0xeb, 0x3d, 0xeb, 0x3d, 0xeb, 0x3d, 0xeb, 0x3d, 0xeb, 0x3d,
    0xeb, 0x3d, 0xeb, 0x3d, 0xeb, 0x3d, 0xeb, 0x3d, 0xeb, 0x3d, 0xeb, 0x3d, 0xeb, 0x3d, 0xeb, 0x3d,
    0xeb, 0x3d, 0x8a, 0x3d, 0x20, 0x00, 0x00, 0x00, 0x00, 0x00, 0x00, 0x00, 0x00, 0x00, 0x00, 0x00,
    0x00, 0x00, 0x00, 0x00, 0x00, 0x00, 0x00, 0x00, 0x00, 0x00, 0x00, 0x00, 0x00, 0x00, 0x00, 0x00,
    0x00, 0x00, 0x00, 0x00, 0x00, 0x00, 0x00, 0x00, 0x00, 0x00, 0x00, 0x00, 0x00, 0x00, 0x00, 0x00,
    0x00, 0x00, 0x00, 0x00, 0x00, 0x00, 0x00, 0x00, 0x00, 0x00, 0x82, 0x11, 0xeb, 0x3d, 0xeb, 0x3d,
    0xeb, 0x3d, 0xeb, 0x3d, 0xeb, 0x3d, 0xeb, 0x3d, 0xeb, 0x3d, 0xeb, 0x3d, 0xeb, 0x3d, 0xeb, 0x3d,
    0xeb, 0x3d, 0xeb, 0x3d, 0xeb, 0x3d, 0xeb, 0x3d, 0xeb, 0x3d, 0xeb, 0x3d, 0xeb, 0x3d, 0xeb, 0x3d,
    0xeb, 0x3d, 0xeb, 0x3d, 0xeb, 0x3d, 0xeb, 0x3d, 0xeb, 0x3d, 0xeb, 0x3d, 0xeb, 0x3d, 0xeb, 0x3d,
    0xeb, 0x3d, 0xeb, 0x3d, 0xeb, 0x3d, 0xeb, 0x3d, 0xeb, 0x3d, 0xeb, 0x3d, 0xeb, 0x3d, 0xeb, 0x3d,
    0xeb, 0x3d, 0xeb, 0x3d, 0xeb, 0x3d, 0xeb, 0x3d, 0xeb, 0x3d, 0xeb, 0x3d, 0xeb, 0x3d, 0xeb, 0x3d,
    0xeb, 0x3d, 0xeb, 0x3d, 0xeb, 0x3d, 0xeb, 0x3d, 0xeb, 0x3d, 0xeb, 0x3d, 0xeb, 0x3d, 0xeb, 0x3d,
    0xeb, 0x3d, 0xeb, 0x3d, 0xeb, 0x3d, 0xeb, 0x3d, 0xeb, 0x3d, 0xeb, 0x3d, 0xeb, 0x3d, 0xeb, 0x3d,
    0xeb, 0x3d, 0xeb, 0x3d, 0xeb, 0x3d, 0xeb, 0x3d, 0xeb, 0x3d, 0xeb, 0x3d, 0xeb, 0x3d, 0xeb, 0x3d,
    0xeb, 0x3d, 0xeb, 0x3d, 0xeb, 0x3d, 0xeb, 0x3d, 0xeb, 0x3d, 0xeb, 0x3d, 0xeb, 0x3d, 0xeb, 0x3d,
    0xeb, 0x3d, 0xeb, 0x3d, 0x42, 0x09, 0x00, 0x00, 0x00, 0x00, 0x00, 0x00, 0x00, 0x00, 0x00, 0x00,
    0x00, 0x00, 0x00, 0x00, 0x00, 0x00, 0x00, 0x00, 0x00, 0x00, 0x00, 0x00, 0x00, 0x00, 0x00, 0x00,
    0x00, 0x00, 0x00, 0x00, 0x00, 0x00, 0x00, 0x00, 0x00, 0x00, 0x42, 0x09, 0xeb, 0x3d, 0xeb, 0x3d,
    0xeb, 0x3d, 0xeb, 0x3d, 0xeb, 0x3d, 0xeb, 0x3d, 0xeb, 0x3d, 0xeb, 0x3d, 0xeb, 0x3d, 0xeb, 0x3d,
    0xeb, 0x3d, 0xeb, 0x3d, 0xeb, 0x3d, 0xeb, 0x3d, 0xeb, 0x3d, 0xeb, 0x3d, 0xeb, 0x3d, 0xeb, 0x3d,
    0xeb, 0x3d, 0xeb, 0x3d, 0xeb, 0x3d, 0xeb, 0x3d, 0xeb, 0x3d, 0xeb, 0x3d, 0xeb, 0x3d, 0xeb, 0x3d,
    0xeb, 0x3d, 0xeb, 0x3d, 0xeb, 0x3d, 0xeb, 0x3d, 0xeb, 0x3d, 0xeb, 0x3d, 0xeb, 0x3d, 0xeb, 0x3d,
    0xeb, 0x3d, 0xeb, 0x3d, 0xeb, 0x3d, 0xeb, 0x3d, 0xeb, 0x3d, 0xeb, 0x3d, 0xeb, 0x3d, 0xeb, 0x3d,
    0xeb, 0x3d, 0xeb, 0x3d, 0xeb, 0x3d, 0xeb, 0x3d, 0xeb, 0x3d, 0xeb, 0x3d, 0xeb, 0x3d, 0xeb, 0x3d,
    0xeb, 0x3d, 0xeb, 0x3d, 0xeb, 0x3d, 0xeb, 0x3d, 0xeb, 0x3d, 0xeb, 0x3d, 0xeb, 0x3d, 0xeb, 0x3d,
    0xeb, 0x3d, 0xeb, 0x3d, 0xeb, 0x3d, 0xeb, 0x3d, 0xeb, 0x3d, 0xeb, 0x3d, 0xeb, 0x3d, 0xeb, 0x3d,
    0xeb, 0x3d, 0xeb, 0x3d, 0xeb, 0x3d, 0xeb, 0x3d, 0xeb, 0x3d, 0xeb, 0x3d, 0xeb, 0x3d, 0xeb, 0x3d,
    0xeb, 0x3d, 0xeb, 0x3d, 0x22, 0x09, 0x00, 0x00, 0x00, 0x00, 0x00, 0x00, 0x00, 0x00, 0x00, 0x00,
    0x00, 0x00, 0x00, 0x00, 0x00, 0x00, 0x00, 0x00, 0x00, 0x00, 0x00, 0x00, 0x00, 0x00, 0x00, 0x00,
    0x00, 0x00, 0x00, 0x00, 0x00, 0x00, 0x00, 0x00, 0x00, 0x00, 0x00, 0x00, 0x00, 0x00, 0x00, 0x00,
    0x00, 0x00, 0x00, 0x00, 0x00, 0x00, 0x00, 0x00, 0x00, 0x00, 0xe5, 0x1a, 0xeb, 0x3d, 0xeb, 0x3d,
    0xeb, 0x3d, 0xeb, 0x3d, 0xeb, 0x3d, 0xeb, 0x3d, 0xeb, 0x3d, 0xeb, 0x3d, 0xeb, 0x3d, 0xeb, 0x3d,
    0xeb, 0x3d, 0xeb, 0x3d, 0xeb, 0x3d, 0xeb, 0x3d, 0xeb, 0x3d, 0xeb, 0x3d, 0xeb, 0x3d, 0xeb, 0x3d,
    0xeb, 0x3d, 0xeb, 0x3d, 0xeb, 0x3d, 0xeb, 0x3d, 0xeb, 0x3d, 0xeb, 0x3d, 0xeb, 0x3d, 0xeb, 0x3d,
    0xeb, 0x3d, 0xeb, 0x3d, 0xeb, 0x3d, 0xeb, 0x3d, 0xeb, 0x3d, 0xeb, 0x3d, 0xeb, 0x3d, 0xeb, 0x3d,
    0xeb, 0x3d, 0xeb, 0x3d, 0xeb, 0x3d, 0xeb, 0x3d, 0xeb, 0x3d, 0xeb, 0x3d, 0xeb, 0x3d, 0xeb, 0x3d,
    0xeb, 0x3d, 0xeb, 0x3d, 0xeb, 0x3d, 0xeb, 0x3d, 0xeb, 0x3d, 0xeb, 0x3d, 0xeb, 0x3d, 0xeb, 0x3d,
    0xeb, 0x3d, 0xeb, 0x3d, 0xeb, 0x3d, 0xeb, 0x3d, 0xeb, 0x3d, 0xeb, 0x3d, 0xeb, 0x3d, 0xeb, 0x3d,
    0xeb, 0x3d, 0xeb, 0x3d, 0xeb, 0x3d, 0xeb, 0x3d, 0xeb, 0x3d, 0xeb, 0x3d, 0xeb, 0x3d, 0xeb, 0x3d,
    0xeb, 0x3d, 0xeb, 0x3d, 0xeb, 0x3d, 0xeb, 0x3d, 0xeb, 0x3d, 0xeb, 0x3d, 0xeb, 0x3d, 0xeb, 0x3d,
    0xeb, 0x3d, 0xeb, 0x3d, 0x42, 0x09, 0x00, 0x00, 0x00, 0x00, 0x00, 0x00, 0x00, 0x00, 0x00, 0x00,
    0x00, 0x00, 0x00, 0x00, 0x00, 0x00, 0x00, 0x00, 0x00, 0x00, 0x00, 0x00, 0x00, 0x00, 0x00, 0x00,
    0x00, 0x00, 0x00, 0x00, 0x00, 0x00, 0x00, 0x00, 0x00, 0x00, 0x42, 0x09, 0xeb, 0x3d, 0xeb, 0x3d,
    0xeb, 0x3d, 0xeb, 0x3d, 0xeb, 0x3d, 0xeb, 0x3d, 0xeb, 0x3d, 0xeb, 0x3d, 0xeb, 0x3d, 0xeb, 0x3d,
    0xeb, 0x3d, 0xeb, 0x3d, 0xeb, 0x3d, 0xeb, 0x3d, 0xeb, 0x3d, 0xeb, 0x3d, 0xeb, 0x3d, 0xeb, 0x3d,
    0xeb, 0x3d, 0xeb, 0x3d, 0xeb, 0x3d, 0xeb, 0x3d, 0xeb, 0x3d, 0xeb, 0x3d, 0xeb, 0x3d, 0xeb, 0x3d,
    0xeb, 0x3d, 0xeb, 0x3d, 0xeb, 0x3d, 0xeb, 0x3d, 0xeb, 0x3d, 0xeb, 0x3d, 0xeb, 0x3d, 0xeb, 0x3d,
    0xeb, 0x3d, 0xeb, 0x3d, 0xeb, 0x3d, 0xeb, 0x3d, 0xeb, 0x3d, 0xeb, 0x3d, 0xeb, 0x3d, 0xeb, 0x3d,
    0xeb, 0x3d, 0xeb, 0x3d, 0xeb, 0x3d, 0xeb, 0x3d, 0xeb, 0x3d, 0xeb, 0x3d, 0xeb, 0x3d, 0xeb, 0x3d,
    0xeb, 0x3d, 0xeb, 0x3d, 0xeb, 0x3d, 0xeb, 0x3d, 0xeb, 0x3d, 0xeb, 0x3d, 0xeb, 0x3d, 0xeb, 0x3d,
    0xeb, 0x3d, 0xeb, 0x3d, 0xeb, 0x3d, 0xeb, 0x3d, 0xeb, 0x3d, 0xeb, 0x3d, 0xeb, 0x3d, 0xeb, 0x3d,
    0xeb, 0x3d, 0xeb, 0x3d, 0xeb, 0x3d, 0xeb, 0x3d, 0xeb, 0x3d, 0xeb, 0x3d, 0xeb, 0x3d, 0xeb, 0x3d,
    0xeb, 0x3d, 0xeb, 0x3d, 0x84, 0x1a, 0x00, 0x00, 0x00, 0x00, 0x00, 0x00, 0x00, 0x00, 0x00, 0x00,
    0x00, 0x00, 0x00, 0x00, 0x00, 0x00, 0x00, 0x00, 0x00, 0x00, 0x00, 0x00, 0x00, 0x00, 0x00, 0x00,
    0x00, 0x00, 0x00, 0x00, 0x00, 0x00, 0x00, 0x00, 0x00, 0x00, 0x00, 0x00, 0x00, 0x00, 0x00, 0x00,
    0x00, 0x00, 0x00, 0x00, 0x00, 0x00, 0x00, 0x00, 0x00, 0x00, 0x27, 0x2c, 0xeb, 0x3d, 0xeb, 0x3d,
    0xeb, 0x3d, 0xeb, 0x3d, 0xeb, 0x3d, 0xeb, 0x3d, 0xeb, 0x3d, 0xeb, 0x3d, 0xeb, 0x3d, 0xeb, 0x3d,
    0xeb, 0x3d, 0xeb, 0x3d, 0xeb, 0x3d, 0xeb, 0x3d, 0xeb, 0x3d, 0xeb, 0x3d, 0xeb, 0x3d, 0xeb, 0x3d,
    0xeb, 0x3d, 0xeb, 0x3d, 0xeb, 0x3d, 0xeb, 0x3d, 0xeb, 0x3d, 0xeb, 0x3d, 0xeb, 0x3d, 0xeb, 0x3d,
    0xeb, 0x3d, 0xeb, 0x3d, 0xeb, 0x3d, 0xeb, 0x3d, 0xeb, 0x3d, 0xeb, 0x3d, 0xeb, 0x3d, 0xeb, 0x3d,
    0xeb, 0x3d, 0xeb, 0x3d, 0xeb, 0x3d, 0xeb, 0x3d, 0xeb, 0x3d, 0xeb, 0x3d, 0xeb, 0x3d, 0xeb, 0x3d,
    0xeb, 0x3d, 0xeb, 0x3d, 0xeb, 0x3d, 0xeb, 0x3d, 0xeb, 0x3d, 0xeb, 0x3d, 0xeb, 0x3d, 0xeb, 0x3d,
    0xeb, 0x3d, 0xeb, 0x3d, 0xeb, 0x3d, 0xeb, 0x3d, 0xeb, 0x3d, 0xeb, 0x3d, 0xeb, 0x3d, 0xeb, 0x3d,
    0xeb, 0x3d, 0xeb, 0x3d, 0xeb, 0x3d, 0xeb, 0x3d, 0xeb, 0x3d, 0xeb, 0x3d, 0xeb, 0x3d, 0xeb, 0x3d,
    0xeb, 0x3d, 0xeb, 0x3d, 0xeb, 0x3d, 0xeb, 0x3d, 0xeb, 0x3d, 0xeb, 0x3d, 0xeb, 0x3d, 0xeb, 0x3d,
    0xeb, 0x3d, 0xeb, 0x3d, 0x42, 0x09, 0x00, 0x00, 0x00, 0x00, 0x00, 0x00, 0x00, 0x00, 0x00, 0x00,
    0x00, 0x00, 0x00, 0x00, 0x00, 0x00, 0x00, 0x00, 0x00, 0x00, 0x00, 0x00, 0x00, 0x00, 0x00, 0x00,
    0x00, 0x00, 0x00, 0x00, 0x00, 0x00, 0x00, 0x00, 0x00, 0x00, 0x42, 0x09, 0xeb, 0x3d, 0xeb, 0x3d,
    0xeb, 0x3d, 0xeb, 0x3d, 0xeb, 0x3d, 0xeb, 0x3d, 0xeb, 0x3d, 0xeb, 0x3d, 0xeb, 0x3d, 0xeb, 0x3d,
    0xeb, 0x3d, 0xeb, 0x3d, 0xeb, 0x3d, 0xeb, 0x3d, 0xeb, 0x3d, 0xeb, 0x3d, 0xeb, 0x3d, 0xeb, 0x3d,
    0xeb, 0x3d, 0xeb, 0x3d, 0xeb, 0x3d, 0xeb, 0x3d, 0xeb, 0x3d, 0xeb, 0x3d, 0xeb, 0x3d, 0xeb, 0x3d,
    0xeb, 0x3d, 0xeb, 0x3d, 0xeb, 0x3d, 0xeb, 0x3d, 0xeb, 0x3d, 0xeb, 0x3d, 0xeb, 0x3d, 0xeb, 0x3d,
    0xeb, 0x3d, 0xeb, 0x3d, 0xeb, 0x3d, 0xeb, 0x3d, 0xeb, 0x3d, 0xeb, 0x3d, 0xeb, 0x3d, 0xeb, 0x3d,
    0xeb, 0x3d, 0xeb, 0x3d, 0xeb, 0x3d, 0xeb, 0x3d, 0xeb, 0x3d, 0xeb, 0x3d, 0xeb, 0x3d, 0xeb, 0x3d,
    0xeb, 0x3d, 0xeb, 0x3d, 0xeb, 0x3d, 0xeb, 0x3d, 0xeb, 0x3d, 0xeb, 0x3d, 0xeb, 0x3d, 0xeb, 0x3d,
    0xeb, 0x3d, 0xeb, 0x3d, 0xeb, 0x3d, 0xeb, 0x3d, 0xeb, 0x3d, 0xeb, 0x3d, 0xeb, 0x3d, 0xeb, 0x3d,
    0xeb, 0x3d, 0xeb, 0x3d, 0xeb, 0x3d, 0xeb, 0x3d, 0xeb, 0x3d, 0xeb, 0x3d, 0xeb, 0x3d, 0xeb, 0x3d,
    0xeb, 0x3d, 0xeb, 0x3d, 0xa7, 0x23, 0x00, 0x00, 0x00, 0x00, 0x00, 0x00, 0x00, 0x00, 0x00, 0x00,
    0x00, 0x00, 0x00, 0x00, 0x00, 0x00, 0x00, 0x00, 0x00, 0x00, 0x00, 0x00, 0x00, 0x00, 0x00, 0x00,
    0x00, 0x00, 0x00, 0x00, 0x00, 0x00, 0x00, 0x00, 0x00, 0x00, 0x00, 0x00, 0x00, 0x00, 0x00, 0x00,
    0x00, 0x00, 0x00, 0x00, 0x00, 0x00, 0x00, 0x00, 0x20, 0x00, 0x09, 0x35, 0xeb, 0x3d, 0xeb, 0x3d,
    0xeb, 0x3d, 0xeb, 0x3d, 0xeb, 0x3d, 0xeb, 0x3d, 0xeb, 0x3d, 0xeb, 0x3d, 0xeb, 0x3d, 0xeb, 0x3d,
    0xeb, 0x3d, 0xeb, 0x3d, 0xeb, 0x3d, 0xeb, 0x3d, 0xeb, 0x3d, 0xeb, 0x3d, 0xeb, 0x3d, 0xeb, 0x3d,
    0xeb, 0x3d, 0xeb, 0x3d, 0xeb, 0x3d, 0xeb, 0x3d, 0xeb, 0x3d, 0xeb, 0x3d, 0xeb, 0x3d, 0xeb, 0x3d,
    0xeb, 0x3d, 0xeb, 0x3d, 0xeb, 0x3d, 0xeb, 0x3d, 0xeb, 0x3d, 0xeb, 0x3d, 0xeb, 0x3d, 0xeb, 0x3d,
    0xeb, 0x3d, 0xeb, 0x3d, 0xeb, 0x3d, 0xeb, 0x3d, 0xeb, 0x3d, 0xeb, 0x3d, 0xeb, 0x3d, 0xeb, 0x3d,
    0xeb, 0x3d, 0xeb, 0x3d, 0xeb, 0x3d, 0xeb, 0x3d, 0xeb, 0x3d, 0xeb, 0x3d, 0xeb, 0x3d, 0xeb, 0x3d,
    0xeb, 0x3d, 0xeb, 0x3d, 0xeb, 0x3d, 0xeb, 0x3d, 0xeb, 0x3d, 0xeb, 0x3d, 0xeb, 0x3d, 0xeb, 0x3d,
    0xeb, 0x3d, 0xeb, 0x3d, 0xeb, 0x3d, 0xeb, 0x3d, 0xeb, 0x3d, 0xeb, 0x3d, 0xeb, 0x3d, 0xeb, 0x3d,
    0xeb, 0x3d, 0xeb, 0x3d, 0xeb, 0x3d, 0xeb, 0x3d, 0xeb, 0x3d, 0xeb, 0x3d, 0xeb, 0x3d, 0xeb, 0x3d,
    0xeb, 0x3d, 0xeb, 0x3d, 0x42, 0x09, 0x00, 0x00, 0x00, 0x00, 0x00, 0x00, 0x00, 0x00, 0x00, 0x00,
    0x00, 0x00, 0x00, 0x00, 0x00, 0x00, 0x00, 0x00, 0x00, 0x00, 0x00, 0x00, 0x00, 0x00, 0x00, 0x00,
    0x00, 0x00, 0x00, 0x00, 0x00, 0x00, 0x00, 0x00, 0x00, 0x00, 0x42, 0x09, 0xeb, 0x3d, 0xeb, 0x3d,
    0xeb, 0x3d, 0xeb, 0x3d, 0xeb, 0x3d, 0xeb, 0x3d, 0xeb, 0x3d, 0xeb, 0x3d, 0xeb, 0x3d, 0xeb, 0x3d,
    0xeb, 0x3d, 0xeb, 0x3d, 0xeb, 0x3d, 0xeb, 0x3d, 0xeb, 0x3d, 0xeb, 0x3d, 0xeb, 0x3d, 0xeb, 0x3d,
    0xeb, 0x3d, 0xeb, 0x3d, 0xeb, 0x3d, 0xeb, 0x3d, 0xeb, 0x3d, 0xeb, 0x3d, 0xeb, 0x3d, 0xeb, 0x3d,
    0xeb, 0x3d, 0xeb, 0x3d, 0xeb, 0x3d, 0xeb, 0x3d, 0xeb, 0x3d, 0xeb, 0x3d, 0xeb, 0x3d, 0xeb, 0x3d,
    0xeb, 0x3d, 0xeb, 0x3d, 0xeb, 0x3d, 0xeb, 0x3d, 0xeb, 0x3d, 0xeb, 0x3d, 0xeb, 0x3d, 0xeb, 0x3d,
    0xeb, 0x3d, 0xeb, 0x3d, 0xeb, 0x3d, 0xeb, 0x3d, 0xeb, 0x3d, 0xeb, 0x3d, 0xeb, 0x3d, 0xeb, 0x3d,
    0xeb, 0x3d, 0xeb, 0x3d, 0xeb, 0x3d, 0xeb, 0x3d, 0xeb, 0x3d, 0xeb, 0x3d, 0xeb, 0x3d, 0xeb, 0x3d,
    0xeb, 0x3d, 0xeb, 0x3d, 0xeb, 0x3d, 0xeb, 0x3d, 0xeb, 0x3d, 0xeb, 0x3d, 0xeb, 0x3d, 0xeb, 0x3d,
    0xeb, 0x3d, 0xeb, 0x3d, 0xeb, 0x3d, 0xeb, 0x3d, 0xeb, 0x3d, 0xeb, 0x3d, 0xeb, 0x3d, 0xeb, 0x3d,
    0xeb, 0x3d, 0xeb, 0x3d, 0xa8, 0x34, 0x00, 0x00, 0x00, 0x00, 0x00, 0x00, 0x00, 0x00, 0x00, 0x00,
    0x00, 0x00, 0x00, 0x00, 0x00, 0x00, 0x00, 0x00, 0x00, 0x00, 0x00, 0x00, 0x00, 0x00, 0x00, 0x00,
    0x00, 0x00, 0x00, 0x00, 0x00, 0x00, 0x00, 0x00, 0x00, 0x00, 0x00, 0x00, 0x00, 0x00, 0x00, 0x00,
    0x00, 0x00, 0x00, 0x00, 0x00, 0x00, 0x00, 0x00, 0x81, 0x00, 0xca, 0x3d, 0xeb, 0x3d, 0xeb, 0x3d,
    0xeb, 0x3d, 0xeb, 0x3d, 0xeb, 0x3d, 0xeb, 0x3d, 0xeb, 0x3d, 0xeb, 0x3d, 0xeb, 0x3d, 0xeb, 0x3d,
    0xeb, 0x3d, 0xeb, 0x3d, 0xeb, 0x3d, 0xeb, 0x3d, 0xeb, 0x3d, 0xeb, 0x3d, 0xeb, 0x3d, 0xeb, 0x3d,
    0xeb, 0x3d, 0xeb, 0x3d, 0xeb, 0x3d, 0xeb, 0x3d, 0xeb, 0x3d, 0xeb, 0x3d, 0xeb, 0x3d, 0xeb, 0x3d,
    0xeb, 0x3d, 0xeb, 0x3d, 0xeb, 0x3d, 0xeb, 0x3d, 0xeb, 0x3d, 0xeb, 0x3d, 0xeb, 0x3d, 0xeb, 0x3d,
    0xeb, 0x3d, 0xeb, 0x3d, 0xeb, 0x3d, 0xeb, 0x3d, 0xeb, 0x3d, 0xeb, 0x3d, 0xeb, 0x3d, 0xeb, 0x3d,
    0xeb, 0x3d, 0xeb, 0x3d, 0xeb, 0x3d, 0xeb, 0x3d, 0xeb, 0x3d, 0xeb, 0x3d, 0xeb, 0x3d, 0xeb, 0x3d,
    0xeb, 0x3d, 0xeb, 0x3d, 0xeb, 0x3d, 0xeb, 0x3d, 0xeb, 0x3d, 0xeb, 0x3d, 0xeb, 0x3d, 0xeb, 0x3d,
    0xeb, 0x3d, 0xeb, 0x3d, 0xeb, 0x3d, 0xeb, 0x3d, 0xeb, 0x3d, 0xeb, 0x3d, 0xeb, 0x3d, 0xeb, 0x3d,
    0xeb, 0x3d, 0xeb, 0x3d, 0xeb, 0x3d, 0xeb, 0x3d, 0xeb, 0x3d, 0xeb, 0x3d, 0xeb, 0x3d, 0xeb, 0x3d,
    0xeb, 0x3d, 0xeb, 0x3d, 0x42, 0x09, 0x00, 0x00, 0x00, 0x00, 0x00, 0x00, 0x00, 0x00, 0x00, 0x00,
    0x00, 0x00, 0x00, 0x00, 0x00, 0x00, 0x00, 0x00, 0x00, 0x00, 0x00, 0x00, 0x00, 0x00, 0x00, 0x00,
    0x00, 0x00, 0x00, 0x00, 0x00, 0x00, 0x00, 0x00, 0x00, 0x00, 0x42, 0x09, 0xeb, 0x3d, 0xeb, 0x3d,
    0xeb, 0x3d, 0xeb, 0x3d, 0xeb, 0x3d, 0xeb, 0x3d, 0xeb, 0x3d, 0xeb, 0x3d, 0xeb, 0x3d, 0xeb, 0x3d,
    0xeb, 0x3d, 0xeb, 0x3d, 0xeb, 0x3d, 0xeb, 0x3d, 0xeb, 0x3d, 0xeb, 0x3d, 0xeb, 0x3d, 0xeb, 0x3d,
    0xeb, 0x3d, 0xeb, 0x3d, 0xeb, 0x3d, 0xeb, 0x3d, 0xeb, 0x3d, 0xeb, 0x3d, 0xeb, 0x3d, 0xeb, 0x3d,
    0xeb, 0x3d, 0xeb, 0x3d, 0xeb, 0x3d, 0xeb, 0x3d, 0xeb, 0x3d, 0xeb, 0x3d, 0xeb, 0x3d, 0xeb, 0x3d,
    0xeb, 0x3d, 0xeb, 0x3d, 0xeb, 0x3d, 0xeb, 0x3d, 0xeb, 0x3d, 0xeb, 0x3d, 0xeb, 0x3d, 0xeb, 0x3d,
    0xeb, 0x3d, 0xeb, 0x3d, 0xeb, 0x3d, 0xeb, 0x3d, 0xeb, 0x3d, 0xeb, 0x3d, 0xeb, 0x3d, 0xeb, 0x3d,
    0xeb, 0x3d, 0xeb, 0x3d, 0xeb, 0x3d, 0xeb, 0x3d, 0xeb, 0x3d, 0xeb, 0x3d, 0xeb, 0x3d, 0xeb, 0x3d,
    0xeb, 0x3d, 0xeb, 0x3d, 0xeb, 0x3d, 0xeb, 0x3d, 0xeb, 0x3d, 0xeb, 0x3d, 0xeb, 0x3d, 0xeb, 0x3d,
    0xeb, 0x3d, 0xeb, 0x3d, 0xeb, 0x3d, 0xeb, 0x3d, 0xeb, 0x3d, 0xeb, 0x3d, 0xeb, 0x3d, 0xeb, 0x3d,
    0xeb, 0x3d, 0xeb, 0x3d, 0x6a, 0x3d, 0x40, 0x00, 0x00, 0x00, 0x00, 0x00, 0x00, 0x00, 0x00, 0x00,
    0x00, 0x00, 0x00, 0x00, 0x00, 0x00, 0x00, 0x00, 0x00, 0x00, 0x00, 0x00, 0x00, 0x00, 0x00, 0x00,
    0x00, 0x00, 0x00, 0x00, 0x00, 0x00, 0x00, 0x00, 0x00, 0x00, 0x00, 0x00, 0x00, 0x00, 0x00, 0x00,
    0x00, 0x00, 0x00, 0x00, 0x00, 0x00, 0x00, 0x00, 0x82, 0x11, 0xeb, 0x3d, 0xeb, 0x3d, 0xeb, 0x3d,
    0xeb, 0x3d, 0xeb, 0x3d, 0xeb, 0x3d, 0xeb, 0x3d, 0xeb, 0x3d, 0xeb, 0x3d, 0xeb, 0x3d, 0xeb, 0x3d,
    0xeb, 0x3d, 0xeb, 0x3d, 0xeb, 0x3d, 0xeb, 0x3d, 0xeb, 0x3d, 0xeb, 0x3d, 0xeb, 0x3d, 0xeb, 0x3d,
    0xeb, 0x3d, 0xeb, 0x3d, 0xeb, 0x3d, 0xeb, 0x3d, 0xeb, 0x3d, 0xeb, 0x3d, 0xeb, 0x3d, 0xeb, 0x3d,
    0xeb, 0x3d, 0xeb, 0x3d, 0xeb, 0x3d, 0xeb, 0x3d, 0xeb, 0x3d, 0xeb, 0x3d, 0xeb, 0x3d, 0xeb, 0x3d,
    0xeb, 0x3d, 0xeb, 0x3d, 0xeb, 0x3d, 0xeb, 0x3d, 0xeb, 0x3d, 0xeb, 0x3d, 0xeb, 0x3d, 0xeb, 0x3d,
    0xeb, 0x3d, 0xeb, 0x3d, 0xeb, 0x3d, 0xeb, 0x3d, 0xeb, 0x3d, 0xeb, 0x3d, 0xeb, 0x3d, 0xeb, 0x3d,
    0xeb, 0x3d, 0xeb, 0x3d, 0xeb, 0x3d, 0xeb, 0x3d, 0xeb, 0x3d, 0xeb, 0x3d, 0xeb, 0x3d, 0xeb, 0x3d,
    0xeb, 0x3d, 0xeb, 0x3d, 0xeb, 0x3d, 0xeb, 0x3d, 0xeb, 0x3d, 0xeb, 0x3d, 0xeb, 0x3d, 0xeb, 0x3d,
    0xeb, 0x3d, 0xeb, 0x3d, 0xeb, 0x3d, 0xeb, 0x3d, 0xeb, 0x3d, 0xeb, 0x3d, 0xeb, 0x3d, 0xeb, 0x3d,
    0xeb, 0x3d, 0xeb, 0x3d, 0x42, 0x09, 0x00, 0x00, 0x00, 0x00, 0x00, 0x00, 0x00, 0x00, 0x00, 0x00,
    0x00, 0x00, 0x00, 0x00, 0x00, 0x00, 0x00, 0x00, 0x00, 0x00, 0x00, 0x00, 0x00, 0x00, 0x00, 0x00,
    0x00, 0x00, 0x00, 0x00, 0x00, 0x00, 0x00, 0x00, 0x00, 0x00, 0x42, 0x09, 0xeb, 0x3d, 0xeb, 0x3d,
    0xeb, 0x3d, 0xeb, 0x3d, 0xeb, 0x3d, 0xeb, 0x3d, 0xeb, 0x3d, 0xeb, 0x3d, 0xeb, 0x3d, 0xeb, 0x3d,
    0xeb, 0x3d, 0xeb, 0x3d, 0xeb, 0x3d, 0xeb, 0x3d, 0xeb, 0x3d, 0xeb, 0x3d, 0xeb, 0x3d, 0xeb, 0x3d,
    0xeb, 0x3d, 0xeb, 0x3d, 0xeb, 0x3d, 0xeb, 0x3d, 0xeb, 0x3d, 0xeb, 0x3d, 0xeb, 0x3d, 0xeb, 0x3d,
    0xeb, 0x3d, 0xeb, 0x3d, 0xeb, 0x3d, 0xeb, 0x3d, 0xeb, 0x3d, 0xeb, 0x3d, 0xeb, 0x3d, 0xeb, 0x3d,
    0xeb, 0x3d, 0xeb, 0x3d, 0xeb, 0x3d, 0xeb, 0x3d, 0xeb, 0x3d, 0xeb, 0x3d, 0xeb, 0x3d, 0xeb, 0x3d,
    0xeb, 0x3d, 0xeb, 0x3d, 0xeb, 0x3d, 0xeb, 0x3d, 0xeb, 0x3d, 0xeb, 0x3d, 0xeb, 0x3d, 0xeb, 0x3d,
    0xeb, 0x3d, 0xeb, 0x3d, 0xeb, 0x3d, 0xeb, 0x3d, 0xeb, 0x3d, 0xeb, 0x3d, 0xeb, 0x3d, 0xeb, 0x3d,
    0xeb, 0x3d, 0xeb, 0x3d, 0xeb, 0x3d, 0xeb, 0x3d, 0xeb, 0x3d, 0xeb, 0x3d, 0xeb, 0x3d, 0xeb, 0x3d,
    0xeb, 0x3d, 0xeb, 0x3d, 0xeb, 0x3d, 0xeb, 0x3d, 0xeb, 0x3d, 0xeb, 0x3d, 0xeb, 0x3d, 0xeb, 0x3d,
    0xeb, 0x3d, 0xeb, 0x3d, 0xeb, 0x3d, 0xc1, 0x08, 0x00, 0x00, 0x00, 0x00, 0x00, 0x00, 0x00, 0x00,
    0x00, 0x00, 0x00, 0x00, 0x00, 0x00, 0x00, 0x00, 0x00, 0x00, 0x00, 0x00, 0x00, 0x00, 0x00, 0x00,
    0x00, 0x00, 0x00, 0x00, 0x00, 0x00, 0x00, 0x00, 0x00, 0x00, 0x00, 0x00, 0x00, 0x00, 0x00, 0x00,
    0x00, 0x00, 0x00, 0x00, 0x00, 0x00, 0x00, 0x00, 0xa5, 0x1a, 0xeb, 0x3d, 0xeb, 0x3d, 0xeb, 0x3d,
    0xeb, 0x3d, 0xeb, 0x3d, 0xeb, 0x3d, 0xeb, 0x3d, 0xeb, 0x3d, 0xeb, 0x3d, 0xeb, 0x3d, 0xeb, 0x3d,
    0xeb, 0x3d, 0xeb, 0x3d, 0xeb, 0x3d, 0xeb, 0x3d, 0xeb, 0x3d, 0xeb, 0x3d, 0xeb, 0x3d, 0xeb, 0x3d,
    0xeb, 0x3d, 0xeb, 0x3d, 0xeb, 0x3d, 0xeb, 0x3d, 0xeb, 0x3d, 0xeb, 0x3d, 0xeb, 0x3d, 0xeb, 0x3d,
    0xeb, 0x3d, 0xeb, 0x3d, 0xeb, 0x3d, 0xeb, 0x3d, 0xeb, 0x3d, 0xeb, 0x3d, 0xeb, 0x3d, 0xeb, 0x3d,
    0xeb, 0x3d, 0xeb, 0x3d, 0xeb, 0x3d, 0xeb, 0x3d, 0xeb, 0x3d, 0xeb, 0x3d, 0xeb, 0x3d, 0xeb, 0x3d,
    0xeb, 0x3d, 0xeb, 0x3d, 0xeb, 0x3d, 0xeb, 0x3d, 0xeb, 0x3d, 0xeb, 0x3d, 0xeb, 0x3d, 0xeb, 0x3d,
    0xeb, 0x3d, 0xeb, 0x3d, 0xeb, 0x3d, 0xeb, 0x3d, 0xeb, 0x3d, 0xeb, 0x3d, 0xeb, 0x3d, 0xeb, 0x3d,
    0xeb, 0x3d, 0xeb, 0x3d, 0xeb, 0x3d, 0xeb, 0x3d, 0xeb, 0x3d, 0xeb, 0x3d, 0xeb, 0x3d, 0xeb, 0x3d,
    0xeb, 0x3d, 0xeb, 0x3d, 0xeb, 0x3d, 0xeb, 0x3d, 0xeb, 0x3d, 0xeb, 0x3d, 0xeb, 0x3d, 0xeb, 0x3d,
    0xeb, 0x3d, 0xeb, 0x3d, 0x42, 0x09, 0x00, 0x00, 0x00, 0x00, 0x00, 0x00, 0x00, 0x00, 0x00, 0x00,
    0x00, 0x00, 0x00, 0x00, 0x00, 0x00, 0x00, 0x00, 0x00, 0x00, 0x00, 0x00, 0x00, 0x00, 0x00, 0x00,
    0x00, 0x00, 0x00, 0x00, 0x00, 0x00, 0x00, 0x00, 0x00, 0x00, 0x42, 0x09, 0xeb, 0x3d, 0xeb, 0x3d,
    0xeb, 0x3d, 0xeb, 0x3d, 0xeb, 0x3d, 0xeb, 0x3d, 0xeb, 0x3d, 0xeb, 0x3d, 0xeb, 0x3d, 0xeb, 0x3d,
    0xeb, 0x3d, 0xeb, 0x3d, 0xeb, 0x3d, 0xeb, 0x3d, 0xeb, 0x3d, 0xeb, 0x3d, 0xeb, 0x3d, 0xeb, 0x3d,
    0xeb, 0x3d, 0xeb, 0x3d, 0xeb, 0x3d, 0xeb, 0x3d, 0xeb, 0x3d, 0xeb, 0x3d, 0xeb, 0x3d, 0xeb, 0x3d,
    0xeb, 0x3d, 0xeb, 0x3d, 0xeb, 0x3d, 0xeb, 0x3d, 0xeb, 0x3d, 0xeb, 0x3d, 0xeb, 0x3d, 0xeb, 0x3d,
    0xeb, 0x3d, 0xeb, 0x3d, 0xeb, 0x3d, 0xeb, 0x3d, 0xeb, 0x3d, 0xeb, 0x3d, 0xeb, 0x3d, 0xeb, 0x3d,
    0xeb, 0x3d, 0xeb, 0x3d, 0xeb, 0x3d, 0xeb, 0x3d, 0xeb, 0x3d, 0xeb, 0x3d, 0xeb, 0x3d, 0xeb, 0x3d,
    0xeb, 0x3d, 0xeb, 0x3d, 0xeb, 0x3d, 0xeb, 0x3d, 0xeb, 0x3d, 0xeb, 0x3d, 0xeb, 0x3d, 0xeb, 0x3d,
    0xeb, 0x3d, 0xeb, 0x3d, 0xeb, 0x3d, 0xeb, 0x3d, 0xeb, 0x3d, 0xeb, 0x3d, 0xeb, 0x3d, 0xeb, 0x3d,
    0xeb, 0x3d, 0xeb, 0x3d, 0xeb, 0x3d, 0xeb, 0x3d, 0xeb, 0x3d, 0xeb, 0x3d, 0xeb, 0x3d, 0xeb, 0x3d,
    0xeb, 0x3d, 0xeb, 0x3d, 0xeb, 0x3d, 0xc3, 0x11, 0x00, 0x00, 0x00, 0x00, 0x00, 0x00, 0x00, 0x00,
    0x00, 0x00, 0x00, 0x00, 0x00, 0x00, 0x00, 0x00, 0x00, 0x00, 0x00, 0x00, 0x00, 0x00, 0x00, 0x00,
    0x00, 0x00, 0x00, 0x00, 0x00, 0x00, 0x00, 0x00, 0x00, 0x00, 0x00, 0x00, 0x00, 0x00, 0x00, 0x00,
    0x00, 0x00, 0x00, 0x00, 0x00, 0x00, 0x00, 0x00, 0x86, 0x23, 0xeb, 0x3d, 0xeb, 0x3d, 0xeb, 0x3d,
    0xeb, 0x3d, 0xeb, 0x3d, 0xeb, 0x3d, 0xeb, 0x3d, 0xeb, 0x3d, 0xeb, 0x3d, 0xeb, 0x3d, 0xeb, 0x3d,
    0xeb, 0x3d, 0xeb, 0x3d, 0xeb, 0x3d, 0xeb, 0x3d, 0xeb, 0x3d, 0xeb, 0x3d, 0xeb, 0x3d, 0xeb, 0x3d,
    0xeb, 0x3d, 0xeb, 0x3d, 0xeb, 0x3d, 0xeb, 0x3d, 0xeb, 0x3d, 0xeb, 0x3d, 0xeb, 0x3d, 0xeb, 0x3d,
    0xeb, 0x3d, 0xeb, 0x3d, 0xeb, 0x3d, 0xeb, 0x3d, 0xeb, 0x3d, 0xeb, 0x3d, 0xeb, 0x3d, 0xeb, 0x3d,
    0xeb, 0x3d, 0xeb, 0x3d, 0xeb, 0x3d, 0xeb, 0x3d, 0xeb, 0x3d, 0xeb, 0x3d, 0xeb, 0x3d, 0xeb, 0x3d,
    0xeb, 0x3d, 0xeb, 0x3d, 0xeb, 0x3d, 0xeb, 0x3d, 0xeb, 0x3d, 0xeb, 0x3d, 0xeb, 0x3d, 0xeb, 0x3d,
    0xeb, 0x3d, 0xeb, 0x3d, 0xeb, 0x3d, 0xeb, 0x3d, 0xeb, 0x3d, 0xeb, 0x3d, 0xeb, 0x3d, 0xeb, 0x3d,
    0xeb, 0x3d, 0xeb, 0x3d, 0xeb, 0x3d, 0xeb, 0x3d, 0xeb, 0x3d, 0xeb, 0x3d, 0xeb, 0x3d, 0xeb, 0x3d,
    0xeb, 0x3d, 0xeb, 0x3d, 0xeb, 0x3d, 0xeb, 0x3d, 0xeb, 0x3d, 0xeb, 0x3d, 0xeb, 0x3d, 0xeb, 0x3d,
    0xeb, 0x3d, 0xeb, 0x3d, 0x42, 0x09, 0x00, 0x00, 0x00, 0x00, 0x00, 0x00, 0x00, 0x00, 0x00, 0x00,
    0x00, 0x00, 0x00, 0x00, 0x00, 0x00, 0x00, 0x00, 0x00, 0x00, 0x00, 0x00, 0x00, 0x00, 0x00, 0x00,
    0x00, 0x00, 0x00, 0x00, 0x00, 0x00, 0x00, 0x00, 0x00, 0x00, 0x42, 0x09, 0xeb, 0x3d, 0xeb, 0x3d,
    0xeb, 0x3d, 0xeb, 0x3d, 0xeb, 0x3d, 0xeb, 0x3d, 0xeb, 0x3d, 0xeb, 0x3d, 0xeb, 0x3d, 0xeb, 0x3d,
    0xeb, 0x3d, 0xeb, 0x3d, 0xeb, 0x3d, 0xeb, 0x3d, 0xeb, 0x3d, 0xeb, 0x3d, 0xeb, 0x3d, 0xeb, 0x3d,
    0xeb, 0x3d, 0xeb, 0x3d, 0xeb, 0x3d, 0xeb, 0x3d, 0xeb, 0x3d, 0xeb, 0x3d, 0xeb, 0x3d, 0xeb, 0x3d,
    0xeb, 0x3d, 0xeb, 0x3d, 0xeb, 0x3d, 0xeb, 0x3d, 0xeb, 0x3d, 0xeb, 0x3d, 0xeb, 0x3d, 0xeb, 0x3d,
    0xeb, 0x3d, 0xeb, 0x3d, 0xeb, 0x3d, 0xeb, 0x3d, 0xeb, 0x3d, 0xeb, 0x3d, 0xeb, 0x3d, 0xeb, 0x3d,
    0xeb, 0x3d, 0xeb, 0x3d, 0xeb, 0x3d, 0xeb, 0x3d, 0xeb, 0x3d, 0xeb, 0x3d, 0xeb, 0x3d, 0xeb, 0x3d,
    0xeb, 0x3d, 0xeb, 0x3d, 0xeb, 0x3d, 0xeb, 0x3d, 0xeb, 0x3d, 0xeb, 0x3d, 0xeb, 0x3d, 0xeb, 0x3d,
    0xeb, 0x3d, 0xeb, 0x3d, 0xeb, 0x3d, 0xeb, 0x3d, 0xeb, 0x3d, 0xeb, 0x3d, 0xeb, 0x3d, 0xeb, 0x3d,
    0xeb, 0x3d, 0xeb, 0x3d, 0xeb, 0x3d, 0xeb, 0x3d, 0xeb, 0x3d, 0xeb, 0x3d, 0xeb, 0x3d, 0xeb, 0x3d,
    0xeb, 0x3d, 0xeb, 0x3d, 0xeb, 0x3d, 0xa5, 0x1a, 0x00, 0x00, 0x00, 0x00, 0x00, 0x00, 0x00, 0x00,
    0x00, 0x00, 0x00, 0x00, 0x00, 0x00, 0x00, 0x00, 0x00, 0x00, 0x00, 0x00, 0x00, 0x00, 0x00, 0x00,
    0x00, 0x00, 0x00, 0x00, 0x00, 0x00, 0x00, 0x00, 0x00, 0x00, 0x00, 0x00, 0x00, 0x00, 0x00, 0x00,
    0x00, 0x00, 0x00, 0x00, 0x00, 0x00, 0x00, 0x00, 0xe7, 0x2b, 0xeb, 0x3d, 0xeb, 0x3d, 0xeb, 0x3d,
    0xeb, 0x3d, 0xeb, 0x3d, 0xeb, 0x3d, 0xeb, 0x3d, 0xeb, 0x3d, 0xeb, 0x3d, 0xeb, 0x3d, 0xeb, 0x3d,
    0xeb, 0x3d, 0xeb, 0x3d, 0xeb, 0x3d, 0xeb, 0x3d, 0xeb, 0x3d, 0xeb, 0x3d, 0xeb, 0x3d, 0xeb, 0x3d,
    0xeb, 0x3d, 0xeb, 0x3d, 0xeb, 0x3d, 0xeb, 0x3d, 0xeb, 0x3d, 0xeb, 0x3d, 0xeb, 0x3d, 0xeb, 0x3d,
    0xeb, 0x3d, 0xeb, 0x3d, 0xeb, 0x3d, 0xeb, 0x3d, 0xeb, 0x3d, 0xeb, 0x3d, 0xeb, 0x3d, 0xeb, 0x3d,
    0xeb, 0x3d, 0xeb, 0x3d, 0xeb, 0x3d, 0xeb, 0x3d, 0xeb, 0x3d, 0xeb, 0x3d, 0xeb, 0x3d, 0xeb, 0x3d,
    0xeb, 0x3d, 0xeb, 0x3d, 0xeb, 0x3d, 0xeb, 0x3d, 0xeb, 0x3d, 0xeb, 0x3d, 0xeb, 0x3d, 0xeb, 0x3d,
    0xeb, 0x3d, 0xeb, 0x3d, 0xeb, 0x3d, 0xeb, 0x3d, 0xeb, 0x3d, 0xeb, 0x3d, 0xeb, 0x3d, 0xeb, 0x3d,
    0xeb, 0x3d, 0xeb, 0x3d, 0xeb, 0x3d, 0xeb, 0x3d, 0xeb, 0x3d, 0xeb, 0x3d, 0xeb, 0x3d, 0xeb, 0x3d,
    0xeb, 0x3d, 0xeb, 0x3d, 0xeb, 0x3d, 0xeb, 0x3d, 0xeb, 0x3d, 0xeb, 0x3d, 0xeb, 0x3d, 0xeb, 0x3d,
    0xeb, 0x3d, 0xeb, 0x3d, 0x42, 0x09, 0x00, 0x00, 0x00, 0x00, 0x00, 0x00, 0x00, 0x00, 0x00, 0x00,
    0x00, 0x00, 0x00, 0x00, 0x00, 0x00, 0x00, 0x00, 0x00, 0x00, 0x00, 0x00, 0x00, 0x00, 0x00, 0x00,
    0x00, 0x00, 0x00, 0x00, 0x00, 0x00, 0x00, 0x00, 0x00, 0x00, 0x42, 0x09, 0xeb, 0x3d, 0xeb, 0x3d,
    0xeb, 0x3d, 0xeb, 0x3d, 0xeb, 0x3d, 0xeb, 0x3d, 0xeb, 0x3d, 0xeb, 0x3d, 0xeb, 0x3d, 0xeb, 0x3d,
    0xeb, 0x3d, 0xeb, 0x3d, 0xeb, 0x3d, 0xeb, 0x3d, 0xeb, 0x3d, 0xeb, 0x3d, 0xeb, 0x3d, 0xeb, 0x3d,
    0xeb, 0x3d, 0xeb, 0x3d, 0xeb, 0x3d, 0xeb, 0x3d, 0xeb, 0x3d, 0xeb, 0x3d, 0xeb, 0x3d, 0xeb, 0x3d,
    0xeb, 0x3d, 0xeb, 0x3d, 0xeb, 0x3d, 0xeb, 0x3d, 0xeb, 0x3d, 0xeb, 0x3d, 0xeb, 0x3d, 0xeb, 0x3d,
    0xeb, 0x3d, 0xeb, 0x3d, 0xeb, 0x3d, 0xeb, 0x3d, 0xeb, 0x3d, 0xeb, 0x3d, 0xeb, 0x3d, 0xeb, 0x3d,
    0xeb, 0x3d, 0xeb, 0x3d, 0xeb, 0x3d, 0xeb, 0x3d, 0xeb, 0x3d, 0xeb, 0x3d, 0xeb, 0x3d, 0xeb, 0x3d,
    0xeb, 0x3d, 0xeb, 0x3d, 0xeb, 0x3d, 0xeb, 0x3d, 0xeb, 0x3d, 0xeb, 0x3d, 0xeb, 0x3d, 0xeb, 0x3d,
    0xeb, 0x3d, 0xeb, 0x3d, 0xeb, 0x3d, 0xeb, 0x3d, 0xeb, 0x3d, 0xeb, 0x3d, 0xeb, 0x3d, 0xeb, 0x3d,
    0xeb, 0x3d, 0xeb, 0x3d, 0xeb, 0x3d, 0xeb, 0x3d, 0xeb, 0x3d, 0xeb, 0x3d, 0xeb, 0x3d, 0xeb, 0x3d,
    0xeb, 0x3d, 0xeb, 0x3d, 0xeb, 0x3d, 0x26, 0x23, 0x00, 0x00, 0x00, 0x00, 0x00, 0x00, 0x00, 0x00,
    0x00, 0x00, 0x00, 0x00, 0x00, 0x00, 0x00, 0x00, 0x00, 0x00, 0x00, 0x00, 0x00, 0x00, 0x00, 0x00,
    0x00, 0x00, 0x00, 0x00, 0x00, 0x00, 0x00, 0x00, 0x00, 0x00, 0x00, 0x00, 0x00, 0x00, 0x00, 0x00,
    0x00, 0x00, 0x00, 0x00, 0x00, 0x00, 0x00, 0x00, 0xc7, 0x23, 0xeb, 0x3d, 0xeb, 0x3d, 0xeb, 0x3d,
    0xeb, 0x3d, 0xeb, 0x3d, 0xeb, 0x3d, 0xeb, 0x3d, 0xeb, 0x3d, 0xeb, 0x3d, 0xeb, 0x3d, 0xeb, 0x3d,
    0xeb, 0x3d, 0xeb, 0x3d, 0xeb, 0x3d, 0xeb, 0x3d, 0xeb, 0x3d, 0xeb, 0x3d, 0xeb, 0x3d, 0xeb, 0x3d,
    0xeb, 0x3d, 0xeb, 0x3d, 0xeb, 0x3d, 0xeb, 0x3d, 0xeb, 0x3d, 0xeb, 0x3d, 0xeb, 0x3d, 0xeb, 0x3d,
    0xeb, 0x3d, 0xeb, 0x3d, 0xeb, 0x3d, 0xeb, 0x3d, 0xeb, 0x3d, 0xeb, 0x3d, 0xeb, 0x3d, 0xeb, 0x3d,
    0xeb, 0x3d, 0xeb, 0x3d, 0xeb, 0x3d, 0xeb, 0x3d, 0xeb, 0x3d, 0xeb, 0x3d, 0xeb, 0x3d, 0xeb, 0x3d,
    0xeb, 0x3d, 0xeb, 0x3d, 0xeb, 0x3d, 0xeb, 0x3d, 0xeb, 0x3d, 0xeb, 0x3d, 0xeb, 0x3d, 0xeb, 0x3d,
    0xeb, 0x3d, 0xeb, 0x3d, 0xeb, 0x3d, 0xeb, 0x3d, 0xeb, 0x3d, 0xeb, 0x3d, 0xeb, 0x3d, 0xeb, 0x3d,
    0xeb, 0x3d, 0xeb, 0x3d, 0xeb, 0x3d, 0xeb, 0x3d, 0xeb, 0x3d, 0xeb, 0x3d, 0xeb, 0x3d, 0xeb, 0x3d,
    0xeb, 0x3d, 0xeb, 0x3d, 0xeb, 0x3d, 0xeb, 0x3d, 0xeb, 0x3d, 0xeb, 0x3d, 0xeb, 0x3d, 0xeb, 0x3d,
    0xeb, 0x3d, 0xeb, 0x3d, 0x82, 0x11, 0x00, 0x00, 0x00, 0x00, 0x00, 0x00, 0x00, 0x00, 0x00, 0x00,
    0x00, 0x00, 0x00, 0x00, 0x00, 0x00, 0x00, 0x00, 0x00, 0x00, 0x00, 0x00, 0x00, 0x00, 0x00, 0x00,
    0x00, 0x00, 0x00, 0x00, 0x00, 0x00, 0x00, 0x00, 0x00, 0x00, 0x82, 0x11, 0xeb, 0x3d, 0xeb, 0x3d,
    0xeb, 0x3d, 0xeb, 0x3d, 0xeb, 0x3d, 0xeb, 0x3d, 0xeb, 0x3d, 0xeb, 0x3d, 0xeb, 0x3d, 0xeb, 0x3d,
    0xeb, 0x3d, 0xeb, 0x3d, 0xeb, 0x3d, 0xeb, 0x3d, 0xeb, 0x3d, 0xeb, 0x3d, 0xeb, 0x3d, 0xeb, 0x3d,
    0xeb, 0x3d, 0xeb, 0x3d, 0xeb, 0x3d, 0xeb, 0x3d, 0xeb, 0x3d, 0xeb, 0x3d, 0xeb, 0x3d, 0xeb, 0x3d,
    0xeb, 0x3d, 0xeb, 0x3d, 0xeb, 0x3d, 0xeb, 0x3d, 0xeb, 0x3d, 0xeb, 0x3d, 0xeb, 0x3d, 0xeb, 0x3d,
    0xeb, 0x3d, 0xeb, 0x3d, 0xeb, 0x3d, 0xeb, 0x3d, 0xeb, 0x3d, 0xeb, 0x3d, 0xeb, 0x3d, 0xeb, 0x3d,
    0xeb, 0x3d, 0xeb, 0x3d, 0xeb, 0x3d, 0xeb, 0x3d, 0xeb, 0x3d, 0xeb, 0x3d, 0xeb, 0x3d, 0xeb, 0x3d,
    0xeb, 0x3d, 0xeb, 0x3d, 0xeb, 0x3d, 0xeb, 0x3d, 0xeb, 0x3d, 0xeb, 0x3d, 0xeb, 0x3d, 0xeb, 0x3d,
    0xeb, 0x3d, 0xeb, 0x3d, 0xeb, 0x3d, 0xeb, 0x3d, 0xeb, 0x3d, 0xeb, 0x3d, 0xeb, 0x3d, 0xeb, 0x3d,
    0xeb, 0x3d, 0xeb, 0x3d, 0xeb, 0x3d, 0xeb, 0x3d, 0xeb, 0x3d, 0xeb, 0x3d, 0xeb, 0x3d, 0xeb, 0x3d,
    0xeb, 0x3d, 0xeb, 0x3d, 0xeb, 0x3d, 0xa6, 0x23, 0x00, 0x00, 0x00, 0x00, 0x00, 0x00, 0x00, 0x00,
    0x00, 0x00, 0x00, 0x00, 0x00, 0x00, 0x00, 0x00, 0x00, 0x00, 0x00, 0x00, 0x00, 0x00, 0x00, 0x00,
    0x00, 0x00, 0x00, 0x00, 0x00, 0x00, 0x00, 0x00, 0x00, 0x00, 0x00, 0x00, 0x00, 0x00, 0x00, 0x00,
    0x00, 0x00, 0x00, 0x00, 0x00, 0x00, 0x00, 0x00, 0x86, 0x23, 0xeb, 0x3d, 0xeb, 0x3d, 0xeb, 0x3d,
    0xeb, 0x3d, 0xeb, 0x3d, 0xeb, 0x3d, 0xeb, 0x3d, 0xeb, 0x3d, 0xeb, 0x3d, 0xeb, 0x3d, 0xeb, 0x3d,
    0xeb, 0x3d, 0xeb, 0x3d, 0xeb, 0x3d, 0xeb, 0x3d, 0xeb, 0x3d, 0xeb, 0x3d, 0xeb, 0x3d, 0xeb, 0x3d,
    0xeb, 0x3d, 0xeb, 0x3d, 0xeb, 0x3d, 0xeb, 0x3d, 0xeb, 0x3d, 0xeb, 0x3d, 0xeb, 0x3d, 0xeb, 0x3d,
    0xeb, 0x3d, 0xeb, 0x3d, 0xeb, 0x3d, 0xeb, 0x3d, 0xeb, 0x3d, 0xeb, 0x3d, 0xeb, 0x3d, 0xeb, 0x3d,
    0xeb, 0x3d, 0xeb, 0x3d, 0xeb, 0x3d, 0xeb, 0x3d, 0xeb, 0x3d, 0xeb, 0x3d, 0xeb, 0x3d, 0xeb, 0x3d,
    0xeb, 0x3d, 0xeb, 0x3d, 0xeb, 0x3d, 0xeb, 0x3d, 0xeb, 0x3d, 0xeb, 0x3d, 0xeb, 0x3d, 0xeb, 0x3d,
    0xeb, 0x3d, 0xeb, 0x3d, 0xeb, 0x3d, 0xeb, 0x3d, 0xeb, 0x3d, 0xeb, 0x3d, 0xeb, 0x3d, 0xeb, 0x3d,
    0xeb, 0x3d, 0xeb, 0x3d, 0xeb, 0x3d, 0xeb, 0x3d, 0xeb, 0x3d, 0xeb, 0x3d, 0xeb, 0x3d, 0xeb, 0x3d,
    0xeb, 0x3d, 0xeb, 0x3d, 0xeb, 0x3d, 0xeb, 0x3d, 0xeb, 0x3d, 0xeb, 0x3d, 0xeb, 0x3d, 0xeb, 0x3d,
    0xeb, 0x3d, 0xeb, 0x3d, 0x22, 0x09, 0x00, 0x00, 0x00, 0x00, 0x00, 0x00, 0x00, 0x00, 0x00, 0x00,
    0x00, 0x00, 0x00, 0x00, 0x00, 0x00, 0x00, 0x00, 0x00, 0x00, 0x00, 0x00, 0x00, 0x00, 0x00, 0x00,
    0x00, 0x00, 0x00, 0x00, 0x00, 0x00, 0x00, 0x00, 0x00, 0x00, 0x22, 0x09, 0xeb, 0x3d, 0xeb, 0x3d,
    0xeb, 0x3d, 0xeb, 0x3d, 0xeb, 0x3d, 0xeb, 0x3d, 0xeb, 0x3d, 0xeb, 0x3d, 0xeb, 0x3d, 0xeb, 0x3d,
    0xeb, 0x3d, 0xeb, 0x3d, 0xeb, 0x3d, 0xeb, 0x3d, 0xeb, 0x3d, 0xeb, 0x3d, 0xeb, 0x3d, 0xeb, 0x3d,
    0xeb, 0x3d, 0xeb, 0x3d, 0xeb, 0x3d, 0xeb, 0x3d, 0xeb, 0x3d, 0xeb, 0x3d, 0xeb, 0x3d, 0xeb, 0x3d,
    0xeb, 0x3d, 0xeb, 0x3d, 0xeb, 0x3d, 0xeb, 0x3d, 0xeb, 0x3d, 0xeb, 0x3d, 0xeb, 0x3d, 0xeb, 0x3d,
    0xeb, 0x3d, 0xeb, 0x3d, 0xeb, 0x3d, 0xeb, 0x3d, 0xeb, 0x3d, 0xeb, 0x3d, 0xeb, 0x3d, 0xeb, 0x3d,
    0xeb, 0x3d, 0xeb, 0x3d, 0xeb, 0x3d, 0xeb, 0x3d, 0xeb, 0x3d, 0xeb, 0x3d, 0xeb, 0x3d, 0xeb, 0x3d,
    0xeb, 0x3d, 0xeb, 0x3d, 0xeb, 0x3d, 0xeb, 0x3d, 0xeb, 0x3d, 0xeb, 0x3d, 0xeb, 0x3d, 0xeb, 0x3d,
    0xeb, 0x3d, 0xeb, 0x3d, 0xeb, 0x3d, 0xeb, 0x3d, 0xeb, 0x3d, 0xeb, 0x3d, 0xeb, 0x3d, 0xeb, 0x3d,
    0xeb, 0x3d, 0xeb, 0x3d, 0xeb, 0x3d, 0xeb, 0x3d, 0xeb, 0x3d, 0xeb, 0x3d, 0xeb, 0x3d, 0xeb, 0x3d,
    0xeb, 0x3d, 0xeb, 0x3d, 0xeb, 0x3d, 0x86, 0x23, 0x00, 0x00, 0x00, 0x00, 0x00, 0x00, 0x00, 0x00,
    0x00, 0x00, 0x00, 0x00, 0x00, 0x00, 0x00, 0x00, 0x00, 0x00, 0x00, 0x00, 0x00, 0x00, 0x00, 0x00,
    0x00, 0x00, 0x00, 0x00, 0x00, 0x00, 0x00, 0x00, 0x00, 0x00, 0x00, 0x00, 0x00, 0x00, 0x00, 0x00,
    0x00, 0x00, 0x00, 0x00, 0x00, 0x00, 0x00, 0x00, 0x26, 0x23, 0xeb, 0x3d, 0xeb, 0x3d, 0xeb, 0x3d,
    0xeb, 0x3d, 0xeb, 0x3d, 0xeb, 0x3d, 0xeb, 0x3d, 0xeb, 0x3d, 0xeb, 0x3d, 0xeb, 0x3d, 0xeb, 0x3d,
    0xeb, 0x3d, 0xeb, 0x3d, 0xeb, 0x3d, 0xeb, 0x3d, 0xeb, 0x3d, 0xeb, 0x3d, 0xeb, 0x3d, 0xeb, 0x3d,
    0xeb, 0x3d, 0xeb, 0x3d, 0xeb, 0x3d, 0xeb, 0x3d, 0xeb, 0x3d, 0xeb, 0x3d, 0xeb, 0x3d, 0xeb, 0x3d,
    0xeb, 0x3d, 0xeb, 0x3d, 0xeb, 0x3d, 0xeb, 0x3d, 0xeb, 0x3d, 0xeb, 0x3d, 0xeb, 0x3d, 0xeb, 0x3d,
    0xeb, 0x3d, 0xeb, 0x3d, 0xeb, 0x3d, 0xeb, 0x3d, 0xeb, 0x3d, 0xeb, 0x3d, 0xeb, 0x3d, 0xeb, 0x3d,
    0xeb, 0x3d, 0xeb, 0x3d, 0xeb, 0x3d, 0xeb, 0x3d, 0xeb, 0x3d, 0xeb, 0x3d, 0xeb, 0x3d, 0xeb, 0x3d,
    0xeb, 0x3d, 0xeb, 0x3d, 0xeb, 0x3d, 0xeb, 0x3d, 0xeb, 0x3d, 0xeb, 0x3d, 0xeb, 0x3d, 0xeb, 0x3d,
    0xeb, 0x3d, 0xeb, 0x3d, 0xeb, 0x3d, 0xeb, 0x3d, 0xeb, 0x3d, 0xeb, 0x3d, 0xeb, 0x3d, 0xeb, 0x3d,
    0xeb, 0x3d, 0xeb, 0x3d, 0xeb, 0x3d, 0xeb, 0x3d, 0xeb, 0x3d, 0xeb, 0x3d, 0xeb, 0x3d, 0xeb, 0x3d,
    0xeb, 0x3d, 0xeb, 0x3d, 0xc1, 0x08, 0x00, 0x00, 0x00, 0x00, 0x00, 0x00, 0x00, 0x00, 0x00, 0x00,
    0x00, 0x00, 0x00, 0x00, 0x00, 0x00, 0x00, 0x00, 0x00, 0x00, 0x00, 0x00, 0x00, 0x00, 0x00, 0x00,
    0x00, 0x00, 0x00, 0x00, 0x00, 0x00, 0x00, 0x00, 0x00, 0x00, 0xe1, 0x08, 0xeb, 0x3d, 0xeb, 0x3d,
    0xeb, 0x3d, 0xeb, 0x3d, 0xeb, 0x3d, 0xeb, 0x3d, 0xeb, 0x3d, 0xeb, 0x3d, 0xeb, 0x3d, 0xeb, 0x3d,
    0xeb, 0x3d, 0xeb, 0x3d, 0xeb, 0x3d, 0xeb, 0x3d, 0xeb, 0x3d, 0xeb, 0x3d, 0xeb, 0x3d, 0xeb, 0x3d,
    0xeb, 0x3d, 0xeb, 0x3d, 0xeb, 0x3d, 0xeb, 0x3d, 0xeb, 0x3d, 0xeb, 0x3d, 0xeb, 0x3d, 0xeb, 0x3d,
    0xeb, 0x3d, 0xeb, 0x3d, 0xeb, 0x3d, 0xeb, 0x3d, 0xeb, 0x3d, 0xeb, 0x3d, 0xeb, 0x3d, 0xeb, 0x3d,
    0xeb, 0x3d, 0xeb, 0x3d, 0xeb, 0x3d, 0xeb, 0x3d, 0xeb, 0x3d, 0xeb, 0x3d, 0xeb, 0x3d, 0xeb, 0x3d,
    0xeb, 0x3d, 0xeb, 0x3d, 0xeb, 0x3d, 0xeb, 0x3d, 0xeb, 0x3d, 0xeb, 0x3d, 0xeb, 0x3d, 0xeb, 0x3d,
    0xeb, 0x3d, 0xeb, 0x3d, 0xeb, 0x3d, 0xeb, 0x3d, 0xeb, 0x3d, 0xeb, 0x3d, 0xeb, 0x3d, 0xeb, 0x3d,
    0xeb, 0x3d, 0xeb, 0x3d, 0xeb, 0x3d, 0xeb, 0x3d, 0xeb, 0x3d, 0xeb, 0x3d, 0xeb, 0x3d, 0xeb, 0x3d,
    0xeb, 0x3d, 0xeb, 0x3d, 0xeb, 0x3d, 0xeb, 0x3d, 0xeb, 0x3d, 0xeb, 0x3d, 0xeb, 0x3d, 0xeb, 0x3d,
    0xeb, 0x3d, 0xeb, 0x3d, 0xeb, 0x3d, 0x05, 0x23, 0x00, 0x00, 0x00, 0x00, 0x00, 0x00, 0x00, 0x00,
    0x00, 0x00, 0x00, 0x00, 0x00, 0x00, 0x00, 0x00, 0x00, 0x00, 0x00, 0x00, 0x00, 0x00, 0x00, 0x00,
    0x00, 0x00, 0x00, 0x00, 0x00, 0x00, 0x00, 0x00, 0x00, 0x00, 0x00, 0x00, 0x00, 0x00, 0x00, 0x00,
    0x00, 0x00, 0x00, 0x00, 0x00, 0x00, 0x00, 0x00, 0x84, 0x1a, 0xeb, 0x3d, 0xeb, 0x3d, 0xeb, 0x3d,
    0xeb, 0x3d, 0xeb, 0x3d, 0xeb, 0x3d, 0xeb, 0x3d, 0xeb, 0x3d, 0xeb, 0x3d, 0xeb, 0x3d, 0xeb, 0x3d,
    0xeb, 0x3d, 0xeb, 0x3d, 0xeb, 0x3d, 0xeb, 0x3d, 0xeb, 0x3d, 0xeb, 0x3d, 0xeb, 0x3d, 0xeb, 0x3d,
    0xeb, 0x3d, 0xeb, 0x3d, 0xeb, 0x3d, 0xeb, 0x3d, 0xeb, 0x3d, 0xeb, 0x3d, 0xeb, 0x3d, 0xeb, 0x3d,
    0xeb, 0x3d, 0xeb, 0x3d, 0xeb, 0x3d, 0xeb, 0x3d, 0xeb, 0x3d, 0xeb, 0x3d, 0xeb, 0x3d, 0xeb, 0x3d,
    0xeb, 0x3d, 0xeb, 0x3d, 0xeb, 0x3d, 0xeb, 0x3d, 0xeb, 0x3d, 0xeb, 0x3d, 0xeb, 0x3d, 0xeb, 0x3d,
    0xeb, 0x3d, 0xeb, 0x3d, 0xeb, 0x3d, 0xeb, 0x3d, 0xeb, 0x3d, 0xeb, 0x3d, 0xeb, 0x3d, 0xeb, 0x3d,
    0xeb, 0x3d, 0xeb, 0x3d, 0xeb, 0x3d, 0xeb, 0x3d, 0xeb, 0x3d, 0xeb, 0x3d, 0xeb, 0x3d, 0xeb, 0x3d,
    0xeb, 0x3d, 0xeb, 0x3d, 0xeb, 0x3d, 0xeb, 0x3d, 0xeb, 0x3d, 0xeb, 0x3d, 0xeb, 0x3d, 0xeb, 0x3d,
    0xeb, 0x3d, 0xeb, 0x3d, 0xeb, 0x3d, 0xeb, 0x3d, 0xeb, 0x3d, 0xeb, 0x3d, 0xeb, 0x3d, 0xeb, 0x3d,
    0xeb, 0x3d, 0xeb, 0x3d, 0x60, 0x00, 0x00, 0x00, 0x00, 0x00, 0x00, 0x00, 0x00, 0x00, 0x00, 0x00,
    0x00, 0x00, 0x00, 0x00, 0x00, 0x00, 0x00, 0x00, 0x00, 0x00, 0x00, 0x00, 0x00, 0x00, 0x00, 0x00,
    0x00, 0x00, 0x00, 0x00, 0x00, 0x00, 0x00, 0x00, 0x00, 0x00, 0x81, 0x00, 0xeb, 0x3d, 0xeb, 0x3d,
    0xeb, 0x3d, 0xeb, 0x3d, 0xeb, 0x3d, 0xeb, 0x3d, 0xeb, 0x3d, 0xeb, 0x3d, 0xeb, 0x3d, 0xeb, 0x3d,
    0xeb, 0x3d, 0xeb, 0x3d, 0xeb, 0x3d, 0xeb, 0x3d, 0xeb, 0x3d, 0xeb, 0x3d, 0xeb, 0x3d, 0xeb, 0x3d,
    0xeb, 0x3d, 0xeb, 0x3d, 0xeb, 0x3d, 0xeb, 0x3d, 0xeb, 0x3d, 0xeb, 0x3d, 0xeb, 0x3d, 0xeb, 0x3d,
    0xeb, 0x3d, 0xeb, 0x3d, 0xeb, 0x3d, 0xeb, 0x3d, 0xeb, 0x3d, 0xeb, 0x3d, 0xeb, 0x3d, 0xeb, 0x3d,
    0xeb, 0x3d, 0xeb, 0x3d, 0xeb, 0x3d, 0xeb, 0x3d, 0xeb, 0x3d, 0xeb, 0x3d, 0xeb, 0x3d, 0xeb, 0x3d,
    0xeb, 0x3d, 0xeb, 0x3d, 0xeb, 0x3d, 0xeb, 0x3d, 0xeb, 0x3d, 0xeb, 0x3d, 0xeb, 0x3d, 0xeb, 0x3d,
    0xeb, 0x3d, 0xeb, 0x3d, 0xeb, 0x3d, 0xeb, 0x3d, 0xeb, 0x3d, 0xeb, 0x3d, 0xeb, 0x3d, 0xeb, 0x3d,
    0xeb, 0x3d, 0xeb, 0x3d, 0xeb, 0x3d, 0xeb, 0x3d, 0xeb, 0x3d, 0xeb, 0x3d, 0xeb, 0x3d, 0xeb, 0x3d,
    0xeb, 0x3d, 0xeb, 0x3d, 0xeb, 0x3d, 0xeb, 0x3d, 0xeb, 0x3d, 0xeb, 0x3d, 0xeb, 0x3d, 0xeb, 0x3d,
    0xeb, 0x3d, 0xeb, 0x3d, 0xeb, 0x3d, 0x64, 0x1a, 0x00, 0x00, 0x00, 0x00, 0x00, 0x00, 0x00, 0x00,
    0x00, 0x00, 0x00, 0x00, 0x00, 0x00, 0x00, 0x00, 0x00, 0x00, 0x00, 0x00, 0x00, 0x00, 0x00, 0x00,
    0x00, 0x00, 0x00, 0x00, 0x00, 0x00, 0x00, 0x00, 0x00, 0x00, 0x00, 0x00, 0x00, 0x00, 0x00, 0x00,
    0x00, 0x00, 0x00, 0x00, 0x00, 0x00, 0x00, 0x00, 0x62, 0x09, 0xeb, 0x3d, 0xeb, 0x3d, 0xeb, 0x3d,
    0xeb, 0x3d, 0xeb, 0x3d, 0xeb, 0x3d, 0xeb, 0x3d, 0xeb, 0x3d, 0xeb, 0x3d, 0xeb, 0x3d, 0xeb, 0x3d,
    0xeb, 0x3d, 0xeb, 0x3d, 0xeb, 0x3d, 0xeb, 0x3d, 0xeb, 0x3d, 0xeb, 0x3d, 0xeb, 0x3d, 0xeb, 0x3d,
    0xeb, 0x3d, 0xeb, 0x3d, 0xeb, 0x3d, 0xeb, 0x3d, 0xeb, 0x3d, 0xeb, 0x3d, 0xeb, 0x3d, 0xeb, 0x3d,
    0xeb, 0x3d, 0xeb, 0x3d, 0xeb, 0x3d, 0xeb, 0x3d, 0xeb, 0x3d, 0xeb, 0x3d, 0xeb, 0x3d, 0xeb, 0x3d,
    0xeb, 0x3d, 0xeb, 0x3d, 0xeb, 0x3d, 0xeb, 0x3d, 0xeb, 0x3d, 0xeb, 0x3d, 0xeb, 0x3d, 0xeb, 0x3d,
    0xeb, 0x3d, 0xeb, 0x3d, 0xeb, 0x3d, 0xeb, 0x3d, 0xeb, 0x3d, 0xeb, 0x3d, 0xeb, 0x3d, 0xeb, 0x3d,
    0xeb, 0x3d, 0xeb, 0x3d, 0xeb, 0x3d, 0xeb, 0x3d, 0xeb, 0x3d, 0xeb, 0x3d, 0xeb, 0x3d, 0xeb, 0x3d,
    0xeb, 0x3d, 0xeb, 0x3d, 0xeb, 0x3d, 0xeb, 0x3d, 0xeb, 0x3d, 0xeb, 0x3d, 0xeb, 0x3d, 0xeb, 0x3d,
    0xeb, 0x3d, 0xeb, 0x3d, 0xeb, 0x3d, 0xeb, 0x3d, 0xeb, 0x3d, 0xeb, 0x3d, 0xeb, 0x3d, 0xeb, 0x3d,
    0xeb, 0x3d, 0xcb, 0x3d, 0x00, 0x00, 0x00, 0x00, 0x00, 0x00, 0x00, 0x00, 0x00, 0x00, 0x00, 0x00,
    0x00, 0x00, 0x00, 0x00, 0x00, 0x00, 0x00, 0x00, 0x00, 0x00, 0x00, 0x00, 0x00, 0x00, 0x00, 0x00,
    0x00, 0x00, 0x00, 0x00, 0x00, 0x00, 0x00, 0x00, 0x00, 0x00, 0x00, 0x00, 0xeb, 0x3d, 0xeb, 0x3d,
    0xeb, 0x3d, 0xeb, 0x3d, 0xeb, 0x3d, 0xeb, 0x3d, 0xeb, 0x3d, 0xeb, 0x3d, 0xeb, 0x3d, 0xeb, 0x3d,
    0xeb, 0x3d, 0xeb, 0x3d, 0xeb, 0x3d, 0xeb, 0x3d, 0xeb, 0x3d, 0xeb, 0x3d, 0xeb, 0x3d, 0xeb, 0x3d,
    0xeb, 0x3d, 0xeb, 0x3d, 0xeb, 0x3d, 0xeb, 0x3d, 0xeb, 0x3d, 0xeb, 0x3d, 0xeb, 0x3d, 0xeb, 0x3d,
    0xeb, 0x3d, 0xeb, 0x3d, 0xeb, 0x3d, 0xeb, 0x3d, 0xeb, 0x3d, 0xeb, 0x3d, 0xeb, 0x3d, 0xeb, 0x3d,
    0xeb, 0x3d, 0xeb, 0x3d, 0xeb, 0x3d, 0xeb, 0x3d, 0xeb, 0x3d, 0xeb, 0x3d, 0xeb, 0x3d, 0xeb, 0x3d,
    0xeb, 0x3d, 0xeb, 0x3d, 0xeb, 0x3d, 0xeb, 0x3d, 0xeb, 0x3d, 0xeb, 0x3d, 0xeb, 0x3d, 0xeb, 0x3d,
    0xeb, 0x3d, 0xeb, 0x3d, 0xeb, 0x3d, 0xeb, 0x3d, 0xeb, 0x3d, 0xeb, 0x3d, 0xeb, 0x3d, 0xeb, 0x3d,
    0xeb, 0x3d, 0xeb, 0x3d, 0xeb, 0x3d, 0xeb, 0x3d, 0xeb, 0x3d, 0xeb, 0x3d, 0xeb, 0x3d, 0xeb, 0x3d,
    0xeb, 0x3d, 0xeb, 0x3d, 0xeb, 0x3d, 0xeb, 0x3d, 0xeb, 0x3d, 0xeb, 0x3d, 0xeb, 0x3d, 0xeb, 0x3d,
    0xeb, 0x3d, 0xeb, 0x3d, 0xeb, 0x3d, 0x42, 0x09, 0x00, 0x00, 0x00, 0x00, 0x00, 0x00, 0x00, 0x00,
    0x00, 0x00, 0x00, 0x00, 0x00, 0x00, 0x00, 0x00, 0x00, 0x00, 0x00, 0x00, 0x00, 0x00, 0x00, 0x00,
    0x00, 0x00, 0x00, 0x00, 0x00, 0x00, 0x00, 0x00, 0x00, 0x00, 0x00, 0x00, 0x00, 0x00, 0x00, 0x00,
    0x00, 0x00, 0x00, 0x00, 0x00, 0x00, 0x00, 0x00, 0x81, 0x00, 0xca, 0x3d, 0xeb, 0x3d, 0xeb, 0x3d,
    0xeb, 0x3d, 0xeb, 0x3d, 0xeb, 0x3d, 0xeb, 0x3d, 0xeb, 0x3d, 0xeb, 0x3d, 0xeb, 0x3d, 0xeb, 0x3d,
    0xeb, 0x3d, 0xeb, 0x3d, 0xeb, 0x3d, 0xeb, 0x3d, 0xeb, 0x3d, 0xeb, 0x3d, 0xeb, 0x3d, 0xeb, 0x3d,
    0xeb, 0x3d, 0xeb, 0x3d, 0xeb, 0x3d, 0xeb, 0x3d, 0xeb, 0x3d, 0xeb, 0x3d, 0xeb, 0x3d, 0xeb, 0x3d,
    0xeb, 0x3d, 0xeb, 0x3d, 0xeb, 0x3d, 0xeb, 0x3d, 0xeb, 0x3d, 0xeb, 0x3d, 0xeb, 0x3d, 0xeb, 0x3d,
    0xeb, 0x3d, 0xeb, 0x3d, 0xeb, 0x3d, 0xeb, 0x3d, 0xeb, 0x3d, 0xeb, 0x3d, 0xeb, 0x3d, 0xeb, 0x3d,
    0xeb, 0x3d, 0xeb, 0x3d, 0xeb, 0x3d, 0xeb, 0x3d, 0xeb, 0x3d, 0xeb, 0x3d, 0xeb, 0x3d, 0xeb, 0x3d,
    0xeb, 0x3d, 0xeb, 0x3d, 0xeb, 0x3d, 0xeb, 0x3d, 0xeb, 0x3d, 0xeb, 0x3d, 0xeb, 0x3d, 0xeb, 0x3d,
    0xeb, 0x3d, 0xeb, 0x3d, 0xeb, 0x3d, 0xeb, 0x3d, 0xeb, 0x3d, 0xeb, 0x3d, 0xeb, 0x3d, 0xeb, 0x3d,
    0xeb, 0x3d, 0xeb, 0x3d, 0xeb, 0x3d, 0xeb, 0x3d, 0xeb, 0x3d, 0xeb, 0x3d, 0xeb, 0x3d, 0xeb, 0x3d,
    0xeb, 0x3d, 0x29, 0x35, 0x00, 0x00, 0x00, 0x00, 0x00, 0x00, 0x00, 0x00, 0x00, 0x00, 0x00, 0x00,
    0x00, 0x00, 0x00, 0x00, 0x00, 0x00, 0x00, 0x00, 0x00, 0x00, 0x00, 0x00, 0x00, 0x00, 0x00, 0x00,
    0x00, 0x00, 0x00, 0x00, 0x00, 0x00, 0x00, 0x00, 0x00, 0x00, 0x00, 0x00, 0x4a, 0x3d, 0xeb, 0x3d,
    0xeb, 0x3d, 0xeb, 0x3d, 0xeb, 0x3d, 0xeb, 0x3d, 0xeb, 0x3d, 0xeb, 0x3d, 0xeb, 0x3d, 0xeb, 0x3d,
    0xeb, 0x3d, 0xeb, 0x3d, 0xeb, 0x3d, 0xeb, 0x3d, 0xeb, 0x3d, 0xeb, 0x3d, 0xeb, 0x3d, 0xeb, 0x3d,
    0xeb, 0x3d, 0xeb, 0x3d, 0xeb, 0x3d, 0xeb, 0x3d, 0xeb, 0x3d, 0xeb, 0x3d, 0xeb, 0x3d, 0xeb, 0x3d,
    0xeb, 0x3d, 0xeb, 0x3d, 0xeb, 0x3d, 0xeb, 0x3d, 0xeb, 0x3d, 0xeb, 0x3d, 0xeb, 0x3d, 0xeb, 0x3d,
    0xeb, 0x3d, 0xeb, 0x3d, 0xeb, 0x3d, 0xeb, 0x3d, 0xeb, 0x3d, 0xeb, 0x3d, 0xeb, 0x3d, 0xeb, 0x3d,
    0xeb, 0x3d, 0xeb, 0x3d, 0xeb, 0x3d, 0xeb, 0x3d, 0xeb, 0x3d, 0xeb, 0x3d, 0xeb, 0x3d, 0xeb, 0x3d,
    0xeb, 0x3d, 0xeb, 0x3d, 0xeb, 0x3d, 0xeb, 0x3d, 0xeb, 0x3d, 0xeb, 0x3d, 0xeb, 0x3d, 0xeb, 0x3d,
    0xeb, 0x3d, 0xeb, 0x3d, 0xeb, 0x3d, 0xeb, 0x3d, 0xeb, 0x3d, 0xeb, 0x3d, 0xeb, 0x3d, 0xeb, 0x3d,
    0xeb, 0x3d, 0xeb, 0x3d, 0xeb, 0x3d, 0xeb, 0x3d, 0xeb, 0x3d, 0xeb, 0x3d, 0xeb, 0x3d, 0xeb, 0x3d,
    0xeb, 0x3d, 0xeb, 0x3d, 0xaa, 0x3d, 0x80, 0x00, 0x00, 0x00, 0x00, 0x00, 0x00, 0x00, 0x00, 0x00,
    0x00, 0x00, 0x00, 0x00, 0x00, 0x00, 0x00, 0x00, 0x00, 0x00, 0x00, 0x00, 0x00, 0x00, 0x00, 0x00,
    0x00, 0x00, 0x00, 0x00, 0x00, 0x00, 0x00, 0x00, 0x00, 0x00, 0x00, 0x00, 0x00, 0x00, 0x00, 0x00,
    0x00, 0x00, 0x00, 0x00, 0x00, 0x00, 0x00, 0x00, 0x20, 0x00, 0x29, 0x35, 0xeb, 0x3d, 0xeb, 0x3d,
    0xeb, 0x3d, 0xeb, 0x3d, 0xeb, 0x3d, 0xeb, 0x3d, 0xeb, 0x3d, 0xeb, 0x3d, 0xeb, 0x3d, 0xeb, 0x3d,
    0xeb, 0x3d, 0xeb, 0x3d, 0xeb, 0x3d, 0xeb, 0x3d, 0xeb, 0x3d, 0xeb, 0x3d, 0xeb, 0x3d, 0xeb, 0x3d,
    0xeb, 0x3d, 0xeb, 0x3d, 0xeb, 0x3d, 0xeb, 0x3d, 0xeb, 0x3d, 0xeb, 0x3d, 0xeb, 0x3d, 0xeb, 0x3d,
    0xeb, 0x3d, 0xeb, 0x3d, 0xeb, 0x3d, 0xeb, 0x3d, 0xeb, 0x3d, 0xeb, 0x3d, 0xeb, 0x3d, 0xeb, 0x3d,
    0xeb, 0x3d, 0xeb, 0x3d, 0xeb, 0x3d, 0xeb, 0x3d, 0xeb, 0x3d, 0xeb, 0x3d, 0xeb, 0x3d, 0xeb, 0x3d,
    0xeb, 0x3d, 0xeb, 0x3d, 0xeb, 0x3d, 0xeb, 0x3d, 0xeb, 0x3d, 0xeb, 0x3d, 0xeb, 0x3d, 0xeb, 0x3d,
    0xeb, 0x3d, 0xeb, 0x3d, 0xeb, 0x3d, 0xeb, 0x3d, 0xeb, 0x3d, 0xeb, 0x3d, 0xeb, 0x3d, 0xeb, 0x3d,
    0xeb, 0x3d, 0xeb, 0x3d, 0xeb, 0x3d, 0xeb, 0x3d, 0xeb, 0x3d, 0xeb, 0x3d, 0xeb, 0x3d, 0xeb, 0x3d,
    0xeb, 0x3d, 0xeb, 0x3d, 0xeb, 0x3d, 0xeb, 0x3d, 0xeb, 0x3d, 0xeb, 0x3d, 0xeb, 0x3d, 0xeb, 0x3d,
    0xeb, 0x3d, 0x68, 0x2c, 0x00, 0x00, 0x00, 0x00, 0x00, 0x00, 0x00, 0x00, 0x00, 0x00, 0x00, 0x00,
    0x00, 0x00, 0x00, 0x00, 0x00, 0x00, 0x00, 0x00, 0x00, 0x00, 0x00, 0x00, 0x00, 0x00, 0x00, 0x00,
    0x00, 0x00, 0x00, 0x00, 0x00, 0x00, 0x00, 0x00, 0x00, 0x00, 0x00, 0x00, 0x68, 0x2c, 0xeb, 0x3d,
    0xeb, 0x3d, 0xeb, 0x3d, 0xeb, 0x3d, 0xeb, 0x3d, 0xeb, 0x3d, 0xeb, 0x3d, 0xeb, 0x3d, 0xeb, 0x3d,
    0xeb, 0x3d, 0xeb, 0x3d, 0xeb, 0x3d, 0xeb, 0x3d, 0xeb, 0x3d, 0xeb, 0x3d, 0xeb, 0x3d, 0xeb, 0x3d,
    0xeb, 0x3d, 0xeb, 0x3d, 0xeb, 0x3d, 0xeb, 0x3d, 0xeb, 0x3d, 0xeb, 0x3d, 0xeb, 0x3d, 0xeb, 0x3d,
    0xeb, 0x3d, 0xeb, 0x3d, 0xeb, 0x3d, 0xeb, 0x3d, 0xeb, 0x3d, 0xeb, 0x3d, 0xeb, 0x3d, 0xeb, 0x3d,
    0xeb, 0x3d, 0xeb, 0x3d, 0xeb, 0x3d, 0xeb, 0x3d, 0xeb, 0x3d, 0xeb, 0x3d, 0xeb, 0x3d, 0xeb, 0x3d,
    0xeb, 0x3d, 0xeb, 0x3d, 0xeb, 0x3d, 0xeb, 0x3d, 0xeb, 0x3d, 0xeb, 0x3d, 0xeb, 0x3d, 0xeb, 0x3d,
    0xeb, 0x3d, 0xeb, 0x3d, 0xeb, 0x3d, 0xeb, 0x3d, 0xeb, 0x3d, 0xeb, 0x3d, 0xeb, 0x3d, 0xeb, 0x3d,
    0xeb, 0x3d, 0xeb, 0x3d, 0xeb, 0x3d, 0xeb, 0x3d, 0xeb, 0x3d, 0xeb, 0x3d, 0xeb, 0x3d, 0xeb, 0x3d,
    0xeb, 0x3d, 0xeb, 0x3d, 0xeb, 0x3d, 0xeb, 0x3d, 0xeb, 0x3d, 0xeb, 0x3d, 0xeb, 0x3d, 0xeb, 0x3d,
    0xeb, 0x3d, 0xeb, 0x3d, 0x09, 0x35, 0x00, 0x00, 0x00, 0x00, 0x00, 0x00, 0x00, 0x00, 0x00, 0x00,
    0x00, 0x00, 0x00, 0x00, 0x00, 0x00, 0x00, 0x00, 0x00, 0x00, 0x00, 0x00, 0x00, 0x00, 0x00, 0x00,
    0x00, 0x00, 0x00, 0x00, 0x00, 0x00, 0x00, 0x00, 0x00, 0x00, 0x00, 0x00, 0x00, 0x00, 0x00, 0x00,
    0x00, 0x00, 0x00, 0x00, 0x00, 0x00, 0x00, 0x00, 0x00, 0x00, 0x27, 0x2c, 0xeb, 0x3d, 0xeb, 0x3d,
    0xeb, 0x3d, 0xeb, 0x3d, 0xeb, 0x3d, 0xeb, 0x3d, 0xeb, 0x3d, 0xeb, 0x3d, 0xeb, 0x3d, 0xeb, 0x3d,
    0xeb, 0x3d, 0xeb, 0x3d, 0xeb, 0x3d, 0xeb, 0x3d, 0xeb, 0x3d, 0xeb, 0x3d, 0xeb, 0x3d, 0xeb, 0x3d,
    0xeb, 0x3d, 0xeb, 0x3d, 0xeb, 0x3d, 0xeb, 0x3d, 0xeb, 0x3d, 0xeb, 0x3d, 0xeb, 0x3d, 0xeb, 0x3d,
    0xeb, 0x3d, 0xeb, 0x3d, 0xeb, 0x3d, 0xeb, 0x3d, 0xeb, 0x3d, 0xeb, 0x3d, 0xeb, 0x3d, 0xeb, 0x3d,
    0xeb, 0x3d, 0xeb, 0x3d, 0xeb, 0x3d, 0xeb, 0x3d, 0xeb, 0x3d, 0xeb, 0x3d, 0xeb, 0x3d, 0xeb, 0x3d,
    0xeb, 0x3d, 0xeb, 0x3d, 0xeb, 0x3d, 0xeb, 0x3d, 0xeb, 0x3d, 0xeb, 0x3d, 0xeb, 0x3d, 0xeb, 0x3d,
    0xeb, 0x3d, 0xeb, 0x3d, 0xeb, 0x3d, 0xeb, 0x3d, 0xeb, 0x3d, 0xeb, 0x3d, 0xeb, 0x3d, 0xeb, 0x3d,
    0xeb, 0x3d, 0xeb, 0x3d, 0xeb, 0x3d, 0xeb, 0x3d, 0xeb, 0x3d, 0xeb, 0x3d, 0xeb, 0x3d, 0xeb, 0x3d,
    0xeb, 0x3d, 0xeb, 0x3d, 0xeb, 0x3d, 0xeb, 0x3d, 0xeb, 0x3d, 0xeb, 0x3d, 0xeb, 0x3d, 0xeb, 0x3d,
    0xeb, 0x3d, 0x66, 0x23, 0x00, 0x00, 0x00, 0x00, 0x00, 0x00, 0x00, 0x00, 0x00, 0x00, 0x00, 0x00,
    0x00, 0x00, 0x00, 0x00, 0x00, 0x00, 0x00, 0x00, 0x00, 0x00, 0x00, 0x00, 0x00, 0x00, 0x00, 0x00,
    0x00, 0x00, 0x00, 0x00, 0x00, 0x00, 0x00, 0x00, 0x00, 0x00, 0x00, 0x00, 0x86, 0x23, 0xeb, 0x3d,
    0xeb, 0x3d, 0xeb, 0x3d, 0xeb, 0x3d, 0xeb, 0x3d, 0xeb, 0x3d, 0xeb, 0x3d, 0xeb, 0x3d, 0xeb, 0x3d,
    0xeb, 0x3d, 0xeb, 0x3d, 0xeb, 0x3d, 0xeb, 0x3d, 0xeb, 0x3d, 0xeb, 0x3d, 0xeb, 0x3d, 0xeb, 0x3d,
    0xeb, 0x3d, 0xeb, 0x3d, 0xeb, 0x3d, 0xeb, 0x3d, 0xeb, 0x3d, 0xeb, 0x3d, 0xeb, 0x3d, 0xeb, 0x3d,
    0xeb, 0x3d, 0xeb, 0x3d, 0xeb, 0x3d, 0xeb, 0x3d, 0xeb, 0x3d, 0xeb, 0x3d, 0xeb, 0x3d, 0xeb, 0x3d,
    0xeb, 0x3d, 0xeb, 0x3d, 0xeb, 0x3d, 0xeb, 0x3d, 0xeb, 0x3d, 0xeb, 0x3d, 0xeb, 0x3d, 0xeb, 0x3d,
    0xeb, 0x3d, 0xeb, 0x3d, 0xeb, 0x3d, 0xeb, 0x3d, 0xeb, 0x3d, 0xeb, 0x3d, 0xeb, 0x3d, 0xeb, 0x3d,
    0xeb, 0x3d, 0xeb, 0x3d, 0xeb, 0x3d, 0xeb, 0x3d, 0xeb, 0x3d, 0xeb, 0x3d, 0xeb, 0x3d, 0xeb, 0x3d,
    0xeb, 0x3d, 0xeb, 0x3d, 0xeb, 0x3d, 0xeb, 0x3d, 0xeb, 0x3d, 0xeb, 0x3d, 0xeb, 0x3d, 0xeb, 0x3d,
    0xeb, 0x3d, 0xeb, 0x3d, 0xeb, 0x3d, 0xeb, 0x3d, 0xeb, 0x3d, 0xeb, 0x3d, 0xeb, 0x3d, 0xeb, 0x3d,
    0xeb, 0x3d, 0xeb, 0x3d, 0x07, 0x2c, 0x00, 0x00, 0x00, 0x00, 0x00, 0x00, 0x00, 0x00, 0x00, 0x00,
    0x00, 0x00, 0x00, 0x00, 0x00, 0x00, 0x00, 0x00, 0x00, 0x00, 0x00, 0x00, 0x00, 0x00, 0x00, 0x00,
    0x00, 0x00, 0x00, 0x00, 0x00, 0x00, 0x00, 0x00, 0x00, 0x00, 0x00, 0x00, 0x00, 0x00, 0x00, 0x00,
    0x00, 0x00, 0x00, 0x00, 0x00, 0x00, 0x00, 0x00, 0x00, 0x00, 0x05, 0x23, 0xeb, 0x3d, 0xeb, 0x3d,
    0xeb, 0x3d, 0xeb, 0x3d, 0xeb, 0x3d, 0xeb, 0x3d, 0xeb, 0x3d, 0xeb, 0x3d, 0xeb, 0x3d, 0xeb, 0x3d,
    0xeb, 0x3d, 0xeb, 0x3d, 0xeb, 0x3d, 0xeb, 0x3d, 0xeb, 0x3d, 0xeb, 0x3d, 0xeb, 0x3d, 0xeb, 0x3d,
    0xeb, 0x3d, 0xeb, 0x3d, 0xeb, 0x3d, 0xeb, 0x3d, 0xeb, 0x3d, 0xeb, 0x3d, 0xeb, 0x3d, 0xeb, 0x3d,
    0xeb, 0x3d, 0xeb, 0x3d, 0xeb, 0x3d, 0xeb, 0x3d, 0xeb, 0x3d, 0xeb, 0x3d, 0xeb, 0x3d, 0xeb, 0x3d,
    0xeb, 0x3d, 0xeb, 0x3d, 0xeb, 0x3d, 0xeb, 0x3d, 0xeb, 0x3d, 0xeb, 0x3d, 0xeb, 0x3d, 0xeb, 0x3d,
    0xeb, 0x3d, 0xeb, 0x3d, 0xeb, 0x3d, 0xeb, 0x3d, 0xeb, 0x3d, 0xeb, 0x3d, 0xeb, 0x3d, 0xeb, 0x3d,
    0xeb, 0x3d, 0xeb, 0x3d, 0xeb, 0x3d, 0xeb, 0x3d, 0xeb, 0x3d, 0xeb, 0x3d, 0xeb, 0x3d, 0xeb, 0x3d,
    0xeb, 0x3d, 0xeb, 0x3d, 0xeb, 0x3d, 0xeb, 0x3d, 0xeb, 0x3d, 0xeb, 0x3d, 0xeb, 0x3d, 0xeb, 0x3d,
    0xeb, 0x3d, 0xeb, 0x3d, 0xeb, 0x3d, 0xeb, 0x3d, 0xeb, 0x3d, 0xeb, 0x3d, 0xeb, 0x3d, 0xeb, 0x3d,
    0xeb, 0x3d, 0x24, 0x12, 0x00, 0x00, 0x00, 0x00, 0x00, 0x00, 0x00, 0x00, 0x00, 0x00, 0x00, 0x00,
    0x00, 0x00, 0x00, 0x00, 0x00, 0x00, 0x00, 0x00, 0x00, 0x00, 0x00, 0x00, 0x00, 0x00, 0x00, 0x00,
    0x00, 0x00, 0x00, 0x00, 0x00, 0x00, 0x00, 0x00, 0x00, 0x00, 0x00, 0x00, 0x44, 0x1a, 0xeb, 0x3d,
    0xeb, 0x3d, 0xeb, 0x3d, 0xeb, 0x3d, 0xeb, 0x3d, 0xeb, 0x3d, 0xeb, 0x3d, 0xeb, 0x3d, 0xeb, 0x3d,
    0xeb, 0x3d, 0xeb, 0x3d, 0xeb, 0x3d, 0xeb, 0x3d, 0xeb, 0x3d, 0xeb, 0x3d, 0xeb, 0x3d, 0xeb, 0x3d,
    0xeb, 0x3d, 0xeb, 0x3d, 0xeb, 0x3d, 0xeb, 0x3d, 0xeb, 0x3d, 0xeb, 0x3d, 0xeb, 0x3d, 0xeb, 0x3d,
    0xeb, 0x3d, 0xeb, 0x3d, 0xeb, 0x3d, 0xeb, 0x3d, 0xeb, 0x3d, 0xeb, 0x3d, 0xeb, 0x3d, 0xeb, 0x3d,
    0xeb, 0x3d, 0xeb, 0x3d, 0xeb, 0x3d, 0xeb, 0x3d, 0xeb, 0x3d, 0xeb, 0x3d, 0xeb, 0x3d, 0xeb, 0x3d,
    0xeb, 0x3d, 0xeb, 0x3d, 0xeb, 0x3d, 0xeb, 0x3d, 0xeb, 0x3d, 0xeb, 0x3d, 0xeb, 0x3d, 0xeb, 0x3d,
    0xeb, 0x3d, 0xeb, 0x3d, 0xeb, 0x3d, 0xeb, 0x3d, 0xeb, 0x3d, 0xeb, 0x3d, 0xeb, 0x3d, 0xeb, 0x3d,
    0xeb, 0x3d, 0xeb, 0x3d, 0xeb, 0x3d, 0xeb, 0x3d, 0xeb, 0x3d, 0xeb, 0x3d, 0xeb, 0x3d, 0xeb, 0x3d,
    0xeb, 0x3d, 0xeb, 0x3d, 0xeb, 0x3d, 0xeb, 0x3d, 0xeb, 0x3d, 0xeb, 0x3d, 0xeb, 0x3d, 0xeb, 0x3d,
    0xeb, 0x3d, 0xeb, 0x3d, 0xe5, 0x1a, 0x00, 0x00, 0x00, 0x00, 0x00, 0x00, 0x00, 0x00, 0x00, 0x00,
    0x00, 0x00, 0x00, 0x00, 0x00, 0x00, 0x00, 0x00, 0x00, 0x00, 0x00, 0x00, 0x00, 0x00, 0x00, 0x00,
    0x00, 0x00, 0x00, 0x00, 0x00, 0x00, 0x00, 0x00, 0x00, 0x00, 0x00, 0x00, 0x00, 0x00, 0x00, 0x00,
    0x00, 0x00, 0x00, 0x00, 0x00, 0x00, 0x00, 0x00, 0x00, 0x00, 0xc3, 0x11, 0xeb, 0x3d, 0xeb, 0x3d,
    0xeb, 0x3d, 0xeb, 0x3d, 0xeb, 0x3d, 0xeb, 0x3d, 0xeb, 0x3d, 0xeb, 0x3d, 0xeb, 0x3d, 0xeb, 0x3d,
    0xeb, 0x3d, 0xeb, 0x3d, 0xeb, 0x3d, 0xeb, 0x3d, 0xeb, 0x3d, 0xeb, 0x3d, 0xeb, 0x3d, 0xeb, 0x3d,
    0xeb, 0x3d, 0xeb, 0x3d, 0xeb, 0x3d, 0xeb, 0x3d, 0xeb, 0x3d, 0xeb, 0x3d, 0xeb, 0x3d, 0xeb, 0x3d,
    0xeb, 0x3d, 0xeb, 0x3d, 0xeb, 0x3d, 0xeb, 0x3d, 0xeb, 0x3d, 0xeb, 0x3d, 0xeb, 0x3d, 0xeb, 0x3d,
    0xeb, 0x3d, 0xeb, 0x3d, 0xeb, 0x3d, 0xeb, 0x3d, 0xeb, 0x3d, 0xeb, 0x3d, 0xeb, 0x3d, 0xeb, 0x3d,
    0xeb, 0x3d, 0xeb, 0x3d, 0xeb, 0x3d, 0xeb, 0x3d, 0xeb, 0x3d, 0xeb, 0x3d, 0xeb, 0x3d, 0xeb, 0x3d,
    0xeb, 0x3d, 0xeb, 0x3d, 0xeb, 0x3d, 0xeb, 0x3d, 0xeb, 0x3d, 0xeb, 0x3d, 0xeb, 0x3d, 0xeb, 0x3d,
    0xeb, 0x3d, 0xeb, 0x3d, 0xeb, 0x3d, 0xeb, 0x3d, 0xeb, 0x3d, 0xeb, 0x3d, 0xeb, 0x3d, 0xeb, 0x3d,
    0xeb, 0x3d, 0xeb, 0x3d, 0xeb, 0x3d, 0xeb, 0x3d, 0xeb, 0x3d, 0xeb, 0x3d, 0xeb, 0x3d, 0xeb, 0x3d,
    0xeb, 0x3d, 0xe1, 0x08, 0x00, 0x00, 0x00, 0x00, 0x00, 0x00, 0x00, 0x00, 0x00, 0x00, 0x00, 0x00,
    0x00, 0x00, 0x00, 0x00, 0x00, 0x00, 0x00, 0x00, 0x00, 0x00, 0x00, 0x00, 0x00, 0x00, 0x00, 0x00,
    0x00, 0x00, 0x00, 0x00, 0x00, 0x00, 0x00, 0x00, 0x00, 0x00, 0x00, 0x00, 0x02, 0x09, 0xeb, 0x3d,
    0xeb, 0x3d, 0xeb, 0x3d, 0xeb, 0x3d, 0xeb, 0x3d, 0xeb, 0x3d, 0xeb, 0x3d, 0xeb, 0x3d, 0xeb, 0x3d,
    0xeb, 0x3d, 0xeb, 0x3d, 0xeb, 0x3d, 0xeb, 0x3d, 0xeb, 0x3d, 0xeb, 0x3d, 0xeb, 0x3d, 0xeb, 0x3d,
    0xeb, 0x3d, 0xeb, 0x3d, 0xeb, 0x3d, 0xeb, 0x3d, 0xeb, 0x3d, 0xeb, 0x3d, 0xeb, 0x3d, 0xeb, 0x3d,
    0xeb, 0x3d, 0xeb, 0x3d, 0xeb, 0x3d, 0xeb, 0x3d, 0xeb, 0x3d, 0xeb, 0x3d, 0xeb, 0x3d, 0xeb, 0x3d,
    0xeb, 0x3d, 0xeb, 0x3d, 0xeb, 0x3d, 0xeb, 0x3d, 0xeb, 0x3d, 0xeb, 0x3d, 0xeb, 0x3d, 0xeb, 0x3d,
    0xeb, 0x3d, 0xeb, 0x3d, 0xeb, 0x3d, 0xeb, 0x3d, 0xeb, 0x3d, 0xeb, 0x3d, 0xeb, 0x3d, 0xeb, 0x3d,
    0xeb, 0x3d, 0xeb, 0x3d, 0xeb, 0x3d, 0xeb, 0x3d, 0xeb, 0x3d, 0xeb, 0x3d, 0xeb, 0x3d, 0xeb, 0x3d,
    0xeb, 0x3d, 0xeb, 0x3d, 0xeb, 0x3d, 0xeb, 0x3d, 0xeb, 0x3d, 0xeb, 0x3d, 0xeb, 0x3d, 0xeb, 0x3d,
    0xeb, 0x3d, 0xeb, 0x3d, 0xeb, 0x3d, 0xeb, 0x3d, 0xeb, 0x3d, 0xeb, 0x3d, 0xeb, 0x3d, 0xeb, 0x3d,
    0xeb, 0x3d, 0xeb, 0x3d, 0x83, 0x11, 0x00, 0x00, 0x00, 0x00, 0x00, 0x00, 0x00, 0x00, 0x00, 0x00,
    0x00, 0x00, 0x00, 0x00, 0x00, 0x00, 0x00, 0x00, 0x00, 0x00, 0x00, 0x00, 0x00, 0x00, 0x00, 0x00,
    0x00, 0x00, 0x00, 0x00, 0x00, 0x00, 0x00, 0x00, 0x00, 0x00, 0x00, 0x00, 0x00, 0x00, 0x00, 0x00,
    0x00, 0x00, 0x00, 0x00, 0x00, 0x00, 0x00, 0x00, 0x00, 0x00, 0x60, 0x00, 0xca, 0x3d, 0xeb, 0x3d,
    0xeb, 0x3d, 0xeb, 0x3d, 0xeb, 0x3d, 0xeb, 0x3d, 0xeb, 0x3d, 0xeb, 0x3d, 0xeb, 0x3d, 0xeb, 0x3d,
    0xeb, 0x3d, 0xeb, 0x3d, 0xeb, 0x3d, 0xeb, 0x3d, 0xeb, 0x3d, 0xeb, 0x3d, 0xeb, 0x3d, 0xeb, 0x3d,
    0xeb, 0x3d, 0xeb, 0x3d, 0xeb, 0x3d, 0xeb, 0x3d, 0xeb, 0x3d, 0xeb, 0x3d, 0xeb, 0x3d, 0xeb, 0x3d,
    0xeb, 0x3d, 0xeb, 0x3d, 0xeb, 0x3d, 0xeb, 0x3d, 0xeb, 0x3d, 0xeb, 0x3d, 0xeb, 0x3d, 0xeb, 0x3d,
    0xeb, 0x3d, 0xeb, 0x3d, 0xeb, 0x3d, 0xeb, 0x3d, 0xeb, 0x3d, 0xeb, 0x3d, 0xeb, 0x3d, 0xeb, 0x3d,
    0xeb, 0x3d, 0xeb, 0x3d, 0xeb, 0x3d, 0xeb, 0x3d, 0xeb, 0x3d, 0xeb, 0x3d, 0xeb, 0x3d, 0xeb, 0x3d,
    0xeb, 0x3d, 0xeb, 0x3d, 0xeb, 0x3d, 0xeb, 0x3d, 0xeb, 0x3d, 0xeb, 0x3d, 0xeb, 0x3d, 0xeb, 0x3d,
    0xeb, 0x3d, 0xeb, 0x3d, 0xeb, 0x3d, 0xeb, 0x3d, 0xeb, 0x3d, 0xeb, 0x3d, 0xeb, 0x3d, 0xeb, 0x3d,
    0xeb, 0x3d, 0xeb, 0x3d, 0xeb, 0x3d, 0xeb, 0x3d, 0xeb, 0x3d, 0xeb, 0x3d, 0xeb, 0x3d, 0xeb, 0x3d,
    0x49, 0x35, 0x00, 0x00, 0x00, 0x00, 0x00, 0x00, 0x00, 0x00, 0x00, 0x00, 0x00, 0x00, 0x00, 0x00,
    0x00, 0x00, 0x00, 0x00, 0x00, 0x00, 0x00, 0x00, 0x00, 0x00, 0x00, 0x00, 0x00, 0x00, 0x00, 0x00,
    0x00, 0x00, 0x00, 0x00, 0x00, 0x00, 0x00, 0x00, 0x00, 0x00, 0x00, 0x00, 0x20, 0x00, 0x4a, 0x3d,
    0xeb, 0x3d, 0xeb, 0x3d, 0xeb, 0x3d, 0xeb, 0x3d, 0xeb, 0x3d, 0xeb, 0x3d, 0xeb, 0x3d, 0xeb, 0x3d,
    0xeb, 0x3d, 0xeb, 0x3d, 0xeb, 0x3d, 0xeb, 0x3d, 0xeb, 0x3d, 0xeb, 0x3d, 0xeb, 0x3d, 0xeb, 0x3d,
    0xeb, 0x3d, 0xeb, 0x3d, 0xeb, 0x3d, 0xeb, 0x3d, 0xeb, 0x3d, 0xeb, 0x3d, 0xeb, 0x3d, 0xeb, 0x3d,
    0xeb, 0x3d, 0xeb, 0x3d, 0xeb, 0x3d, 0xeb, 0x3d, 0xeb, 0x3d, 0xeb, 0x3d, 0xeb, 0x3d, 0xeb, 0x3d,
    0xeb, 0x3d, 0xeb, 0x3d, 0xeb, 0x3d, 0xeb, 0x3d, 0xeb, 0x3d, 0xeb, 0x3d, 0xeb, 0x3d, 0xeb, 0x3d,
    0xeb, 0x3d, 0xeb, 0x3d, 0xeb, 0x3d, 0xeb, 0x3d, 0xeb, 0x3d, 0xeb, 0x3d, 0xeb, 0x3d, 0xeb, 0x3d,
    0xeb, 0x3d, 0xeb, 0x3d, 0xeb, 0x3d, 0xeb, 0x3d, 0xeb, 0x3d, 0xeb, 0x3d, 0xeb, 0x3d, 0xeb, 0x3d,
    0xeb, 0x3d, 0xeb, 0x3d, 0xeb, 0x3d, 0xeb, 0x3d, 0xeb, 0x3d, 0xeb, 0x3d, 0xeb, 0x3d, 0xeb, 0x3d,
    0xeb, 0x3d, 0xeb, 0x3d, 0xeb, 0x3d, 0xeb, 0x3d, 0xeb, 0x3d, 0xeb, 0x3d, 0xeb, 0x3d, 0xeb, 0x3d,
    0xeb, 0x3d, 0xaa, 0x3d, 0x60, 0x00, 0x00, 0x00, 0x00, 0x00, 0x00, 0x00, 0x00, 0x00, 0x00, 0x00,
    0x00, 0x00, 0x00, 0x00, 0x00, 0x00, 0x00, 0x00, 0x00, 0x00, 0x00, 0x00, 0x00, 0x00, 0x00, 0x00,
    0x00, 0x00, 0x00, 0x00, 0x00, 0x00, 0x00, 0x00, 0x00, 0x00, 0x00, 0x00, 0x00, 0x00, 0x00, 0x00,
    0x00, 0x00, 0x00, 0x00, 0x00, 0x00, 0x00, 0x00, 0x00, 0x00, 0x00, 0x00, 0x88, 0x34, 0xeb, 0x3d,
    0xeb, 0x3d, 0xeb, 0x3d, 0xeb, 0x3d, 0xeb, 0x3d, 0xeb, 0x3d, 0xeb, 0x3d, 0xeb, 0x3d, 0xeb, 0x3d,
    0xeb, 0x3d, 0xeb, 0x3d, 0xeb, 0x3d, 0xeb, 0x3d, 0xeb, 0x3d, 0xeb, 0x3d, 0xeb, 0x3d, 0xeb, 0x3d,
    0xeb, 0x3d, 0xeb, 0x3d, 0xeb, 0x3d, 0xeb, 0x3d, 0xeb, 0x3d, 0xeb, 0x3d, 0xeb, 0x3d, 0xeb, 0x3d,
    0xeb, 0x3d, 0xeb, 0x3d, 0xeb, 0x3d, 0xeb, 0x3d, 0xeb, 0x3d, 0xeb, 0x3d, 0xeb, 0x3d, 0xeb, 0x3d,
    0xeb, 0x3d, 0xeb, 0x3d, 0xeb, 0x3d, 0xeb, 0x3d, 0xeb, 0x3d, 0xeb, 0x3d, 0xeb, 0x3d, 0xeb, 0x3d,
    0xeb, 0x3d, 0xeb, 0x3d, 0xeb, 0x3d, 0xeb, 0x3d, 0xeb, 0x3d, 0xeb, 0x3d, 0xeb, 0x3d, 0xeb, 0x3d,
    0xeb, 0x3d, 0xeb, 0x3d, 0xeb, 0x3d, 0xeb, 0x3d, 0xeb, 0x3d, 0xeb, 0x3d, 0xeb, 0x3d, 0xeb, 0x3d,
    0xeb, 0x3d, 0xeb, 0x3d, 0xeb, 0x3d, 0xeb, 0x3d, 0xeb, 0x3d, 0xeb, 0x3d, 0xeb, 0x3d, 0xeb, 0x3d,
    0xeb, 0x3d, 0xeb, 0x3d, 0xeb, 0x3d, 0xeb, 0x3d, 0xeb, 0x3d, 0xeb, 0x3d, 0xeb, 0x3d, 0xeb, 0x3d,
    0xc7, 0x23, 0x00, 0x00, 0x00, 0x00, 0x00, 0x00, 0x00, 0x00, 0x00, 0x00, 0x00, 0x00, 0x00, 0x00,
    0x00, 0x00, 0x00, 0x00, 0x00, 0x00, 0x00, 0x00, 0x00, 0x00, 0x00, 0x00, 0x00, 0x00, 0x00, 0x00,
    0x00, 0x00, 0x00, 0x00, 0x00, 0x00, 0x00, 0x00, 0x00, 0x00, 0x00, 0x00, 0x00, 0x00, 0xe7, 0x2b,
    0xeb, 0x3d, 0xeb, 0x3d, 0xeb, 0x3d, 0xeb, 0x3d, 0xeb, 0x3d, 0xeb, 0x3d, 0xeb, 0x3d, 0xeb, 0x3d,
    0xeb, 0x3d, 0xeb, 0x3d, 0xeb, 0x3d, 0xeb, 0x3d, 0xeb, 0x3d, 0xeb, 0x3d, 0xeb, 0x3d, 0xeb, 0x3d,
    0xeb, 0x3d, 0xeb, 0x3d, 0xeb, 0x3d, 0xeb, 0x3d, 0xeb, 0x3d, 0xeb, 0x3d, 0xeb, 0x3d, 0xeb, 0x3d,
    0xeb, 0x3d, 0xeb, 0x3d, 0xeb, 0x3d, 0xeb, 0x3d, 0xeb, 0x3d, 0xeb, 0x3d, 0xeb, 0x3d, 0xeb, 0x3d,
    0xeb, 0x3d, 0xeb, 0x3d, 0xeb, 0x3d, 0xeb, 0x3d, 0xeb, 0x3d, 0xeb, 0x3d, 0xeb, 0x3d, 0xeb, 0x3d,
    0xeb, 0x3d, 0xeb, 0x3d, 0xeb, 0x3d, 0xeb, 0x3d, 0xeb, 0x3d, 0xeb, 0x3d, 0xeb, 0x3d, 0xeb, 0x3d,
    0xeb, 0x3d, 0xeb, 0x3d, 0xeb, 0x3d, 0xeb, 0x3d, 0xeb, 0x3d, 0xeb, 0x3d, 0xeb, 0x3d, 0xeb, 0x3d,
    0xeb, 0x3d, 0xeb, 0x3d, 0xeb, 0x3d, 0xeb, 0x3d, 0xeb, 0x3d, 0xeb, 0x3d, 0xeb, 0x3d, 0xeb, 0x3d,
    0xeb, 0x3d, 0xeb, 0x3d, 0xeb, 0x3d, 0xeb, 0x3d, 0xeb, 0x3d, 0xeb, 0x3d, 0xeb, 0x3d, 0xeb, 0x3d,
    0xeb, 0x3d, 0x68, 0x2c, 0x00, 0x00, 0x00, 0x00, 0x00, 0x00, 0x00, 0x00, 0x00, 0x00, 0x00, 0x00,
    0x00, 0x00, 0x00, 0x00, 0x00, 0x00, 0x00, 0x00, 0x00, 0x00, 0x00, 0x00, 0x00, 0x00, 0x00, 0x00,
    0x00, 0x00, 0x00, 0x00, 0x00, 0x00, 0x00, 0x00, 0x00, 0x00, 0x00, 0x00, 0x00, 0x00, 0x00, 0x00,
    0x00, 0x00, 0x00, 0x00, 0x00, 0x00, 0x00, 0x00, 0x00, 0x00, 0x00, 0x00, 0xc5, 0x1a, 0xeb, 0x3d,
    0xeb, 0x3d, 0xeb, 0x3d, 0xeb, 0x3d, 0xeb, 0x3d, 0xeb, 0x3d, 0xeb, 0x3d, 0xeb, 0x3d, 0xeb, 0x3d,
    0xeb, 0x3d, 0xeb, 0x3d, 0xeb, 0x3d, 0xeb, 0x3d, 0xeb, 0x3d, 0xeb, 0x3d, 0xeb, 0x3d, 0xeb, 0x3d,
    0xeb, 0x3d, 0xeb, 0x3d, 0xeb, 0x3d, 0xeb, 0x3d, 0xeb, 0x3d, 0xeb, 0x3d, 0xeb, 0x3d, 0xeb, 0x3d,
    0xeb, 0x3d, 0xeb, 0x3d, 0xeb, 0x3d, 0xeb, 0x3d, 0xeb, 0x3d, 0xeb, 0x3d, 0xeb, 0x3d, 0xeb, 0x3d,
    0xeb, 0x3d, 0xeb, 0x3d, 0xeb, 0x3d, 0xeb, 0x3d, 0xeb, 0x3d, 0xeb, 0x3d, 0xeb, 0x3d, 0xeb, 0x3d,
    0xeb, 0x3d, 0xeb, 0x3d, 0xeb, 0x3d, 0xeb, 0x3d, 0xeb, 0x3d, 0xeb, 0x3d, 0xeb, 0x3d, 0xeb, 0x3d,
    0xeb, 0x3d, 0xeb, 0x3d, 0xeb, 0x3d, 0xeb, 0x3d, 0xeb, 0x3d, 0xeb, 0x3d, 0xeb, 0x3d, 0xeb, 0x3d,
    0xeb, 0x3d, 0xeb, 0x3d, 0xeb, 0x3d, 0xeb, 0x3d, 0xeb, 0x3d, 0xeb, 0x3d, 0xeb, 0x3d, 0xeb, 0x3d,
    0xeb, 0x3d, 0xeb, 0x3d, 0xeb, 0x3d, 0xeb, 0x3d, 0xeb, 0x3d, 0xeb, 0x3d, 0xeb, 0x3d, 0xeb, 0x3d,
    0xe3, 0x11, 0x00, 0x00, 0x00, 0x00, 0x00, 0x00, 0x00, 0x00, 0x00, 0x00, 0x00, 0x00, 0x00, 0x00,
    0x00, 0x00, 0x00, 0x00, 0x00, 0x00, 0x00, 0x00, 0x00, 0x00, 0x00, 0x00, 0x00, 0x00, 0x00, 0x00,
    0x00, 0x00, 0x00, 0x00, 0x00, 0x00, 0x00, 0x00, 0x00, 0x00, 0x00, 0x00, 0x00, 0x00, 0x03, 0x12,
    0xeb, 0x3d, 0xeb, 0x3d, 0xeb, 0x3d, 0xeb, 0x3d, 0xeb, 0x3d, 0xeb, 0x3d, 0xeb, 0x3d, 0xeb, 0x3d,
    0xeb, 0x3d, 0xeb, 0x3d, 0xeb, 0x3d, 0xeb, 0x3d, 0xeb, 0x3d, 0xeb, 0x3d, 0xeb, 0x3d, 0xeb, 0x3d,
    0xeb, 0x3d, 0xeb, 0x3d, 0xeb, 0x3d, 0xeb, 0x3d, 0xeb, 0x3d, 0xeb, 0x3d, 0xeb, 0x3d, 0xeb, 0x3d,
    0xeb, 0x3d, 0xeb, 0x3d, 0xeb, 0x3d, 0xeb, 0x3d, 0xeb, 0x3d, 0xeb, 0x3d, 0xeb, 0x3d, 0xeb, 0x3d,
    0xeb, 0x3d, 0xeb, 0x3d, 0xeb, 0x3d, 0xeb, 0x3d, 0xeb, 0x3d, 0xeb, 0x3d, 0xeb, 0x3d, 0xeb, 0x3d,
    0xeb, 0x3d, 0xeb, 0x3d, 0xeb, 0x3d, 0xeb, 0x3d, 0xeb, 0x3d, 0xeb, 0x3d, 0xeb, 0x3d, 0xeb, 0x3d,
    0xeb, 0x3d, 0xeb, 0x3d, 0xeb, 0x3d, 0xeb, 0x3d, 0xeb, 0x3d, 0xeb, 0x3d, 0xeb, 0x3d, 0xeb, 0x3d,
    0xeb, 0x3d, 0xeb, 0x3d, 0xeb, 0x3d, 0xeb, 0x3d, 0xeb, 0x3d, 0xeb, 0x3d, 0xeb, 0x3d, 0xeb, 0x3d,
    0xeb, 0x3d, 0xeb, 0x3d, 0xeb, 0x3d, 0xeb, 0x3d, 0xeb, 0x3d, 0xeb, 0x3d, 0xeb, 0x3d, 0xeb, 0x3d,
    0xeb, 0x3d, 0x84, 0x1a, 0x00, 0x00, 0x00, 0x00, 0x00, 0x00, 0x00, 0x00, 0x00, 0x00, 0x00, 0x00,
    0x00, 0x00, 0x00, 0x00, 0x00, 0x00, 0x00, 0x00, 0x00, 0x00, 0x00, 0x00, 0x00, 0x00, 0x00, 0x00,
    0x00, 0x00, 0x00, 0x00, 0x00, 0x00, 0x00, 0x00, 0x00, 0x00, 0x00, 0x00, 0x00, 0x00, 0x00, 0x00,
    0x00, 0x00, 0x00, 0x00, 0x00, 0x00, 0x00, 0x00, 0x00, 0x00, 0x00, 0x00, 0xc1, 0x08, 0xeb, 0x3d,
    0xeb, 0x3d, 0xeb, 0x3d, 0xeb, 0x3d, 0xeb, 0x3d, 0xeb, 0x3d, 0xeb, 0x3d, 0xeb, 0x3d, 0xeb, 0x3d,
    0xeb, 0x3d, 0xeb, 0x3d, 0xeb, 0x3d, 0xeb, 0x3d, 0xeb, 0x3d, 0xeb, 0x3d, 0xeb, 0x3d, 0xeb, 0x3d,
    0xeb, 0x3d, 0xeb, 0x3d, 0xeb, 0x3d, 0xeb, 0x3d, 0xeb, 0x3d, 0xeb, 0x3d, 0xeb, 0x3d, 0xeb, 0x3d,
    0xeb, 0x3d, 0xeb, 0x3d, 0xeb, 0x3d, 0xeb, 0x3d, 0xeb, 0x3d, 0xeb, 0x3d, 0xeb, 0x3d, 0xeb, 0x3d,
    0xeb, 0x3d, 0xeb, 0x3d, 0xeb, 0x3d, 0xeb, 0x3d, 0xeb, 0x3d, 0xeb, 0x3d, 0xeb, 0x3d, 0xeb, 0x3d,
    0xeb, 0x3d, 0xeb, 0x3d, 0xeb, 0x3d, 0xeb, 0x3d, 0xeb, 0x3d, 0xeb, 0x3d, 0xeb, 0x3d, 0xeb, 0x3d,
    0xeb, 0x3d, 0xeb, 0x3d, 0xeb, 0x3d, 0xeb, 0x3d, 0xeb, 0x3d, 0xeb, 0x3d, 0xeb, 0x3d, 0xeb, 0x3d,
    0xeb, 0x3d, 0xeb, 0x3d, 0xeb, 0x3d, 0xeb, 0x3d, 0xeb, 0x3d, 0xeb, 0x3d, 0xeb, 0x3d, 0xeb, 0x3d,
    0xeb, 0x3d, 0xeb, 0x3d, 0xeb, 0x3d, 0xeb, 0x3d, 0xeb, 0x3d, 0xeb, 0x3d, 0xeb, 0x3d, 0xaa, 0x3d,
    0x20, 0x00, 0x00, 0x00, 0x00, 0x00, 0x00, 0x00, 0x00, 0x00, 0x00, 0x00, 0x00, 0x00, 0x00, 0x00,
    0x00, 0x00, 0x00, 0x00, 0x00, 0x00, 0x00, 0x00, 0x00, 0x00, 0x00, 0x00, 0x00, 0x00, 0x00, 0x00,
    0x00, 0x00, 0x00, 0x00, 0x00, 0x00, 0x00, 0x00, 0x00, 0x00, 0x00, 0x00, 0x00, 0x00, 0x40, 0x00,
    0xaa, 0x3d, 0xeb, 0x3d, 0xeb, 0x3d, 0xeb, 0x3d, 0xeb, 0x3d, 0xeb, 0x3d, 0xeb, 0x3d, 0xeb, 0x3d,
    0xeb, 0x3d, 0xeb, 0x3d, 0xeb, 0x3d, 0xeb, 0x3d, 0xeb, 0x3d, 0xeb, 0x3d, 0xeb, 0x3d, 0xeb, 0x3d,
    0xeb, 0x3d, 0xeb, 0x3d, 0xeb, 0x3d, 0xeb, 0x3d, 0xeb, 0x3d, 0xeb, 0x3d, 0xeb, 0x3d, 0xeb, 0x3d,
    0xeb, 0x3d, 0xeb, 0x3d, 0xeb, 0x3d, 0xeb, 0x3d, 0xeb, 0x3d, 0xeb, 0x3d, 0xeb, 0x3d, 0xeb, 0x3d,
    0xeb, 0x3d, 0xeb, 0x3d, 0xeb, 0x3d, 0xeb, 0x3d, 0xeb, 0x3d, 0xeb, 0x3d, 0xeb, 0x3d, 0xeb, 0x3d,
    0xeb, 0x3d, 0xeb, 0x3d, 0xeb, 0x3d, 0xeb, 0x3d, 0xeb, 0x3d, 0xeb, 0x3d, 0xeb, 0x3d, 0xeb, 0x3d,
    0xeb, 0x3d, 0xeb, 0x3d, 0xeb, 0x3d, 0xeb, 0x3d, 0xeb, 0x3d, 0xeb, 0x3d, 0xeb, 0x3d, 0xeb, 0x3d,
    0xeb, 0x3d, 0xeb, 0x3d, 0xeb, 0x3d, 0xeb, 0x3d, 0xeb, 0x3d, 0xeb, 0x3d, 0xeb, 0x3d, 0xeb, 0x3d,
    0xeb, 0x3d, 0xeb, 0x3d, 0xeb, 0x3d, 0xeb, 0x3d, 0xeb, 0x3d, 0xeb, 0x3d, 0xeb, 0x3d, 0xeb, 0x3d,
    0xcb, 0x3d, 0xa1, 0x00, 0x00, 0x00, 0x00, 0x00, 0x00, 0x00, 0x00, 0x00, 0x00, 0x00, 0x00, 0x00,
    0x00, 0x00, 0x00, 0x00, 0x00, 0x00, 0x00, 0x00, 0x00, 0x00, 0x00, 0x00, 0x00, 0x00, 0x00, 0x00,
    0x00, 0x00, 0x00, 0x00, 0x00, 0x00, 0x00, 0x00, 0x00, 0x00, 0x00, 0x00, 0x00, 0x00, 0x00, 0x00,
    0x00, 0x00, 0x00, 0x00, 0x00, 0x00, 0x00, 0x00, 0x00, 0x00, 0x00, 0x00, 0x00, 0x00, 0x68, 0x2c,
    0xeb, 0x3d, 0xeb, 0x3d, 0xeb, 0x3d, 0xeb, 0x3d, 0xeb, 0x3d, 0xeb, 0x3d, 0xeb, 0x3d, 0xeb, 0x3d,
    0xeb, 0x3d, 0xeb, 0x3d, 0xeb, 0x3d, 0xeb, 0x3d, 0xeb, 0x3d, 0xeb, 0x3d, 0xeb, 0x3d, 0xeb, 0x3d,
    0xeb, 0x3d, 0xeb, 0x3d, 0xeb, 0x3d, 0xeb, 0x3d, 0xeb, 0x3d, 0xeb, 0x3d, 0xeb, 0x3d, 0xeb, 0x3d,
    0xeb, 0x3d, 0xeb, 0x3d, 0xeb, 0x3d, 0xeb, 0x3d, 0xeb, 0x3d, 0xeb, 0x3d, 0xeb, 0x3d, 0xeb, 0x3d,
    0xeb, 0x3d, 0xeb, 0x3d, 0xeb, 0x3d, 0xeb, 0x3d, 0xeb, 0x3d, 0xeb, 0x3d, 0xeb, 0x3d, 0xeb, 0x3d,
    0xeb, 0x3d, 0xeb, 0x3d, 0xeb, 0x3d, 0xeb, 0x3d, 0xeb, 0x3d, 0xeb, 0x3d, 0xeb, 0x3d, 0xeb, 0x3d,
    0xeb, 0x3d, 0xeb, 0x3d, 0xeb, 0x3d, 0xeb, 0x3d, 0xeb, 0x3d, 0xeb, 0x3d, 0xeb, 0x3d, 0xeb, 0x3d,
    0xeb, 0x3d, 0xeb, 0x3d, 0xeb, 0x3d, 0xeb, 0x3d, 0xeb, 0x3d, 0xeb, 0x3d, 0xeb, 0x3d, 0xeb, 0x3d,
    0xeb, 0x3d, 0xeb, 0x3d, 0xeb, 0x3d, 0xeb, 0x3d, 0xeb, 0x3d, 0xeb, 0x3d, 0xeb, 0x3d, 0xa7, 0x23,
    0x00, 0x00, 0x00, 0x00, 0x00, 0x00, 0x00, 0x00, 0x00, 0x00, 0x00, 0x00, 0x00, 0x00, 0x00, 0x00,
    0x00, 0x00, 0x00, 0x00, 0x00, 0x00, 0x00, 0x00, 0x00, 0x00, 0x00, 0x00, 0x00, 0x00, 0x00, 0x00,
    0x00, 0x00, 0x00, 0x00, 0x00, 0x00, 0x00, 0x00, 0x00, 0x00, 0x00, 0x00, 0x00, 0x00, 0x00, 0x00,
    0xc7, 0x2b, 0xeb, 0x3d, 0xeb, 0x3d, 0xeb, 0x3d, 0xeb, 0x3d, 0xeb, 0x3d, 0xeb, 0x3d, 0xeb, 0x3d,
    0xeb, 0x3d, 0xeb, 0x3d, 0xeb, 0x3d, 0xeb, 0x3d, 0xeb, 0x3d, 0xeb, 0x3d, 0xeb, 0x3d, 0xeb, 0x3d,
    0xeb, 0x3d, 0xeb, 0x3d, 0xeb, 0x3d, 0xeb, 0x3d, 0xeb, 0x3d, 0xeb, 0x3d, 0xeb, 0x3d, 0xeb, 0x3d,
    0xeb, 0x3d, 0xeb, 0x3d, 0xeb, 0x3d, 0xeb, 0x3d, 0xeb, 0x3d, 0xeb, 0x3d, 0xeb, 0x3d, 0xeb, 0x3d,
    0xeb, 0x3d, 0xeb, 0x3d, 0xeb, 0x3d, 0xeb, 0x3d, 0xeb, 0x3d, 0xeb, 0x3d, 0xeb, 0x3d, 0xeb, 0x3d,
    0xeb, 0x3d, 0xeb, 0x3d, 0xeb, 0x3d, 0xeb, 0x3d, 0xeb, 0x3d, 0xeb, 0x3d, 0xeb, 0x3d, 0xeb, 0x3d,
    0xeb, 0x3d, 0xeb, 0x3d, 0xeb, 0x3d, 0xeb, 0x3d, 0xeb, 0x3d, 0xeb, 0x3d, 0xeb, 0x3d, 0xeb, 0x3d,
    0xeb, 0x3d, 0xeb, 0x3d, 0xeb, 0x3d, 0xeb, 0x3d, 0xeb, 0x3d, 0xeb, 0x3d, 0xeb, 0x3d, 0xeb, 0x3d,
    0xeb, 0x3d, 0xeb, 0x3d, 0xeb, 0x3d, 0xeb, 0x3d, 0xeb, 0x3d, 0xeb, 0x3d, 0xeb, 0x3d, 0xeb, 0x3d,
    0x48, 0x2c, 0x00, 0x00, 0x00, 0x00, 0x00, 0x00, 0x00, 0x00, 0x00, 0x00, 0x00, 0x00, 0x00, 0x00,
    0x00, 0x00, 0x00, 0x00, 0x00, 0x00, 0x00, 0x00, 0x00, 0x00, 0x00, 0x00, 0x00, 0x00, 0x00, 0x00,
    0x00, 0x00, 0x00, 0x00, 0x00, 0x00, 0x00, 0x00, 0x00, 0x00, 0x00, 0x00, 0x00, 0x00, 0x00, 0x00,
    0x00, 0x00, 0x00, 0x00, 0x00, 0x00, 0x00, 0x00, 0x00, 0x00, 0x00, 0x00, 0x00, 0x00, 0x24, 0x12,
    0xeb, 0x3d, 0xeb, 0x3d, 0xeb, 0x3d, 0xeb, 0x3d, 0xeb, 0x3d, 0xeb, 0x3d, 0xeb, 0x3d, 0xeb, 0x3d,
    0xeb, 0x3d, 0xeb, 0x3d, 0xeb, 0x3d, 0xeb, 0x3d, 0xeb, 0x3d, 0xeb, 0x3d, 0xeb, 0x3d, 0xeb, 0x3d,
    0xeb, 0x3d, 0xeb, 0x3d, 0xeb, 0x3d, 0xeb, 0x3d, 0xeb, 0x3d, 0xeb, 0x3d, 0xeb, 0x3d, 0xeb, 0x3d,
    0xeb, 0x3d, 0xeb, 0x3d, 0xeb, 0x3d, 0xeb, 0x3d, 0xeb, 0x3d, 0xeb, 0x3d, 0xeb, 0x3d, 0xeb, 0x3d,
    0xeb, 0x3d, 0xeb, 0x3d, 0xeb, 0x3d, 0xeb, 0x3d, 0xeb, 0x3d, 0xeb, 0x3d, 0xeb, 0x3d, 0xeb, 0x3d,
    0xeb, 0x3d, 0xeb, 0x3d, 0xeb, 0x3d, 0xeb, 0x3d, 0xeb, 0x3d, 0xeb, 0x3d, 0xeb, 0x3d, 0xeb, 0x3d,
    0xeb, 0x3d, 0xeb, 0x3d, 0xeb, 0x3d, 0xeb, 0x3d, 0xeb, 0x3d, 0xeb, 0x3d, 0xeb, 0x3d, 0xeb, 0x3d,
    0xeb, 0x3d, 0xeb, 0x3d, 0xeb, 0x3d, 0xeb, 0x3d, 0xeb, 0x3d, 0xeb, 0x3d, 0xeb, 0x3d, 0xeb, 0x3d,
    0xeb, 0x3d, 0xeb, 0x3d, 0xeb, 0x3d, 0xeb, 0x3d, 0xeb, 0x3d, 0xeb, 0x3d, 0xeb, 0x3d, 0x42, 0x09,
    0x00, 0x00, 0x00, 0x00, 0x00, 0x00, 0x00, 0x00, 0x00, 0x00, 0x00, 0x00, 0x00, 0x00, 0x00, 0x00,
    0x00, 0x00, 0x00, 0x00, 0x00, 0x00, 0x00, 0x00, 0x00, 0x00, 0x00, 0x00, 0x00, 0x00, 0x00, 0x00,
    0x00, 0x00, 0x00, 0x00, 0x00, 0x00, 0x00, 0x00, 0x00, 0x00, 0x00, 0x00, 0x00, 0x00, 0x00, 0x00,
    0x62, 0x09, 0xeb, 0x3d, 0xeb, 0x3d, 0xeb, 0x3d, 0xeb, 0x3d, 0xeb, 0x3d, 0xeb, 0x3d, 0xeb, 0x3d,
    0xeb, 0x3d, 0xeb, 0x3d, 0xeb, 0x3d, 0xeb, 0x3d, 0xeb, 0x3d, 0xeb, 0x3d, 0xeb, 0x3d, 0xeb, 0x3d,
    0xeb, 0x3d, 0xeb, 0x3d, 0xeb, 0x3d, 0xeb, 0x3d, 0xeb, 0x3d, 0xeb, 0x3d, 0xeb, 0x3d, 0xeb, 0x3d,
    0xeb, 0x3d, 0xeb, 0x3d, 0xeb, 0x3d, 0xeb, 0x3d, 0xeb, 0x3d, 0xeb, 0x3d, 0xeb, 0x3d, 0xeb, 0x3d,
    0xeb, 0x3d, 0xeb, 0x3d, 0xeb, 0x3d, 0xeb, 0x3d, 0xeb, 0x3d, 0xeb, 0x3d, 0xeb, 0x3d, 0xeb, 0x3d,
    0xeb, 0x3d, 0xeb, 0x3d, 0xeb, 0x3d, 0xeb, 0x3d, 0xeb, 0x3d, 0xeb, 0x3d, 0xeb, 0x3d, 0xeb, 0x3d,
    0xeb, 0x3d, 0xeb, 0x3d, 0xeb, 0x3d, 0xeb, 0x3d, 0xeb, 0x3d, 0xeb, 0x3d, 0xeb, 0x3d, 0xeb, 0x3d,
    0xeb, 0x3d, 0xeb, 0x3d, 0xeb, 0x3d, 0xeb, 0x3d, 0xeb, 0x3d, 0xeb, 0x3d, 0xeb, 0x3d, 0xeb, 0x3d,
    0xeb, 0x3d, 0xeb, 0x3d, 0xeb, 0x3d, 0xeb, 0x3d, 0xeb, 0x3d, 0xeb, 0x3d, 0xeb, 0x3d, 0xeb, 0x3d,
    0xe3, 0x11, 0x00, 0x00, 0x00, 0x00, 0x00, 0x00, 0x00, 0x00, 0x00, 0x00, 0x00, 0x00, 0x00, 0x00,
    0x00, 0x00, 0x00, 0x00, 0x00, 0x00, 0x00, 0x00, 0x00, 0x00, 0x00, 0x00, 0x00, 0x00, 0x00, 0x00,
    0x00, 0x00, 0x00, 0x00, 0x00, 0x00, 0x00, 0x00, 0x00, 0x00, 0x00, 0x00, 0x00, 0x00, 0x00, 0x00,
    0x00, 0x00, 0x00, 0x00, 0x00, 0x00, 0x00, 0x00, 0x00, 0x00, 0x00, 0x00, 0x00, 0x00, 0x20, 0x00,
    0x4a, 0x3d, 0xeb, 0x3d, 0xeb, 0x3d, 0xeb, 0x3d, 0xeb, 0x3d, 0xeb, 0x3d, 0xeb, 0x3d, 0xeb, 0x3d,
    0xeb, 0x3d, 0xeb, 0x3d, 0xeb, 0x3d, 0xeb, 0x3d, 0xeb, 0x3d, 0xeb, 0x3d, 0xeb, 0x3d, 0xeb, 0x3d,
    0xeb, 0x3d, 0xeb, 0x3d, 0xeb, 0x3d, 0xeb, 0x3d, 0xeb, 0x3d, 0xeb, 0x3d, 0xeb, 0x3d, 0xeb, 0x3d,
    0xeb, 0x3d, 0xeb, 0x3d, 0xeb, 0x3d, 0xeb, 0x3d, 0xeb, 0x3d, 0xeb, 0x3d, 0xeb, 0x3d, 0xeb, 0x3d,
    0xeb, 0x3d, 0xeb, 0x3d, 0xeb, 0x3d, 0xeb, 0x3d, 0xeb, 0x3d, 0xeb, 0x3d, 0xeb, 0x3d, 0xeb, 0x3d,
    0xeb, 0x3d, 0xeb, 0x3d, 0xeb, 0x3d, 0xeb, 0x3d, 0xeb, 0x3d, 0xeb, 0x3d, 0xeb, 0x3d, 0xeb, 0x3d,
    0xeb, 0x3d, 0xeb, 0x3d, 0xeb, 0x3d, 0xeb, 0x3d, 0xeb, 0x3d, 0xeb, 0x3d, 0xeb, 0x3d, 0xeb, 0x3d,
    0xeb, 0x3d, 0xeb, 0x3d, 0xeb, 0x3d, 0xeb, 0x3d, 0xeb, 0x3d, 0xeb, 0x3d, 0xeb, 0x3d, 0xeb, 0x3d,
    0xeb, 0x3d, 0xeb, 0x3d, 0xeb, 0x3d, 0xeb, 0x3d, 0xeb, 0x3d, 0xeb, 0x3d, 0x88, 0x34, 0x00, 0x00,
    0x00, 0x00, 0x00, 0x00, 0x00, 0x00, 0x00, 0x00, 0x00, 0x00, 0x00, 0x00, 0x00, 0x00, 0x00, 0x00,
    0x00, 0x00, 0x00, 0x00, 0x00, 0x00, 0x00, 0x00, 0x00, 0x00, 0x00, 0x00, 0x00, 0x00, 0x00, 0x00,
    0x00, 0x00, 0x00, 0x00, 0x00, 0x00, 0x00, 0x00, 0x00, 0x00, 0x00, 0x00, 0x00, 0x00, 0x00, 0x00,
    0x00, 0x00, 0xa8, 0x34, 0xeb, 0x3d, 0xeb, 0x3d, 0xeb, 0x3d, 0xeb, 0x3d, 0xeb, 0x3d, 0xeb, 0x3d,
    0xeb, 0x3d, 0xeb, 0x3d, 0xeb, 0x3d, 0xeb, 0x3d, 0xeb, 0x3d, 0xeb, 0x3d, 0xeb, 0x3d, 0xeb, 0x3d,
    0xeb, 0x3d, 0xeb, 0x3d, 0xeb, 0x3d, 0xeb, 0x3d, 0xeb, 0x3d, 0xeb, 0x3d, 0xeb, 0x3d, 0xeb, 0x3d,
    0xeb, 0x3d, 0xeb, 0x3d, 0xeb, 0x3d, 0xeb, 0x3d, 0xeb, 0x3d, 0xeb, 0x3d, 0xeb, 0x3d, 0xeb, 0x3d,
    0xeb, 0x3d, 0xeb, 0x3d, 0xeb, 0x3d, 0xeb, 0x3d, 0xeb, 0x3d, 0xeb, 0x3d, 0xeb, 0x3d, 0xeb, 0x3d,
    0xeb, 0x3d, 0xeb, 0x3d, 0xeb, 0x3d, 0xeb, 0x3d, 0xeb, 0x3d, 0xeb, 0x3d, 0xeb, 0x3d, 0xeb, 0x3d,
    0xeb, 0x3d, 0xeb, 0x3d, 0xeb, 0x3d, 0xeb, 0x3d, 0xeb, 0x3d, 0xeb, 0x3d, 0xeb, 0x3d, 0xeb, 0x3d,
    0xeb, 0x3d, 0xeb, 0x3d, 0xeb, 0x3d, 0xeb, 0x3d, 0xeb, 0x3d, 0xeb, 0x3d, 0xeb, 0x3d, 0xeb, 0x3d,
    0xeb, 0x3d, 0xeb, 0x3d, 0xeb, 0x3d, 0xeb, 0x3d, 0xeb, 0x3d, 0xeb, 0x3d, 0xeb, 0x3d, 0x29, 0x35,
    0x20, 0x00, 0x00, 0x00, 0x00, 0x00, 0x00, 0x00, 0x00, 0x00, 0x00, 0x00, 0x00, 0x00, 0x00, 0x00,
    0x00, 0x00, 0x00, 0x00, 0x00, 0x00, 0x00, 0x00, 0x00, 0x00, 0x00, 0x00, 0x00, 0x00, 0x00, 0x00,
    0x00, 0x00, 0x00, 0x00, 0x00, 0x00, 0x00, 0x00, 0x00, 0x00, 0x00, 0x00, 0x00, 0x00, 0x00, 0x00,
    0x00, 0x00, 0x00, 0x00, 0x00, 0x00, 0x00, 0x00, 0x00, 0x00, 0x00, 0x00, 0x00, 0x00, 0x00, 0x00,
    0xc5, 0x1a, 0xeb, 0x3d, 0xeb, 0x3d, 0xeb, 0x3d, 0xeb, 0x3d, 0xeb, 0x3d, 0xeb, 0x3d, 0xeb, 0x3d,
    0xeb, 0x3d, 0xeb, 0x3d, 0xeb, 0x3d, 0xeb, 0x3d, 0xeb, 0x3d, 0xeb, 0x3d, 0xeb, 0x3d, 0xeb, 0x3d,
    0xeb, 0x3d, 0xeb, 0x3d, 0xeb, 0x3d, 0xeb, 0x3d, 0xeb, 0x3d, 0xeb, 0x3d, 0xeb, 0x3d, 0xeb, 0x3d,
    0xeb, 0x3d, 0xeb, 0x3d, 0xeb, 0x3d, 0xeb, 0x3d, 0xeb, 0x3d, 0xeb, 0x3d, 0xeb, 0x3d, 0xeb, 0x3d,
    0xeb, 0x3d, 0xeb, 0x3d, 0xeb, 0x3d, 0xeb, 0x3d, 0xeb, 0x3d, 0xeb, 0x3d, 0xeb, 0x3d, 0xeb, 0x3d,
    0xeb, 0x3d, 0xeb, 0x3d, 0xeb, 0x3d, 0xeb, 0x3d, 0xeb, 0x3d, 0xeb, 0x3d, 0xeb, 0x3d, 0xeb, 0x3d,
    0xeb, 0x3d, 0xeb, 0x3d, 0xeb, 0x3d, 0xeb, 0x3d, 0xeb, 0x3d, 0xeb, 0x3d, 0xeb, 0x3d, 0xeb, 0x3d,
    0xeb, 0x3d, 0xeb, 0x3d, 0xeb, 0x3d, 0xeb, 0x3d, 0xeb, 0x3d, 0xeb, 0x3d, 0xeb, 0x3d, 0xeb, 0x3d,
    0xeb, 0x3d, 0xeb, 0x3d, 0xeb, 0x3d, 0xeb, 0x3d, 0xeb, 0x3d, 0xeb, 0x3d, 0xc3, 0x11, 0x00, 0x00,
    0x00, 0x00, 0x00, 0x00, 0x00, 0x00, 0x00, 0x00, 0x00, 0x00, 0x00, 0x00, 0x00, 0x00, 0x00, 0x00,
    0x00, 0x00, 0x00, 0x00, 0x00, 0x00, 0x00, 0x00, 0x00, 0x00, 0x00, 0x00, 0x00, 0x00, 0x00, 0x00,
    0x00, 0x00, 0x00, 0x00, 0x00, 0x00, 0x00, 0x00, 0x00, 0x00, 0x00, 0x00, 0x00, 0x00, 0x00, 0x00,
    0x00, 0x00, 0x03, 0x12, 0xeb, 0x3d, 0xeb, 0x3d, 0xeb, 0x3d, 0xeb, 0x3d, 0xeb, 0x3d, 0xeb, 0x3d,
    0xeb, 0x3d, 0xeb, 0x3d, 0xeb, 0x3d, 0xeb, 0x3d, 0xeb, 0x3d, 0xeb, 0x3d, 0xeb, 0x3d, 0xeb, 0x3d,
    0xeb, 0x3d, 0xeb, 0x3d, 0xeb, 0x3d, 0xeb, 0x3d, 0xeb, 0x3d, 0xeb, 0x3d, 0xeb, 0x3d, 0xeb, 0x3d,
    0xeb, 0x3d, 0xeb, 0x3d, 0xeb, 0x3d, 0xeb, 0x3d, 0xeb, 0x3d, 0xeb, 0x3d, 0xeb, 0x3d, 0xeb, 0x3d,
    0xeb, 0x3d, 0xeb, 0x3d, 0xeb, 0x3d, 0xeb, 0x3d, 0xeb, 0x3d, 0xeb, 0x3d, 0xeb, 0x3d, 0xeb, 0x3d,
    0xeb, 0x3d, 0xeb, 0x3d, 0xeb, 0x3d, 0xeb, 0x3d, 0xeb, 0x3d, 0xeb, 0x3d, 0xeb, 0x3d, 0xeb, 0x3d,
    0xeb, 0x3d, 0xeb, 0x3d, 0xeb, 0x3d, 0xeb, 0x3d, 0xeb, 0x3d, 0xeb, 0x3d, 0xeb, 0x3d, 0xeb, 0x3d,
    0xeb, 0x3d, 0xeb, 0x3d, 0xeb, 0x3d, 0xeb, 0x3d, 0xeb, 0x3d, 0xeb, 0x3d, 0xeb, 0x3d, 0xeb, 0x3d,
    0xeb, 0x3d, 0xeb, 0x3d, 0xeb, 0x3d, 0xeb, 0x3d, 0xeb, 0x3d, 0xeb, 0x3d, 0xeb, 0x3d, 0x84, 0x1a,
    0x00, 0x00, 0x00, 0x00, 0x00, 0x00, 0x00, 0x00, 0x00, 0x00, 0x00, 0x00, 0x00, 0x00, 0x00, 0x00,
    0x00, 0x00, 0x00, 0x00, 0x00, 0x00, 0x00, 0x00, 0x00, 0x00, 0x00, 0x00, 0x00, 0x00, 0x00, 0x00,
    0x00, 0x00, 0x00, 0x00, 0x00, 0x00, 0x00, 0x00, 0x00, 0x00, 0x00, 0x00, 0x00, 0x00, 0x00, 0x00,
    0x00, 0x00, 0x00, 0x00, 0x00, 0x00, 0x00, 0x00, 0x00, 0x00, 0x00, 0x00, 0x00, 0x00, 0x00, 0x00,
    0x40, 0x00, 0x4a, 0x3d, 0xeb, 0x3d, 0xeb, 0x3d, 0xeb, 0x3d, 0xeb, 0x3d, 0xeb, 0x3d, 0xeb, 0x3d,
    0xeb, 0x3d, 0xeb, 0x3d, 0xeb, 0x3d, 0xeb, 0x3d, 0xeb, 0x3d, 0xeb, 0x3d, 0xeb, 0x3d, 0xeb, 0x3d,
    0xeb, 0x3d, 0xeb, 0x3d, 0xeb, 0x3d, 0xeb, 0x3d, 0xeb, 0x3d, 0xeb, 0x3d, 0xeb, 0x3d, 0xeb, 0x3d,
    0xeb, 0x3d, 0xeb, 0x3d, 0xeb, 0x3d, 0xeb, 0x3d, 0xeb, 0x3d, 0xeb, 0x3d, 0xeb, 0x3d, 0xeb, 0x3d,
    0xeb, 0x3d, 0xeb, 0x3d, 0xeb, 0x3d, 0xeb, 0x3d, 0xeb, 0x3d, 0xeb, 0x3d, 0xeb, 0x3d, 0xeb, 0x3d,
    0xeb, 0x3d, 0xeb, 0x3d, 0xeb, 0x3d, 0xeb, 0x3d, 0xeb, 0x3d, 0xeb, 0x3d, 0xeb, 0x3d, 0xeb, 0x3d,
    0xeb, 0x3d, 0xeb, 0x3d, 0xeb, 0x3d, 0xeb, 0x3d, 0xeb, 0x3d, 0xeb, 0x3d, 0xeb, 0x3d, 0xeb, 0x3d,
    0xeb, 0x3d, 0xeb, 0x3d, 0xeb, 0x3d, 0xeb, 0x3d, 0xeb, 0x3d, 0xeb, 0x3d, 0xeb, 0x3d, 0xeb, 0x3d,
    0xeb, 0x3d, 0xeb, 0x3d, 0xeb, 0x3d, 0xeb, 0x3d, 0xeb, 0x3d, 0xc9, 0x34, 0x00, 0x00, 0x00, 0x00,
    0x00, 0x00, 0x00, 0x00, 0x00, 0x00, 0x00, 0x00, 0x00, 0x00, 0x00, 0x00, 0x00, 0x00, 0x00, 0x00,
    0x00, 0x00, 0x00, 0x00, 0x00, 0x00, 0x00, 0x00, 0x00, 0x00, 0x00, 0x00, 0x00, 0x00, 0x00, 0x00,
    0x00, 0x00, 0x00, 0x00, 0x00, 0x00, 0x00, 0x00, 0x00, 0x00, 0x00, 0x00, 0x00, 0x00, 0x00, 0x00,
    0x00, 0x00, 0x00, 0x00, 0xe9, 0x34, 0xeb, 0x3d, 0xeb, 0x3d, 0xeb, 0x3d, 0xeb, 0x3d, 0xeb, 0x3d,
    0xeb, 0x3d, 0xeb, 0x3d, 0xeb, 0x3d, 0xeb, 0x3d, 0xeb, 0x3d, 0xeb, 0x3d, 0xeb, 0x3d, 0xeb, 0x3d,
    0xeb, 0x3d, 0xeb, 0x3d, 0xeb, 0x3d, 0xeb, 0x3d, 0xeb, 0x3d, 0xeb, 0x3d, 0xeb, 0x3d, 0xeb, 0x3d,
    0xeb, 0x3d, 0xeb, 0x3d, 0xeb, 0x3d, 0xeb, 0x3d, 0xeb, 0x3d, 0xeb, 0x3d, 0xeb, 0x3d, 0xeb, 0x3d,
    0xeb, 0x3d, 0xeb, 0x3d, 0xeb, 0x3d, 0xeb, 0x3d, 0xeb, 0x3d, 0xeb, 0x3d, 0xeb, 0x3d, 0xeb, 0x3d,
    0xeb, 0x3d, 0xeb, 0x3d, 0xeb, 0x3d, 0xeb, 0x3d, 0xeb, 0x3d, 0xeb, 0x3d, 0xeb, 0x3d, 0xeb, 0x3d,
    0xeb, 0x3d, 0xeb, 0x3d, 0xeb, 0x3d, 0xeb, 0x3d, 0xeb, 0x3d, 0xeb, 0x3d, 0xeb, 0x3d, 0xeb, 0x3d,
    0xeb, 0x3d, 0xeb, 0x3d, 0xeb, 0x3d, 0xeb, 0x3d, 0xeb, 0x3d, 0xeb, 0x3d, 0xeb, 0x3d, 0xeb, 0x3d,
    0xeb, 0x3d, 0xeb, 0x3d, 0xeb, 0x3d, 0xeb, 0x3d, 0xeb, 0x3d, 0xeb, 0x3d, 0x29, 0x35, 0x20, 0x00,
    0x00, 0x00, 0x00, 0x00, 0x00, 0x00, 0x00, 0x00, 0x00, 0x00, 0x00, 0x00, 0x00, 0x00, 0x00, 0x00,
    0x00, 0x00, 0x00, 0x00, 0x00, 0x00, 0x00, 0x00, 0x00, 0x00, 0x00, 0x00, 0x00, 0x00, 0x00, 0x00,
    0x00, 0x00, 0x00, 0x00, 0x00, 0x00, 0x00, 0x00, 0x00, 0x00, 0x00, 0x00, 0x00, 0x00, 0x00, 0x00,
    0x00, 0x00, 0x00, 0x00, 0x00, 0x00, 0x00, 0x00, 0x00, 0x00, 0x00, 0x00, 0x00, 0x00, 0x00, 0x00,
    0x00, 0x00, 0x64, 0x1a, 0xeb, 0x3d, 0xeb, 0x3d, 0xeb, 0x3d, 0xeb, 0x3d, 0xeb, 0x3d, 0xeb, 0x3d,
    0xeb, 0x3d, 0xeb, 0x3d, 0xeb, 0x3d, 0xeb, 0x3d, 0xeb, 0x3d, 0xeb, 0x3d, 0xeb, 0x3d, 0xeb, 0x3d,
    0xeb, 0x3d, 0xeb, 0x3d, 0xeb, 0x3d, 0xeb, 0x3d, 0xeb, 0x3d, 0xeb, 0x3d, 0xeb, 0x3d, 0xeb, 0x3d,
    0xeb, 0x3d, 0xeb, 0x3d, 0xeb, 0x3d, 0xeb, 0x3d, 0xeb, 0x3d, 0xeb, 0x3d, 0xeb, 0x3d, 0xeb, 0x3d,
    0xeb, 0x3d, 0xeb, 0x3d, 0xeb, 0x3d, 0xeb, 0x3d, 0xeb, 0x3d, 0xeb, 0x3d, 0xeb, 0x3d, 0xeb, 0x3d,
    0xeb, 0x3d, 0xeb, 0x3d, 0xeb, 0x3d, 0xeb, 0x3d, 0xeb, 0x3d, 0xeb, 0x3d, 0xeb, 0x3d, 0xeb, 0x3d,
    0xeb, 0x3d, 0xeb, 0x3d, 0xeb, 0x3d, 0xeb, 0x3d, 0xeb, 0x3d, 0xeb, 0x3d, 0xeb, 0x3d, 0xeb, 0x3d,
    0xeb, 0x3d, 0xeb, 0x3d, 0xeb, 0x3d, 0xeb, 0x3d, 0xeb, 0x3d, 0xeb, 0x3d, 0xeb, 0x3d, 0xeb, 0x3d,
    0xeb, 0x3d, 0xeb, 0x3d, 0xeb, 0x3d, 0xeb, 0x3d, 0xeb, 0x3d, 0xc3, 0x11, 0x00, 0x00, 0x00, 0x00,
    0x00, 0x00, 0x00, 0x00, 0x00, 0x00, 0x00, 0x00, 0x00, 0x00, 0x00, 0x00, 0x00, 0x00, 0x00, 0x00,
    0x00, 0x00, 0x00, 0x00, 0x00, 0x00, 0x00, 0x00, 0x00, 0x00, 0x00, 0x00, 0x00, 0x00, 0x00, 0x00,
    0x00, 0x00, 0x00, 0x00, 0x00, 0x00, 0x00, 0x00, 0x00, 0x00, 0x00, 0x00, 0x00, 0x00, 0x00, 0x00,
    0x00, 0x00, 0x00, 0x00, 0xc3, 0x11, 0xeb, 0x3d, 0xeb, 0x3d, 0xeb, 0x3d, 0xeb, 0x3d, 0xeb, 0x3d,
    0xeb, 0x3d, 0xeb, 0x3d, 0xeb, 0x3d, 0xeb, 0x3d, 0xeb, 0x3d, 0xeb, 0x3d, 0xeb, 0x3d, 0xeb, 0x3d,
    0xeb, 0x3d, 0xeb, 0x3d, 0xeb, 0x3d, 0xeb, 0x3d, 0xeb, 0x3d, 0xeb, 0x3d, 0xeb, 0x3d, 0xeb, 0x3d,
    0xeb, 0x3d, 0xeb, 0x3d, 0xeb, 0x3d, 0xeb, 0x3d, 0xeb, 0x3d, 0xeb, 0x3d, 0xeb, 0x3d, 0xeb, 0x3d,
    0xeb, 0x3d, 0xeb, 0x3d, 0xeb, 0x3d, 0xeb, 0x3d, 0xeb, 0x3d, 0xeb, 0x3d, 0xeb, 0x3d, 0xeb, 0x3d,
    0xeb, 0x3d, 0xeb, 0x3d, 0xeb, 0x3d, 0xeb, 0x3d, 0xeb, 0x3d, 0xeb, 0x3d, 0xeb, 0x3d, 0xeb, 0x3d,
    0xeb, 0x3d, 0xeb, 0x3d, 0xeb, 0x3d, 0xeb, 0x3d, 0xeb, 0x3d, 0xeb, 0x3d, 0xeb, 0x3d, 0xeb, 0x3d,
    0xeb, 0x3d, 0xeb, 0x3d, 0xeb, 0x3d, 0xeb, 0x3d, 0xeb, 0x3d, 0xeb, 0x3d, 0xeb, 0x3d, 0xeb, 0x3d,
    0xeb, 0x3d, 0xeb, 0x3d, 0xeb, 0x3d, 0xeb, 0x3d, 0xeb, 0x3d, 0xeb, 0x3d, 0x24, 0x12, 0x00, 0x00,
    0x00, 0x00, 0x00, 0x00, 0x00, 0x00, 0x00, 0x00, 0x00, 0x00, 0x00, 0x00, 0x00, 0x00, 0x00, 0x00,
    0x00, 0x00, 0x00, 0x00, 0x00, 0x00, 0x00, 0x00, 0x00, 0x00, 0x00, 0x00, 0x00, 0x00, 0x00, 0x00,
    0x00, 0x00, 0x00, 0x00, 0x00, 0x00, 0x00, 0x00, 0x00, 0x00, 0x00, 0x00, 0x00, 0x00, 0x00, 0x00,
    0x00, 0x00, 0x00, 0x00, 0x00, 0x00, 0x00, 0x00, 0x00, 0x00, 0x00, 0x00, 0x00, 0x00, 0x00, 0x00,
    0x00, 0x00, 0x20, 0x00, 0xe9, 0x34, 0xeb, 0x3d, 0xeb, 0x3d, 0xeb, 0x3d, 0xeb, 0x3d, 0xeb, 0x3d,
    0xeb, 0x3d, 0xeb, 0x3d, 0xeb, 0x3d, 0xeb, 0x3d, 0xeb, 0x3d, 0xeb, 0x3d, 0xeb, 0x3d, 0xeb, 0x3d,
    0xeb, 0x3d, 0xeb, 0x3d, 0xeb, 0x3d, 0xeb, 0x3d, 0xeb, 0x3d, 0xeb, 0x3d, 0xeb, 0x3d, 0xeb, 0x3d,
    0xeb, 0x3d, 0xeb, 0x3d, 0xeb, 0x3d, 0xeb, 0x3d, 0xeb, 0x3d, 0xeb, 0x3d, 0xeb, 0x3d, 0xeb, 0x3d,
    0xeb, 0x3d, 0xeb, 0x3d, 0xeb, 0x3d, 0xeb, 0x3d, 0xeb, 0x3d, 0xeb, 0x3d, 0xeb, 0x3d, 0xeb, 0x3d,
    0xeb, 0x3d, 0xeb, 0x3d, 0xeb, 0x3d, 0xeb, 0x3d, 0xeb, 0x3d, 0xeb, 0x3d, 0xeb, 0x3d, 0xeb, 0x3d,
    0xeb, 0x3d, 0xeb, 0x3d, 0xeb, 0x3d, 0xeb, 0x3d, 0xeb, 0x3d, 0xeb, 0x3d, 0xeb, 0x3d, 0xeb, 0x3d,
    0xeb, 0x3d, 0xeb, 0x3d, 0xeb, 0x3d, 0xeb, 0x3d, 0xeb, 0x3d, 0xeb, 0x3d, 0xeb, 0x3d, 0xeb, 0x3d,
    0xeb, 0x3d, 0xeb, 0x3d, 0xeb, 0x3d, 0xeb, 0x3d, 0x27, 0x2c, 0x00, 0x00, 0x00, 0x00, 0x00, 0x00,
    0x00, 0x00, 0x00, 0x00, 0x00, 0x00, 0x00, 0x00, 0x00, 0x00, 0x00, 0x00, 0x00, 0x00, 0x00, 0x00,
    0x00, 0x00, 0x00, 0x00, 0x00, 0x00, 0x00, 0x00, 0x00, 0x00, 0x00, 0x00, 0x00, 0x00, 0x00, 0x00,
    0x00, 0x00, 0x00, 0x00, 0x00, 0x00, 0x00, 0x00, 0x00, 0x00, 0x00, 0x00, 0x00, 0x00, 0x00, 0x00,
    0x00, 0x00, 0x00, 0x00, 0x00, 0x00, 0x48, 0x2c, 0xeb, 0x3d, 0xeb, 0x3d, 0xeb, 0x3d, 0xeb, 0x3d,
    0xeb, 0x3d, 0xeb, 0x3d, 0xeb, 0x3d, 0xeb, 0x3d, 0xeb, 0x3d, 0xeb, 0x3d, 0xeb, 0x3d, 0xeb, 0x3d,
    0xeb, 0x3d, 0xeb, 0x3d, 0xeb, 0x3d, 0xeb, 0x3d, 0xeb, 0x3d, 0xeb, 0x3d, 0xeb, 0x3d, 0xeb, 0x3d,
    0xeb, 0x3d, 0xeb, 0x3d, 0xeb, 0x3d, 0xeb, 0x3d, 0xeb, 0x3d, 0xeb, 0x3d, 0xeb, 0x3d, 0xeb, 0x3d,
    0xeb, 0x3d, 0xeb, 0x3d, 0xeb, 0x3d, 0xeb, 0x3d, 0xeb, 0x3d, 0xeb, 0x3d, 0xeb, 0x3d, 0xeb, 0x3d,
    0xeb, 0x3d, 0xeb, 0x3d, 0xeb, 0x3d, 0xeb, 0x3d, 0xeb, 0x3d, 0xeb, 0x3d, 0xeb, 0x3d, 0xeb, 0x3d,
    0xeb, 0x3d, 0xeb, 0x3d, 0xeb, 0x3d, 0xeb, 0x3d, 0xeb, 0x3d, 0xeb, 0x3d, 0xeb, 0x3d, 0xeb, 0x3d,
    0xeb, 0x3d, 0xeb, 0x3d, 0xeb, 0x3d, 0xeb, 0x3d, 0xeb, 0x3d, 0xeb, 0x3d, 0xeb, 0x3d, 0xeb, 0x3d,
    0xeb, 0x3d, 0xeb, 0x3d, 0xeb, 0x3d, 0xeb, 0x3d, 0xeb, 0x3d, 0xa8, 0x34, 0x00, 0x00, 0x00, 0x00,
    0x00, 0x00, 0x00, 0x00, 0x00, 0x00, 0x00, 0x00, 0x00, 0x00, 0x00, 0x00, 0x00, 0x00, 0x00, 0x00,
    0x00, 0x00, 0x00, 0x00, 0x00, 0x00, 0x00, 0x00, 0x00, 0x00, 0x00, 0x00, 0x00, 0x00, 0x00, 0x00,
    0x00, 0x00, 0x00, 0x00, 0x00, 0x00, 0x00, 0x00, 0x00, 0x00, 0x00, 0x00, 0x00, 0x00, 0x00, 0x00,
    0x00, 0x00, 0x00, 0x00, 0x00, 0x00, 0x00, 0x00, 0x00, 0x00, 0x00, 0x00, 0x00, 0x00, 0x00, 0x00,
    0x00, 0x00, 0x00, 0x00, 0x62, 0x09, 0xcb, 0x3d, 0xeb, 0x3d, 0xeb, 0x3d, 0xeb, 0x3d, 0xeb, 0x3d,
    0xeb, 0x3d, 0xeb, 0x3d, 0xeb, 0x3d, 0xeb, 0x3d, 0xeb, 0x3d, 0xeb, 0x3d, 0xeb, 0x3d, 0xeb, 0x3d,
    0xeb, 0x3d, 0xeb, 0x3d, 0xeb, 0x3d, 0xeb, 0x3d, 0xeb, 0x3d, 0xeb, 0x3d, 0xeb, 0x3d, 0xeb, 0x3d,
    0xeb, 0x3d, 0xeb, 0x3d, 0xeb, 0x3d, 0xeb, 0x3d, 0xeb, 0x3d, 0xeb, 0x3d, 0xeb, 0x3d, 0xeb, 0x3d,
    0xeb, 0x3d, 0xeb, 0x3d, 0xeb, 0x3d, 0xeb, 0x3d, 0xeb, 0x3d, 0xeb, 0x3d, 0xeb, 0x3d, 0xeb, 0x3d,
    0xeb, 0x3d, 0xeb, 0x3d, 0xeb, 0x3d, 0xeb, 0x3d, 0xeb, 0x3d, 0xeb, 0x3d, 0xeb, 0x3d, 0xeb, 0x3d,
    0xeb, 0x3d, 0xeb, 0x3d, 0xeb, 0x3d, 0xeb, 0x3d, 0xeb, 0x3d, 0xeb, 0x3d, 0xeb, 0x3d, 0xeb, 0x3d,
    0xeb, 0x3d, 0xeb, 0x3d, 0xeb, 0x3d, 0xeb, 0x3d, 0xeb, 0x3d, 0xeb, 0x3d, 0xeb, 0x3d, 0xeb, 0x3d,
    0xeb, 0x3d, 0xeb, 0x3d, 0xeb, 0x3d, 0xaa, 0x3d, 0xc1, 0x08, 0x00, 0x00, 0x00, 0x00, 0x00, 0x00,
    0x00, 0x00, 0x00, 0x00, 0x00, 0x00, 0x00, 0x00, 0x00, 0x00, 0x00, 0x00, 0x00, 0x00, 0x00, 0x00,
    0x00, 0x00, 0x00, 0x00, 0x00, 0x00, 0x00, 0x00, 0x00, 0x00, 0x00, 0x00, 0x00, 0x00, 0x00, 0x00,
    0x00, 0x00, 0x00, 0x00, 0x00, 0x00, 0x00, 0x00, 0x00, 0x00, 0x00, 0x00, 0x00, 0x00, 0x00, 0x00,
    0x00, 0x00, 0x00, 0x00, 0x00, 0x00, 0xe1, 0x08, 0xaa, 0x3d, 0xeb, 0x3d, 0xeb, 0x3d, 0xeb, 0x3d,
    0xeb, 0x3d, 0xeb, 0x3d, 0xeb, 0x3d, 0xeb, 0x3d, 0xeb, 0x3d, 0xeb, 0x3d, 0xeb, 0x3d, 0xeb, 0x3d,
    0xeb, 0x3d, 0xeb, 0x3d, 0xeb, 0x3d, 0xeb, 0x3d, 0xeb, 0x3d, 0xeb, 0x3d, 0xeb, 0x3d, 0xeb, 0x3d,
    0xeb, 0x3d, 0xeb, 0x3d, 0xeb, 0x3d, 0xeb, 0x3d, 0xeb, 0x3d, 0xeb, 0x3d, 0xeb, 0x3d, 0xeb, 0x3d,
    0xeb, 0x3d, 0xeb, 0x3d, 0xeb, 0x3d, 0xeb, 0x3d, 0xeb, 0x3d, 0xeb, 0x3d, 0xeb, 0x3d, 0xeb, 0x3d,
    0xeb, 0x3d, 0xeb, 0x3d, 0xeb, 0x3d, 0xeb, 0x3d, 0xeb, 0x3d, 0xeb, 0x3d, 0xeb, 0x3d, 0xeb, 0x3d,
    0xeb, 0x3d, 0xeb, 0x3d, 0xeb, 0x3d, 0xeb, 0x3d, 0xeb, 0x3d, 0xeb, 0x3d, 0xeb, 0x3d, 0xeb, 0x3d,
    0xeb, 0x3d, 0xeb, 0x3d, 0xeb, 0x3d, 0xeb, 0x3d, 0xeb, 0x3d, 0xeb, 0x3d, 0xeb, 0x3d, 0xeb, 0x3d,
    0xeb, 0x3d, 0xeb, 0x3d, 0xeb, 0x3d, 0xeb, 0x3d, 0xcb, 0x3d, 0x42, 0x09, 0x00, 0x00, 0x00, 0x00,
    0x00, 0x00, 0x00, 0x00, 0x00, 0x00, 0x00, 0x00, 0x00, 0x00, 0x00, 0x00, 0x00, 0x00, 0x00, 0x00,
    0x00, 0x00, 0x00, 0x00, 0x00, 0x00, 0x00, 0x00, 0x00, 0x00, 0x00, 0x00, 0x00, 0x00, 0x00, 0x00,
    0x00, 0x00, 0x00, 0x00, 0x00, 0x00, 0x00, 0x00, 0x00, 0x00, 0x00, 0x00, 0x00, 0x00, 0x00, 0x00,
    0x00, 0x00, 0x00, 0x00, 0x00, 0x00, 0x00, 0x00, 0x00, 0x00, 0x00, 0x00, 0x00, 0x00, 0x00, 0x00,
    0x00, 0x00, 0x00, 0x00, 0x00, 0x00, 0x26, 0x23, 0xeb, 0x3d, 0xeb, 0x3d, 0xeb, 0x3d, 0xeb, 0x3d,
    0xeb, 0x3d, 0xeb, 0x3d, 0xeb, 0x3d, 0xeb, 0x3d, 0xeb, 0x3d, 0xeb, 0x3d, 0xeb, 0x3d, 0xeb, 0x3d,
    0xeb, 0x3d, 0xeb, 0x3d, 0xeb, 0x3d, 0xeb, 0x3d, 0xeb, 0x3d, 0xeb, 0x3d, 0xeb, 0x3d, 0xeb, 0x3d,
    0xeb, 0x3d, 0xeb, 0x3d, 0xeb, 0x3d, 0xeb, 0x3d, 0xeb, 0x3d, 0xeb, 0x3d, 0xeb, 0x3d, 0xeb, 0x3d,
    0xeb, 0x3d, 0xeb, 0x3d, 0xeb, 0x3d, 0xeb, 0x3d, 0xeb, 0x3d, 0xeb, 0x3d, 0xeb, 0x3d, 0xeb, 0x3d,
    0xeb, 0x3d, 0xeb, 0x3d, 0xeb, 0x3d, 0xeb, 0x3d, 0xeb, 0x3d, 0xeb, 0x3d, 0xeb, 0x3d, 0xeb, 0x3d,
    0xeb, 0x3d, 0xeb, 0x3d, 0xeb, 0x3d, 0xeb, 0x3d, 0xeb, 0x3d, 0xeb, 0x3d, 0xeb, 0x3d, 0xeb, 0x3d,
    0xeb, 0x3d, 0xeb, 0x3d, 0xeb, 0x3d, 0xeb, 0x3d, 0xeb, 0x3d, 0xeb, 0x3d, 0xeb, 0x3d, 0xeb, 0x3d,
    0xeb, 0x3d, 0xeb, 0x3d, 0xeb, 0x3d, 0xa5, 0x1a, 0x00, 0x00, 0x00, 0x00, 0x00, 0x00, 0x00, 0x00,
    0x00, 0x00, 0x00, 0x00, 0x00, 0x00, 0x00, 0x00, 0x00, 0x00, 0x00, 0x00, 0x00, 0x00, 0x00, 0x00,
    0x00, 0x00, 0x00, 0x00, 0x00, 0x00, 0x00, 0x00, 0x00, 0x00, 0x00, 0x00, 0x00, 0x00, 0x00, 0x00,
    0x00, 0x00, 0x00, 0x00, 0x00, 0x00, 0x00, 0x00, 0x00, 0x00, 0x00, 0x00, 0x00, 0x00, 0x00, 0x00,
    0x00, 0x00, 0x00, 0x00, 0x00, 0x00, 0x00, 0x00, 0xa4, 0x1a, 0xeb, 0x3d, 0xeb, 0x3d, 0xeb, 0x3d,
    0xeb, 0x3d, 0xeb, 0x3d, 0xeb, 0x3d, 0xeb, 0x3d, 0xeb, 0x3d, 0xeb, 0x3d, 0xeb, 0x3d, 0xeb, 0x3d,
    0xeb, 0x3d, 0xeb, 0x3d, 0xeb, 0x3d, 0xeb, 0x3d, 0xeb, 0x3d, 0xeb, 0x3d, 0xeb, 0x3d, 0xeb, 0x3d,
    0xeb, 0x3d, 0xeb, 0x3d, 0xeb, 0x3d, 0xeb, 0x3d, 0xeb, 0x3d, 0xeb, 0x3d, 0xeb, 0x3d, 0xeb, 0x3d,
    0xeb, 0x3d, 0xeb, 0x3d, 0xeb, 0x3d, 0xeb, 0x3d, 0xeb, 0x3d, 0xeb, 0x3d, 0xeb, 0x3d, 0xeb, 0x3d,
    0xeb, 0x3d, 0xeb, 0x3d, 0xeb, 0x3d, 0xeb, 0x3d, 0xeb, 0x3d, 0xeb, 0x3d, 0xeb, 0x3d, 0xeb, 0x3d,
    0xeb, 0x3d, 0xeb, 0x3d, 0xeb, 0x3d, 0xeb, 0x3d, 0xeb, 0x3d, 0xeb, 0x3d, 0xeb, 0x3d, 0xeb, 0x3d,
    0xeb, 0x3d, 0xeb, 0x3d, 0xeb, 0x3d, 0xeb, 0x3d, 0xeb, 0x3d, 0xeb, 0x3d, 0xeb, 0x3d, 0xeb, 0x3d,
    0xeb, 0x3d, 0xeb, 0x3d, 0xeb, 0x3d, 0xeb, 0x3d, 0x25, 0x23, 0x00, 0x00, 0x00, 0x00, 0x00, 0x00,
    0x00, 0x00, 0x00, 0x00, 0x00, 0x00, 0x00, 0x00, 0x00, 0x00, 0x00, 0x00, 0x00, 0x00, 0x00, 0x00,
    0x00, 0x00, 0x00, 0x00, 0x00, 0x00, 0x00, 0x00, 0x00, 0x00, 0x00, 0x00, 0x00, 0x00, 0x00, 0x00,
    0x00, 0x00, 0x00, 0x00, 0x00, 0x00, 0x00, 0x00, 0x00, 0x00, 0x00, 0x00, 0x00, 0x00, 0x00, 0x00,
    0x00, 0x00, 0x00, 0x00, 0x00, 0x00, 0x00, 0x00, 0x00, 0x00, 0x00, 0x00, 0x00, 0x00, 0x00, 0x00,
    0x00, 0x00, 0x00, 0x00, 0x00, 0x00, 0x20, 0x00, 0xc8, 0x34, 0xeb, 0x3d, 0xeb, 0x3d, 0xeb, 0x3d,
    0xeb, 0x3d, 0xeb, 0x3d, 0xeb, 0x3d, 0xeb, 0x3d, 0xeb, 0x3d, 0xeb, 0x3d, 0xeb, 0x3d, 0xeb, 0x3d,
    0xeb, 0x3d, 0xeb, 0x3d, 0xeb, 0x3d, 0xeb, 0x3d, 0xeb, 0x3d, 0xeb, 0x3d, 0xeb, 0x3d, 0xeb, 0x3d,
    0xeb, 0x3d, 0xeb, 0x3d, 0xeb, 0x3d, 0xeb, 0x3d, 0xeb, 0x3d, 0xeb, 0x3d, 0xeb, 0x3d, 0xeb, 0x3d,
    0xeb, 0x3d, 0xeb, 0x3d, 0xeb, 0x3d, 0xeb, 0x3d, 0xeb, 0x3d, 0xeb, 0x3d, 0xeb, 0x3d, 0xeb, 0x3d,
    0xeb, 0x3d, 0xeb, 0x3d, 0xeb, 0x3d, 0xeb, 0x3d, 0xeb, 0x3d, 0xeb, 0x3d, 0xeb, 0x3d, 0xeb, 0x3d,
    0xeb, 0x3d, 0xeb, 0x3d, 0xeb, 0x3d, 0xeb, 0x3d, 0xeb, 0x3d, 0xeb, 0x3d, 0xeb, 0x3d, 0xeb, 0x3d,
    0xeb, 0x3d, 0xeb, 0x3d, 0xeb, 0x3d, 0xeb, 0x3d, 0xeb, 0x3d, 0xeb, 0x3d, 0xeb, 0x3d, 0xeb, 0x3d,
    0xeb, 0x3d, 0xeb, 0x3d, 0x48, 0x2c, 0x20, 0x00, 0x00, 0x00, 0x00, 0x00, 0x00, 0x00, 0x00, 0x00,
    0x00, 0x00, 0x00, 0x00, 0x00, 0x00, 0x00, 0x00, 0x00, 0x00, 0x00, 0x00, 0x00, 0x00, 0x00, 0x00,
    0x00, 0x00, 0x00, 0x00, 0x00, 0x00, 0x00, 0x00, 0x00, 0x00, 0x00, 0x00, 0x00, 0x00, 0x00, 0x00,
    0x00, 0x00, 0x00, 0x00, 0x00, 0x00, 0x00, 0x00, 0x00, 0x00, 0x00, 0x00, 0x00, 0x00, 0x00, 0x00,
    0x00, 0x00, 0x00, 0x00, 0x00, 0x00, 0x00, 0x00, 0x00, 0x00, 0x48, 0x2c, 0xeb, 0x3d, 0xeb, 0x3d,
    0xeb, 0x3d, 0xeb, 0x3d, 0xeb, 0x3d, 0xeb, 0x3d, 0xeb, 0x3d, 0xeb, 0x3d, 0xeb, 0x3d, 0xeb, 0x3d,
    0xeb, 0x3d, 0xeb, 0x3d, 0xeb, 0x3d, 0xeb, 0x3d, 0xeb, 0x3d, 0xeb, 0x3d, 0xeb, 0x3d, 0xeb, 0x3d,
    0xeb, 0x3d, 0xeb, 0x3d, 0xeb, 0x3d, 0xeb, 0x3d, 0xeb, 0x3d, 0xeb, 0x3d, 0xeb, 0x3d, 0xeb, 0x3d,
    0xeb, 0x3d, 0xeb, 0x3d, 0xeb, 0x3d, 0xeb, 0x3d, 0xeb, 0x3d, 0xeb, 0x3d, 0xeb, 0x3d, 0xeb, 0x3d,
    0xeb, 0x3d, 0xeb, 0x3d, 0xeb, 0x3d, 0xeb, 0x3d, 0xeb, 0x3d, 0xeb, 0x3d, 0xeb, 0x3d, 0xeb, 0x3d,
    0xeb, 0x3d, 0xeb, 0x3d, 0xeb, 0x3d, 0xeb, 0x3d, 0xeb, 0x3d, 0xeb, 0x3d, 0xeb, 0x3d, 0xeb, 0x3d,
    0xeb, 0x3d, 0xeb, 0x3d, 0xeb, 0x3d, 0xeb, 0x3d, 0xeb, 0x3d, 0xeb, 0x3d, 0xeb, 0x3d, 0xeb, 0x3d,
    0xeb, 0x3d, 0xeb, 0x3d, 0xeb, 0x3d, 0xa8, 0x34, 0x20, 0x00, 0x00, 0x00, 0x00, 0x00, 0x00, 0x00,
    0x00, 0x00, 0x00, 0x00, 0x00, 0x00, 0x00, 0x00, 0x00, 0x00, 0x00, 0x00, 0x00, 0x00, 0x00, 0x00,
    0x00, 0x00, 0x00, 0x00, 0x00, 0x00, 0x00, 0x00, 0x00, 0x00, 0x00, 0x00, 0x00, 0x00, 0x00, 0x00,
    0x00, 0x00, 0x00, 0x00, 0x00, 0x00, 0x00, 0x00, 0x00, 0x00, 0x00, 0x00, 0x00, 0x00, 0x00, 0x00,
    0x00, 0x00, 0x00, 0x00, 0x00, 0x00, 0x00, 0x00, 0x00, 0x00, 0x00, 0x00, 0x00, 0x00, 0x00, 0x00,
    0x00, 0x00, 0x00, 0x00, 0x00, 0x00, 0x00, 0x00, 0xc1, 0x08, 0x8a, 0x3d, 0xeb, 0x3d, 0xeb, 0x3d,
    0xeb, 0x3d, 0xeb, 0x3d, 0xeb, 0x3d, 0xeb, 0x3d, 0xeb, 0x3d, 0xeb, 0x3d, 0xeb, 0x3d, 0xeb, 0x3d,
    0xeb, 0x3d, 0xeb, 0x3d, 0xeb, 0x3d, 0xeb, 0x3d, 0xeb, 0x3d, 0xeb, 0x3d, 0xeb, 0x3d, 0xeb, 0x3d,
    0xeb, 0x3d, 0xeb, 0x3d, 0xeb, 0x3d, 0xeb, 0x3d, 0xeb, 0x3d, 0xeb, 0x3d, 0xeb, 0x3d, 0xeb, 0x3d,
    0xeb, 0x3d, 0xeb, 0x3d, 0xeb, 0x3d, 0xeb, 0x3d, 0xeb, 0x3d, 0xeb, 0x3d, 0xeb, 0x3d, 0xeb, 0x3d,
    0xeb, 0x3d, 0xeb, 0x3d, 0xeb, 0x3d, 0xeb, 0x3d, 0xeb, 0x3d, 0xeb, 0x3d, 0xeb, 0x3d, 0xeb, 0x3d,
    0xeb, 0x3d, 0xeb, 0x3d, 0xeb, 0x3d, 0xeb, 0x3d, 0xeb, 0x3d, 0xeb, 0x3d, 0xeb, 0x3d, 0xeb, 0x3d,
    0xeb, 0x3d, 0xeb, 0x3d, 0xeb, 0x3d, 0xeb, 0x3d, 0xeb, 0x3d, 0xeb, 0x3d, 0xeb, 0x3d, 0xeb, 0x3d,
    0xeb, 0x3d, 0x4a, 0x3d, 0x81, 0x00, 0x00, 0x00, 0x00, 0x00, 0x00, 0x00, 0x00, 0x00, 0x00, 0x00,
    0x00, 0x00, 0x00, 0x00, 0x00, 0x00, 0x00, 0x00, 0x00, 0x00, 0x00, 0x00, 0x00, 0x00, 0x00, 0x00,
    0x00, 0x00, 0x00, 0x00, 0x00, 0x00, 0x00, 0x00, 0x00, 0x00, 0x00, 0x00, 0x00, 0x00, 0x00, 0x00,
    0x00, 0x00, 0x00, 0x00, 0x00, 0x00, 0x00, 0x00, 0x00, 0x00, 0x00, 0x00, 0x00, 0x00, 0x00, 0x00,
    0x00, 0x00, 0x00, 0x00, 0x00, 0x00, 0x00, 0x00, 0x00, 0x00, 0x80, 0x00, 0x49, 0x35, 0xeb, 0x3d,
    0xeb, 0x3d, 0xeb, 0x3d, 0xeb, 0x3d, 0xeb, 0x3d, 0xeb, 0x3d, 0xeb, 0x3d, 0xeb, 0x3d, 0xeb, 0x3d,
    0xeb, 0x3d, 0xeb, 0x3d, 0xeb, 0x3d, 0xeb, 0x3d, 0xeb, 0x3d, 0xeb, 0x3d, 0xeb, 0x3d, 0xeb, 0x3d,
    0xeb, 0x3d, 0xeb, 0x3d, 0xeb, 0x3d, 0xeb, 0x3d, 0xeb, 0x3d, 0xeb, 0x3d, 0xeb, 0x3d, 0xeb, 0x3d,
    0xeb, 0x3d, 0xeb, 0x3d, 0xeb, 0x3d, 0xeb, 0x3d, 0xeb, 0x3d, 0xeb, 0x3d, 0xeb, 0x3d, 0xeb, 0x3d,
    0xeb, 0x3d, 0xeb, 0x3d, 0xeb, 0x3d, 0xeb, 0x3d, 0xeb, 0x3d, 0xeb, 0x3d, 0xeb, 0x3d, 0xeb, 0x3d,
    0xeb, 0x3d, 0xeb, 0x3d, 0xeb, 0x3d, 0xeb, 0x3d, 0xeb, 0x3d, 0xeb, 0x3d, 0xeb, 0x3d, 0xeb, 0x3d,
    0xeb, 0x3d, 0xeb, 0x3d, 0xeb, 0x3d, 0xeb, 0x3d, 0xeb, 0x3d, 0xeb, 0x3d, 0xeb, 0x3d, 0xeb, 0x3d,
    0xeb, 0x3d, 0xeb, 0x3d, 0x8a, 0x3d, 0xc1, 0x08, 0x00, 0x00, 0x00, 0x00, 0x00, 0x00, 0x00, 0x00,
    0x00, 0x00, 0x00, 0x00, 0x00, 0x00, 0x00, 0x00, 0x00, 0x00, 0x00, 0x00, 0x00, 0x00, 0x00, 0x00,
    0x00, 0x00, 0x00, 0x00, 0x00, 0x00, 0x00, 0x00, 0x00, 0x00, 0x00, 0x00, 0x00, 0x00, 0x00, 0x00,
    0x00, 0x00, 0x00, 0x00, 0x00, 0x00, 0x00, 0x00, 0x00, 0x00, 0x00, 0x00, 0x00, 0x00, 0x00, 0x00,
    0x00, 0x00, 0x00, 0x00, 0x00, 0x00, 0x00, 0x00, 0x00, 0x00, 0x00, 0x00, 0x00, 0x00, 0x00, 0x00,
    0x00, 0x00, 0x00, 0x00, 0x00, 0x00, 0x00, 0x00, 0x00, 0x00, 0xa3, 0x11, 0xca, 0x3d, 0xeb, 0x3d,
    0xeb, 0x3d, 0xeb, 0x3d, 0xeb, 0x3d, 0xeb, 0x3d, 0xeb, 0x3d, 0xeb, 0x3d, 0xeb, 0x3d, 0xeb, 0x3d,
    0xeb, 0x3d, 0xeb, 0x3d, 0xeb, 0x3d, 0xeb, 0x3d, 0xeb, 0x3d, 0xeb, 0x3d, 0xeb, 0x3d, 0xeb, 0x3d,
    0xeb, 0x3d, 0xeb, 0x3d, 0xeb, 0x3d, 0xeb, 0x3d, 0xeb, 0x3d, 0xeb, 0x3d, 0xeb, 0x3d, 0xeb, 0x3d,
    0xeb, 0x3d, 0xeb, 0x3d, 0xeb, 0x3d, 0xeb, 0x3d, 0xeb, 0x3d, 0xeb, 0x3d, 0xeb, 0x3d, 0xeb, 0x3d,
    0xeb, 0x3d, 0xeb, 0x3d, 0xeb, 0x3d, 0xeb, 0x3d, 0xeb, 0x3d, 0xeb, 0x3d, 0xeb, 0x3d, 0xeb, 0x3d,
    0xeb, 0x3d, 0xeb, 0x3d, 0xeb, 0x3d, 0xeb, 0x3d, 0xeb, 0x3d, 0xeb, 0x3d, 0xeb, 0x3d, 0xeb, 0x3d,
    0xeb, 0x3d, 0xeb, 0x3d, 0xeb, 0x3d, 0xeb, 0x3d, 0xeb, 0x3d, 0xeb, 0x3d, 0xeb, 0x3d, 0xeb, 0x3d,
    0xaa, 0x3d, 0x42, 0x09, 0x00, 0x00, 0x00, 0x00, 0x00, 0x00, 0x00, 0x00, 0x00, 0x00, 0x00, 0x00,
    0x00, 0x00, 0x00, 0x00, 0x00, 0x00, 0x00, 0x00, 0x00, 0x00, 0x00, 0x00, 0x00, 0x00, 0x00, 0x00,
    0x00, 0x00, 0x00, 0x00, 0x00, 0x00, 0x00, 0x00, 0x00, 0x00, 0x00, 0x00, 0x00, 0x00, 0x00, 0x00,
    0x00, 0x00, 0x00, 0x00, 0x00, 0x00, 0x00, 0x00, 0x00, 0x00, 0x00, 0x00, 0x00, 0x00, 0x00, 0x00,
    0x00, 0x00, 0x00, 0x00, 0x00, 0x00, 0x00, 0x00, 0x00, 0x00, 0x00, 0x00, 0x42, 0x09, 0xaa, 0x3d,
    0xeb, 0x3d, 0xeb, 0x3d, 0xeb, 0x3d, 0xeb, 0x3d, 0xeb, 0x3d, 0xeb, 0x3d, 0xeb, 0x3d, 0xeb, 0x3d,
    0xeb, 0x3d, 0xeb, 0x3d, 0xeb, 0x3d, 0xeb, 0x3d, 0xeb, 0x3d, 0xeb, 0x3d, 0xeb, 0x3d, 0xeb, 0x3d,
    0xeb, 0x3d, 0xeb, 0x3d, 0xeb, 0x3d, 0xeb, 0x3d, 0xeb, 0x3d, 0xeb, 0x3d, 0xeb, 0x3d, 0xeb, 0x3d,
    0xeb, 0x3d, 0xeb, 0x3d, 0xeb, 0x3d, 0xeb, 0x3d, 0xeb, 0x3d, 0xeb, 0x3d, 0xeb, 0x3d, 0xeb, 0x3d,
    0xeb, 0x3d, 0xeb, 0x3d, 0xeb, 0x3d, 0xeb, 0x3d, 0xeb, 0x3d, 0xeb, 0x3d, 0xeb, 0x3d, 0xeb, 0x3d,
    0xeb, 0x3d, 0xeb, 0x3d, 0xeb, 0x3d, 0xeb, 0x3d, 0xeb, 0x3d, 0xeb, 0x3d, 0xeb, 0x3d, 0xeb, 0x3d,
    0xeb, 0x3d, 0xeb, 0x3d, 0xeb, 0x3d, 0xeb, 0x3d, 0xeb, 0x3d, 0xeb, 0x3d, 0xeb, 0x3d, 0xeb, 0x3d,
    0xeb, 0x3d, 0xca, 0x3d, 0xa3, 0x11, 0x00, 0x00, 0x00, 0x00, 0x00, 0x00, 0x00, 0x00, 0x00, 0x00,
    0x00, 0x00, 0x00, 0x00, 0x00, 0x00, 0x00, 0x00, 0x00, 0x00, 0x00, 0x00, 0x00, 0x00, 0x00, 0x00,
    0x00, 0x00, 0x00, 0x00, 0x00, 0x00, 0x00, 0x00, 0x00, 0x00, 0x00, 0x00, 0x00, 0x00, 0x00, 0x00,
    0x00, 0x00, 0x00, 0x00, 0x00, 0x00, 0x00, 0x00, 0x00, 0x00, 0x00, 0x00, 0x00, 0x00, 0x00, 0x00,
    0x00, 0x00, 0x00, 0x00, 0x00, 0x00, 0x00, 0x00, 0x00, 0x00, 0x00, 0x00, 0x00, 0x00, 0x00, 0x00,
    0x00, 0x00, 0x00, 0x00, 0x00, 0x00, 0x00, 0x00, 0x00, 0x00, 0x00, 0x00, 0x64, 0x1a, 0xeb, 0x3d,
    0xeb, 0x3d, 0xeb, 0x3d, 0xeb, 0x3d, 0xeb, 0x3d, 0xeb, 0x3d, 0xeb, 0x3d, 0xeb, 0x3d, 0xeb, 0x3d,
    0xeb, 0x3d, 0xeb, 0x3d, 0xeb, 0x3d, 0xeb, 0x3d, 0xeb, 0x3d, 0xeb, 0x3d, 0xeb, 0x3d, 0xeb, 0x3d,
    0xeb, 0x3d, 0xeb, 0x3d, 0xeb, 0x3d, 0xeb, 0x3d, 0xeb, 0x3d, 0xeb, 0x3d, 0xeb, 0x3d, 0xeb, 0x3d,
    0xeb, 0x3d, 0xeb, 0x3d, 0xeb, 0x3d, 0xeb, 0x3d, 0xeb, 0x3d, 0xeb, 0x3d, 0xeb, 0x3d, 0xeb, 0x3d,
    0xeb, 0x3d, 0xeb, 0x3d, 0xeb, 0x3d, 0xeb, 0x3d, 0xeb, 0x3d, 0xeb, 0x3d, 0xeb, 0x3d, 0xeb, 0x3d,
    0xeb, 0x3d, 0xeb, 0x3d, 0xeb, 0x3d, 0xeb, 0x3d, 0xeb, 0x3d, 0xeb, 0x3d, 0xeb, 0x3d, 0xeb, 0x3d,
    0xeb, 0x3d, 0xeb, 0x3d, 0xeb, 0x3d, 0xeb, 0x3d, 0xeb, 0x3d, 0xeb, 0x3d, 0xeb, 0x3d, 0xcb, 0x3d,
    0xe3, 0x11, 0x00, 0x00, 0x00, 0x00, 0x00, 0x00, 0x00, 0x00, 0x00, 0x00, 0x00, 0x00, 0x00, 0x00,
    0x00, 0x00, 0x00, 0x00, 0x00, 0x00, 0x00, 0x00, 0x00, 0x00, 0x00, 0x00, 0x00, 0x00, 0x00, 0x00,
    0x00, 0x00, 0x00, 0x00, 0x00, 0x00, 0x00, 0x00, 0x00, 0x00, 0x00, 0x00, 0x00, 0x00, 0x00, 0x00,
    0x00, 0x00, 0x00, 0x00, 0x00, 0x00, 0x00, 0x00, 0x00, 0x00, 0x00, 0x00, 0x00, 0x00, 0x00, 0x00,
    0x00, 0x00, 0x00, 0x00, 0x00, 0x00, 0x00, 0x00, 0x00, 0x00, 0x00, 0x00, 0x00, 0x00, 0xe3, 0x11,
    0xeb, 0x3d, 0xeb, 0x3d, 0xeb, 0x3d, 0xeb, 0x3d, 0xeb, 0x3d, 0xeb, 0x3d, 0xeb, 0x3d, 0xeb, 0x3d,
    0xeb, 0x3d, 0xeb, 0x3d, 0xeb, 0x3d, 0xeb, 0x3d, 0xeb, 0x3d, 0xeb, 0x3d, 0xeb, 0x3d, 0xeb, 0x3d,
    0xeb, 0x3d, 0xeb, 0x3d, 0xeb, 0x3d, 0xeb, 0x3d, 0xeb, 0x3d, 0xeb, 0x3d, 0xeb, 0x3d, 0xeb, 0x3d,
    0xeb, 0x3d, 0xeb, 0x3d, 0xeb, 0x3d, 0xeb, 0x3d, 0xeb, 0x3d, 0xeb, 0x3d, 0xeb, 0x3d, 0xeb, 0x3d,
    0xeb, 0x3d, 0xeb, 0x3d, 0xeb, 0x3d, 0xeb, 0x3d, 0xeb, 0x3d, 0xeb, 0x3d, 0xeb, 0x3d, 0xeb, 0x3d,
    0xeb, 0x3d, 0xeb, 0x3d, 0xeb, 0x3d, 0xeb, 0x3d, 0xeb, 0x3d, 0xeb, 0x3d, 0xeb, 0x3d, 0xeb, 0x3d,
    0xeb, 0x3d, 0xeb, 0x3d, 0xeb, 0x3d, 0xeb, 0x3d, 0xeb, 0x3d, 0xeb, 0x3d, 0xeb, 0x3d, 0xeb, 0x3d,
    0xeb, 0x3d, 0x64, 0x1a, 0x00, 0x00, 0x00, 0x00, 0x00, 0x00, 0x00, 0x00, 0x00, 0x00, 0x00, 0x00,
    0x00, 0x00, 0x00, 0x00, 0x00, 0x00, 0x00, 0x00, 0x00, 0x00, 0x00, 0x00, 0x00, 0x00, 0x00, 0x00,
    0x00, 0x00, 0x00, 0x00, 0x00, 0x00, 0x00, 0x00, 0x00, 0x00, 0x00, 0x00, 0x00, 0x00, 0x00, 0x00,
    0x00, 0x00, 0x00, 0x00, 0x00, 0x00, 0x00, 0x00, 0x00, 0x00, 0x00, 0x00, 0x00, 0x00, 0x00, 0x00,
    0x00, 0x00, 0x00, 0x00, 0x00, 0x00, 0x00, 0x00, 0x00, 0x00, 0x00, 0x00, 0x00, 0x00, 0x00, 0x00,
    0x00, 0x00, 0x00, 0x00, 0x00, 0x00, 0x00, 0x00, 0x00, 0x00, 0x00, 0x00, 0x00, 0x00, 0xe5, 0x1a,
    0xeb, 0x3d, 0xeb, 0x3d, 0xeb, 0x3d, 0xeb, 0x3d, 0xeb, 0x3d, 0xeb, 0x3d, 0xeb, 0x3d, 0xeb, 0x3d,
    0xeb, 0x3d, 0xeb, 0x3d, 0xeb, 0x3d, 0xeb, 0x3d, 0xeb, 0x3d, 0xeb, 0x3d, 0xeb, 0x3d, 0xeb, 0x3d,
    0xeb, 0x3d, 0xeb, 0x3d, 0xeb, 0x3d, 0xeb, 0x3d, 0xeb, 0x3d, 0xeb, 0x3d, 0xeb, 0x3d, 0xeb, 0x3d,
    0xeb, 0x3d, 0xeb, 0x3d, 0xeb, 0x3d, 0xeb, 0x3d, 0xeb, 0x3d, 0xeb, 0x3d, 0xeb, 0x3d, 0xeb, 0x3d,
    0xeb, 0x3d, 0xeb, 0x3d, 0xeb, 0x3d, 0xeb, 0x3d, 0xeb, 0x3d, 0xeb, 0x3d, 0xeb, 0x3d, 0xeb, 0x3d,
    0xeb, 0x3d, 0xeb, 0x3d, 0xeb, 0x3d, 0xeb, 0x3d, 0xeb, 0x3d, 0xeb, 0x3d, 0xeb, 0x3d, 0xeb, 0x3d,
    0xeb, 0x3d, 0xeb, 0x3d, 0xeb, 0x3d, 0xeb, 0x3d, 0xeb, 0x3d, 0xeb, 0x3d, 0xeb, 0x3d, 0x44, 0x1a,
    0x00, 0x00, 0x00, 0x00, 0x00, 0x00, 0x00, 0x00, 0x00, 0x00, 0x00, 0x00, 0x00, 0x00, 0x00, 0x00,
    0x00, 0x00, 0x00, 0x00, 0x00, 0x00, 0x00, 0x00, 0x00, 0x00, 0x00, 0x00, 0x00, 0x00, 0x00, 0x00,
    0x00, 0x00, 0x00, 0x00, 0x00, 0x00, 0x00, 0x00, 0x00, 0x00, 0x00, 0x00, 0x00, 0x00, 0x00, 0x00,
    0x00, 0x00, 0x00, 0x00, 0x00, 0x00, 0x00, 0x00, 0x00, 0x00, 0x00, 0x00, 0x00, 0x00, 0x00, 0x00,
    0x00, 0x00, 0x00, 0x00, 0x00, 0x00, 0x00, 0x00, 0x00, 0x00, 0x00, 0x00, 0x00, 0x00, 0x00, 0x00,
    0x64, 0x1a, 0xeb, 0x3d, 0xeb, 0x3d, 0xeb, 0x3d, 0xeb, 0x3d, 0xeb, 0x3d, 0xeb, 0x3d, 0xeb, 0x3d,
    0xeb, 0x3d, 0xeb, 0x3d, 0xeb, 0x3d, 0xeb, 0x3d, 0xeb, 0x3d, 0xeb, 0x3d, 0xeb, 0x3d, 0xeb, 0x3d,
    0xeb, 0x3d, 0xeb, 0x3d, 0xeb, 0x3d, 0xeb, 0x3d, 0xeb, 0x3d, 0xeb, 0x3d, 0xeb, 0x3d, 0xeb, 0x3d,
    0xeb, 0x3d, 0xeb, 0x3d, 0xeb, 0x3d, 0xeb, 0x3d, 0xeb, 0x3d, 0xeb, 0x3d, 0xeb, 0x3d, 0xeb, 0x3d,
    0xeb, 0x3d, 0xeb, 0x3d, 0xeb, 0x3d, 0xeb, 0x3d, 0xeb, 0x3d, 0xeb, 0x3d, 0xeb, 0x3d, 0xeb, 0x3d,
    0xeb, 0x3d, 0xeb, 0x3d, 0xeb, 0x3d, 0xeb, 0x3d, 0xeb, 0x3d, 0xeb, 0x3d, 0xeb, 0x3d, 0xeb, 0x3d,
    0xeb, 0x3d, 0xeb, 0x3d, 0xeb, 0x3d, 0xeb, 0x3d, 0xeb, 0x3d, 0xeb, 0x3d, 0xeb, 0x3d, 0xeb, 0x3d,
    0xc5, 0x1a, 0x00, 0x00, 0x00, 0x00, 0x00, 0x00, 0x00, 0x00, 0x00, 0x00, 0x00, 0x00, 0x00, 0x00,
    0x00, 0x00, 0x00, 0x00, 0x00, 0x00, 0x00, 0x00, 0x00, 0x00, 0x00, 0x00, 0x00, 0x00, 0x00, 0x00,
    0x00, 0x00, 0x00, 0x00, 0x00, 0x00, 0x00, 0x00, 0x00, 0x00, 0x00, 0x00, 0x00, 0x00, 0x00, 0x00,
    0x00, 0x00, 0x00, 0x00, 0x00, 0x00, 0x00, 0x00, 0x00, 0x00, 0x00, 0x00, 0x00, 0x00, 0x00, 0x00,
    0x00, 0x00, 0x00, 0x00, 0x00, 0x00, 0x00, 0x00, 0x00, 0x00, 0x00, 0x00, 0x00, 0x00, 0x00, 0x00,
    0x00, 0x00, 0x00, 0x00, 0x00, 0x00, 0x00, 0x00, 0x00, 0x00, 0x00, 0x00, 0x00, 0x00, 0x00, 0x00,
    0xe5, 0x1a, 0xeb, 0x3d, 0xeb, 0x3d, 0xeb, 0x3d, 0xeb, 0x3d, 0xeb, 0x3d, 0xeb, 0x3d, 0xeb, 0x3d,
    0xeb, 0x3d, 0xeb, 0x3d, 0xeb, 0x3d, 0xeb, 0x3d, 0xeb, 0x3d, 0xeb, 0x3d, 0xeb, 0x3d, 0xeb, 0x3d,
    0xeb, 0x3d, 0xeb, 0x3d, 0xeb, 0x3d, 0xeb, 0x3d, 0xeb, 0x3d, 0xeb, 0x3d, 0xeb, 0x3d, 0xeb, 0x3d,
    0xeb, 0x3d, 0xeb, 0x3d, 0xeb, 0x3d, 0xeb, 0x3d, 0xeb, 0x3d, 0xeb, 0x3d, 0xeb, 0x3d, 0xeb, 0x3d,
    0xeb, 0x3d, 0xeb, 0x3d, 0xeb, 0x3d, 0xeb, 0x3d, 0xeb, 0x3d, 0xeb, 0x3d, 0xeb, 0x3d, 0xeb, 0x3d,
    0xeb, 0x3d, 0xeb, 0x3d, 0xeb, 0x3d, 0xeb, 0x3d, 0xeb, 0x3d, 0xeb, 0x3d, 0xeb, 0x3d, 0xeb, 0x3d,
    0xeb, 0x3d, 0xeb, 0x3d, 0xeb, 0x3d, 0xeb, 0x3d, 0xeb, 0x3d, 0xcb, 0x3d, 0x44, 0x1a, 0x00, 0x00,
    0x00, 0x00, 0x00, 0x00, 0x00, 0x00, 0x00, 0x00, 0x00, 0x00, 0x00, 0x00, 0x00, 0x00, 0x00, 0x00,
    0x00, 0x00, 0x00, 0x00, 0x00, 0x00, 0x00, 0x00, 0x00, 0x00, 0x00, 0x00, 0x00, 0x00, 0x00, 0x00,
    0x00, 0x00, 0x00, 0x00, 0x00, 0x00, 0x00, 0x00, 0x00, 0x00, 0x00, 0x00, 0x00, 0x00, 0x00, 0x00,
    0x00, 0x00, 0x00, 0x00, 0x00, 0x00, 0x00, 0x00, 0x00, 0x00, 0x00, 0x00, 0x00, 0x00, 0x00, 0x00,
    0x00, 0x00, 0x00, 0x00, 0x00, 0x00, 0x00, 0x00, 0x00, 0x00, 0x00, 0x00, 0x00, 0x00, 0x00, 0x00,
    0x00, 0x00, 0x84, 0x1a, 0xeb, 0x3d, 0xeb, 0x3d, 0xeb, 0x3d, 0xeb, 0x3d, 0xeb, 0x3d, 0xeb, 0x3d,
    0xeb, 0x3d, 0xeb, 0x3d, 0xeb, 0x3d, 0xeb, 0x3d, 0xeb, 0x3d, 0xeb, 0x3d, 0xeb, 0x3d, 0xeb, 0x3d,
    0xeb, 0x3d, 0xeb, 0x3d, 0xeb, 0x3d, 0xeb, 0x3d, 0xeb, 0x3d, 0xeb, 0x3d, 0xeb, 0x3d, 0xeb, 0x3d,
    0xeb, 0x3d, 0xeb, 0x3d, 0xeb, 0x3d, 0xeb, 0x3d, 0xeb, 0x3d, 0xeb, 0x3d, 0xeb, 0x3d, 0xeb, 0x3d,
    0xeb, 0x3d, 0xeb, 0x3d, 0xeb, 0x3d, 0xeb, 0x3d, 0xeb, 0x3d, 0xeb, 0x3d, 0xeb, 0x3d, 0xeb, 0x3d,
    0xeb, 0x3d, 0xeb, 0x3d, 0xeb, 0x3d, 0xeb, 0x3d, 0xeb, 0x3d, 0xeb, 0x3d, 0xeb, 0x3d, 0xeb, 0x3d,
    0xeb, 0x3d, 0xeb, 0x3d, 0xeb, 0x3d, 0xeb, 0x3d, 0xeb, 0x3d, 0xeb, 0x3d, 0xeb, 0x3d, 0xc5, 0x1a,
    0x00, 0x00, 0x00, 0x00, 0x00, 0x00, 0x00, 0x00, 0x00, 0x00, 0x00, 0x00, 0x00, 0x00, 0x00, 0x00,
    0x00, 0x00, 0x00, 0x00, 0x00, 0x00, 0x00, 0x00, 0x00, 0x00, 0x00, 0x00, 0x00, 0x00, 0x00, 0x00,
    0x00, 0x00, 0x00, 0x00, 0x00, 0x00, 0x00, 0x00, 0x00, 0x00, 0x00, 0x00, 0x00, 0x00, 0x00, 0x00,
    0x00, 0x00, 0x00, 0x00, 0x00, 0x00, 0x00, 0x00, 0x00, 0x00, 0x00, 0x00, 0x00, 0x00, 0x00, 0x00,
    0x00, 0x00, 0x00, 0x00, 0x00, 0x00, 0x00, 0x00, 0x00, 0x00, 0x00, 0x00, 0x00, 0x00, 0x00, 0x00,
    0x00, 0x00, 0x00, 0x00, 0x00, 0x00, 0x00, 0x00, 0x00, 0x00, 0x00, 0x00, 0x00, 0x00, 0x00, 0x00,
    0x00, 0x00, 0x84, 0x1a, 0xcb, 0x3d, 0xeb, 0x3d, 0xeb, 0x3d, 0xeb, 0x3d, 0xeb, 0x3d, 0xeb, 0x3d,
    0xeb, 0x3d, 0xeb, 0x3d, 0xeb, 0x3d, 0xeb, 0x3d, 0xeb, 0x3d, 0xeb, 0x3d, 0xeb, 0x3d, 0xeb, 0x3d,
    0xeb, 0x3d, 0xeb, 0x3d, 0xeb, 0x3d, 0xeb, 0x3d, 0xeb, 0x3d, 0xeb, 0x3d, 0xeb, 0x3d, 0xeb, 0x3d,
    0xeb, 0x3d, 0xeb, 0x3d, 0xeb, 0x3d, 0xeb, 0x3d, 0xeb, 0x3d, 0xeb, 0x3d, 0xeb, 0x3d, 0xeb, 0x3d,
    0xeb, 0x3d, 0xeb, 0x3d, 0xeb, 0x3d, 0xeb, 0x3d, 0xeb, 0x3d, 0xeb, 0x3d, 0xeb, 0x3d, 0xeb, 0x3d,
    0xeb, 0x3d, 0xeb, 0x3d, 0xeb, 0x3d, 0xeb, 0x3d, 0xeb, 0x3d, 0xeb, 0x3d, 0xeb, 0x3d, 0xeb, 0x3d,
    0xeb, 0x3d, 0xeb, 0x3d, 0xeb, 0x3d, 0xeb, 0x3d, 0xaa, 0x3d, 0x03, 0x12, 0x00, 0x00, 0x00, 0x00,
    0x00, 0x00, 0x00, 0x00, 0x00, 0x00, 0x00, 0x00, 0x00, 0x00, 0x00, 0x00, 0x00, 0x00, 0x00, 0x00,
    0x00, 0x00, 0x00, 0x00, 0x00, 0x00, 0x00, 0x00, 0x00, 0x00, 0x00, 0x00, 0x00, 0x00, 0x00, 0x00,
    0x00, 0x00, 0x00, 0x00, 0x00, 0x00, 0x00, 0x00, 0x00, 0x00, 0x00, 0x00, 0x00, 0x00, 0x00, 0x00,
    0x00, 0x00, 0x00, 0x00, 0x00, 0x00, 0x00, 0x00, 0x00, 0x00, 0x00, 0x00, 0x00, 0x00, 0x00, 0x00,
    0x00, 0x00, 0x00, 0x00, 0x00, 0x00, 0x00, 0x00, 0x00, 0x00, 0x00, 0x00, 0x00, 0x00, 0x00, 0x00,
    0x00, 0x00, 0x00, 0x00, 0x24, 0x12, 0xca, 0x3d, 0xeb, 0x3d, 0xeb, 0x3d, 0xeb, 0x3d, 0xeb, 0x3d,
    0xeb, 0x3d, 0xeb, 0x3d, 0xeb, 0x3d, 0xeb, 0x3d, 0xeb, 0x3d, 0xeb, 0x3d, 0xeb, 0x3d, 0xeb, 0x3d,
    0xeb, 0x3d, 0xeb, 0x3d, 0xeb, 0x3d, 0xeb, 0x3d, 0xeb, 0x3d, 0xeb, 0x3d, 0xeb, 0x3d, 0xeb, 0x3d,
    0xeb, 0x3d, 0xeb, 0x3d, 0xeb, 0x3d, 0xeb, 0x3d, 0xeb, 0x3d, 0xeb, 0x3d, 0xeb, 0x3d, 0xeb, 0x3d,
    0xeb, 0x3d, 0xeb, 0x3d, 0xeb, 0x3d, 0xeb, 0x3d, 0xeb, 0x3d, 0xeb, 0x3d, 0xeb, 0x3d, 0xeb, 0x3d,
    0xeb, 0x3d, 0xeb, 0x3d, 0xeb, 0x3d, 0xeb, 0x3d, 0xeb, 0x3d, 0xeb, 0x3d, 0xeb, 0x3d, 0xeb, 0x3d,
    0xeb, 0x3d, 0xeb, 0x3d, 0xeb, 0x3d, 0xeb, 0x3d, 0xeb, 0x3d, 0xcb, 0x3d, 0x84, 0x1a, 0x00, 0x00,
    0x00, 0x00, 0x00, 0x00, 0x00, 0x00, 0x00, 0x00, 0x00, 0x00, 0x00, 0x00, 0x00, 0x00, 0x00, 0x00,
    0x00, 0x00, 0x00, 0x00, 0x00, 0x00, 0x00, 0x00, 0x00, 0x00, 0x00, 0x00, 0x00, 0x00, 0x00, 0x00,
    0x00, 0x00, 0x00, 0x00, 0x00, 0x00, 0x00, 0x00, 0x00, 0x00, 0x00, 0x00, 0x00, 0x00, 0x00, 0x00,
    0x00, 0x00, 0x00, 0x00, 0x00, 0x00, 0x00, 0x00, 0x00, 0x00, 0x00, 0x00, 0x00, 0x00, 0x00, 0x00,
    0x00, 0x00, 0x00, 0x00, 0x00, 0x00, 0x00, 0x00, 0x00, 0x00, 0x00, 0x00, 0x00, 0x00, 0x00, 0x00,
    0x00, 0x00, 0x00, 0x00, 0x00, 0x00, 0x00, 0x00, 0x00, 0x00, 0x00, 0x00, 0x00, 0x00, 0x00, 0x00,
    0x00, 0x00, 0x00, 0x00, 0xe3, 0x11, 0x8a, 0x3d, 0xeb, 0x3d, 0xeb, 0x3d, 0xeb, 0x3d, 0xeb, 0x3d,
    0xeb, 0x3d, 0xeb, 0x3d, 0xeb, 0x3d, 0xeb, 0x3d, 0xeb, 0x3d, 0xeb, 0x3d, 0xeb, 0x3d, 0xeb, 0x3d,
    0xeb, 0x3d, 0xeb, 0x3d, 0xeb, 0x3d, 0xeb, 0x3d, 0xeb, 0x3d, 0xeb, 0x3d, 0xeb, 0x3d, 0xeb, 0x3d,
    0xeb, 0x3d, 0xeb, 0x3d, 0xeb, 0x3d, 0xeb, 0x3d, 0xeb, 0x3d, 0xeb, 0x3d, 0xeb, 0x3d, 0xeb, 0x3d,
    0xeb, 0x3d, 0xeb, 0x3d, 0xeb, 0x3d, 0xeb, 0x3d, 0xeb, 0x3d, 0xeb, 0x3d, 0xeb, 0x3d, 0xeb, 0x3d,
    0xeb, 0x3d, 0xeb, 0x3d, 0xeb, 0x3d, 0xeb, 0x3d, 0xeb, 0x3d, 0xeb, 0x3d, 0xeb, 0x3d, 0xeb, 0x3d,
    0xeb, 0x3d, 0xeb, 0x3d, 0xeb, 0x3d, 0x6a, 0x3d, 0x62, 0x09, 0x00, 0x00, 0x00, 0x00, 0x00, 0x00,
    0x00, 0x00, 0x00, 0x00, 0x00, 0x00, 0x00, 0x00, 0x00, 0x00, 0x00, 0x00, 0x00, 0x00, 0x00, 0x00,
    0x00, 0x00, 0x00, 0x00, 0x00, 0x00, 0x00, 0x00, 0x00, 0x00, 0x00, 0x00, 0x00, 0x00, 0x00, 0x00,
    0x00, 0x00, 0x00, 0x00, 0x00, 0x00, 0x00, 0x00, 0x00, 0x00, 0x00, 0x00, 0x00, 0x00, 0x00, 0x00,
    0x00, 0x00, 0x00, 0x00, 0x00, 0x00, 0x00, 0x00, 0x00, 0x00, 0x00, 0x00, 0x00, 0x00, 0x00, 0x00,
    0x00, 0x00, 0x00, 0x00, 0x00, 0x00, 0x00, 0x00, 0x00, 0x00, 0x00, 0x00, 0x00, 0x00, 0x00, 0x00,
    0x00, 0x00, 0x00, 0x00, 0x00, 0x00, 0x83, 0x11, 0x6a, 0x3d, 0xeb, 0x3d, 0xeb, 0x3d, 0xeb, 0x3d,
    0xeb, 0x3d, 0xeb, 0x3d, 0xeb, 0x3d, 0xeb, 0x3d, 0xeb, 0x3d, 0xeb, 0x3d, 0xeb, 0x3d, 0xeb, 0x3d,
    0xeb, 0x3d, 0xeb, 0x3d, 0xeb, 0x3d, 0xeb, 0x3d, 0xeb, 0x3d, 0xeb, 0x3d, 0xeb, 0x3d, 0xeb, 0x3d,
    0xeb, 0x3d, 0xeb, 0x3d, 0xeb, 0x3d, 0xeb, 0x3d, 0xeb, 0x3d, 0xeb, 0x3d, 0xeb, 0x3d, 0xeb, 0x3d,
    0xeb, 0x3d, 0xeb, 0x3d, 0xeb, 0x3d, 0xeb, 0x3d, 0xeb, 0x3d, 0xeb, 0x3d, 0xeb, 0x3d, 0xeb, 0x3d,
    0xeb, 0x3d, 0xeb, 0x3d, 0xeb, 0x3d, 0xeb, 0x3d, 0xeb, 0x3d, 0xeb, 0x3d, 0xeb, 0x3d, 0xeb, 0x3d,
    0xeb, 0x3d, 0xeb, 0x3d, 0xeb, 0x3d, 0xeb, 0x3d, 0x8a, 0x3d, 0xc3, 0x11, 0x00, 0x00, 0x00, 0x00,
    0x00, 0x00, 0x00, 0x00, 0x00, 0x00, 0x00, 0x00, 0x00, 0x00, 0x00, 0x00, 0x00, 0x00, 0x00, 0x00,
    0x00, 0x00, 0x00, 0x00, 0x00, 0x00, 0x00, 0x00, 0x00, 0x00, 0x00, 0x00, 0x00, 0x00, 0x00, 0x00,
    0x00, 0x00, 0x00, 0x00, 0x00, 0x00, 0x00, 0x00, 0x00, 0x00, 0x00, 0x00, 0x00, 0x00, 0x00, 0x00,
    0x00, 0x00, 0x00, 0x00, 0x00, 0x00, 0x00, 0x00, 0x00, 0x00, 0x00, 0x00, 0x00, 0x00, 0x00, 0x00,
    0x00, 0x00, 0x00, 0x00, 0x00, 0x00, 0x00, 0x00, 0x00, 0x00, 0x00, 0x00, 0x00, 0x00, 0x00, 0x00,
    0x00, 0x00, 0x00, 0x00, 0x00, 0x00, 0x00, 0x00, 0x00, 0x00, 0x00, 0x00, 0x00, 0x00, 0x00, 0x00,
    0x00, 0x00, 0x00, 0x00, 0x00, 0x00, 0xe1, 0x08, 0xc9, 0x34, 0xeb, 0x3d, 0xeb, 0x3d, 0xeb, 0x3d,
    0xeb, 0x3d, 0xeb, 0x3d, 0xeb, 0x3d, 0xeb, 0x3d, 0xeb, 0x3d, 0xeb, 0x3d, 0xeb, 0x3d, 0xeb, 0x3d,
    0xeb, 0x3d, 0xeb, 0x3d, 0xeb, 0x3d, 0xeb, 0x3d, 0xeb, 0x3d, 0xeb, 0x3d, 0xeb, 0x3d, 0xeb, 0x3d,
    0xeb, 0x3d, 0xeb, 0x3d, 0xeb, 0x3d, 0xeb, 0x3d, 0xeb, 0x3d, 0xeb, 0x3d, 0xeb, 0x3d, 0xeb, 0x3d,
    0xeb, 0x3d, 0xeb, 0x3d, 0xeb, 0x3d, 0xeb, 0x3d, 0xeb, 0x3d, 0xeb, 0x3d, 0xeb, 0x3d, 0xeb, 0x3d,
    0xeb, 0x3d, 0xeb, 0x3d, 0xeb, 0x3d, 0xeb, 0x3d, 0xeb, 0x3d, 0xeb, 0x3d, 0xeb, 0x3d, 0xeb, 0x3d,
    0xeb, 0x3d, 0xeb, 0x3d, 0x88, 0x34, 0xa1, 0x00, 0x00, 0x00, 0x00, 0x00, 0x00, 0x00, 0x00, 0x00,
    0x00, 0x00, 0x00, 0x00, 0x00, 0x00, 0x00, 0x00, 0x00, 0x00, 0x00, 0x00, 0x00, 0x00, 0x00, 0x00,
    0x00, 0x00, 0x00, 0x00, 0x00, 0x00, 0x00, 0x00, 0x00, 0x00, 0x00, 0x00, 0x00, 0x00, 0x00, 0x00,
    0x00, 0x00, 0x00, 0x00, 0x00, 0x00, 0x00, 0x00, 0x00, 0x00, 0x00, 0x00, 0x00, 0x00, 0x00, 0x00,
    0x00, 0x00, 0x00, 0x00, 0x00, 0x00, 0x00, 0x00, 0x00, 0x00, 0x00, 0x00, 0x00, 0x00, 0x00, 0x00,
    0x00, 0x00, 0x00, 0x00, 0x00, 0x00, 0x00, 0x00, 0x00, 0x00, 0x00, 0x00, 0x00, 0x00, 0x00, 0x00,
    0x00, 0x00, 0x00, 0x00, 0x00, 0x00, 0x00, 0x00, 0xc1, 0x00, 0x88, 0x34, 0xeb, 0x3d, 0xeb, 0x3d,
    0xeb, 0x3d, 0xeb, 0x3d, 0xeb, 0x3d, 0xeb, 0x3d, 0xeb, 0x3d, 0xeb, 0x3d, 0xeb, 0x3d, 0xeb, 0x3d,
    0xeb, 0x3d, 0xeb, 0x3d, 0xeb, 0x3d, 0xeb, 0x3d, 0xeb, 0x3d, 0xeb, 0x3d, 0xeb, 0x3d, 0xeb, 0x3d,
    0xeb, 0x3d, 0xeb, 0x3d, 0xeb, 0x3d, 0xeb, 0x3d, 0xeb, 0x3d, 0xeb, 0x3d, 0xeb, 0x3d, 0xeb, 0x3d,
    0xeb, 0x3d, 0xeb, 0x3d, 0xeb, 0x3d, 0xeb, 0x3d, 0xeb, 0x3d, 0xeb, 0x3d, 0xeb, 0x3d, 0xeb, 0x3d,
    0xeb, 0x3d, 0xeb, 0x3d, 0xeb, 0x3d, 0xeb, 0x3d, 0xeb, 0x3d, 0xeb, 0x3d, 0xeb, 0x3d, 0xeb, 0x3d,
    0xeb, 0x3d, 0xeb, 0x3d, 0xeb, 0x3d, 0xc9, 0x34, 0xe1, 0x08, 0x00, 0x00, 0x00, 0x00, 0x00, 0x00,
    0x00, 0x00, 0x00, 0x00, 0x00, 0x00, 0x00, 0x00, 0x00, 0x00, 0x00, 0x00, 0x00, 0x00, 0x00, 0x00,
    0x00, 0x00, 0x00, 0x00, 0x00, 0x00, 0x00, 0x00, 0x00, 0x00, 0x00, 0x00, 0x00, 0x00, 0x00, 0x00,
    0x00, 0x00, 0x00, 0x00, 0x00, 0x00, 0x00, 0x00, 0x00, 0x00, 0x00, 0x00, 0x00, 0x00, 0x00, 0x00,
    0x00, 0x00, 0x00, 0x00, 0x00, 0x00, 0x00, 0x00, 0x00, 0x00, 0x00, 0x00, 0x00, 0x00, 0x00, 0x00,
    0x00, 0x00, 0x00, 0x00, 0x00, 0x00, 0x00, 0x00, 0x00, 0x00, 0x00, 0x00, 0x00, 0x00, 0x00, 0x00,
    0x00, 0x00, 0x00, 0x00, 0x00, 0x00, 0x00, 0x00, 0x00, 0x00, 0x00, 0x00, 0x00, 0x00, 0x00, 0x00,
    0x00, 0x00, 0x00, 0x00, 0x00, 0x00, 0x00, 0x00, 0x20, 0x00, 0x46, 0x23, 0xeb, 0x3d, 0xeb, 0x3d,
    0xeb, 0x3d, 0xeb, 0x3d, 0xeb, 0x3d, 0xeb, 0x3d, 0xeb, 0x3d, 0xeb, 0x3d, 0xeb, 0x3d, 0xeb, 0x3d,
    0xeb, 0x3d, 0xeb, 0x3d, 0xeb, 0x3d, 0xeb, 0x3d, 0xeb, 0x3d, 0xeb, 0x3d, 0xeb, 0x3d, 0xeb, 0x3d,
    0xeb, 0x3d, 0xeb, 0x3d, 0xeb, 0x3d, 0xeb, 0x3d, 0xeb, 0x3d, 0xeb, 0x3d, 0xeb, 0x3d, 0xeb, 0x3d,
    0xeb, 0x3d, 0xeb, 0x3d, 0xeb, 0x3d, 0xeb, 0x3d, 0xeb, 0x3d, 0xeb, 0x3d, 0xeb, 0x3d, 0xeb, 0x3d,
    0xeb, 0x3d, 0xeb, 0x3d, 0xeb, 0x3d, 0xeb, 0x3d, 0xeb, 0x3d, 0xeb, 0x3d, 0xeb, 0x3d, 0xeb, 0x3d,
    0xca, 0x3d, 0x05, 0x23, 0x20, 0x00, 0x00, 0x00, 0x00, 0x00, 0x00, 0x00, 0x00, 0x00, 0x00, 0x00,
    0x00, 0x00, 0x00, 0x00, 0x00, 0x00, 0x00, 0x00, 0x00, 0x00, 0x00, 0x00, 0x00, 0x00, 0x00, 0x00,
    0x00, 0x00, 0x00, 0x00, 0x00, 0x00, 0x00, 0x00, 0x00, 0x00, 0x00, 0x00, 0x00, 0x00, 0x00, 0x00,
    0x00, 0x00, 0x00, 0x00, 0x00, 0x00, 0x00, 0x00, 0x00, 0x00, 0x00, 0x00, 0x00, 0x00, 0x00, 0x00,
    0x00, 0x00, 0x00, 0x00, 0x00, 0x00, 0x00, 0x00, 0x00, 0x00, 0x00, 0x00, 0x00, 0x00, 0x00, 0x00,
    0x00, 0x00, 0x00, 0x00, 0x00, 0x00, 0x00, 0x00, 0x00, 0x00, 0x00, 0x00, 0x00, 0x00, 0x00, 0x00,
    0x00, 0x00, 0x00, 0x00, 0x00, 0x00, 0x00, 0x00, 0x00, 0x00, 0x20, 0x00, 0x05, 0x1b, 0xca, 0x3d,
    0xeb, 0x3d, 0xeb, 0x3d, 0xeb, 0x3d, 0xeb, 0x3d, 0xeb, 0x3d, 0xeb, 0x3d, 0xeb, 0x3d, 0xeb, 0x3d,
    0xeb, 0x3d, 0xeb, 0x3d, 0xeb, 0x3d, 0xeb, 0x3d, 0xeb, 0x3d, 0xeb, 0x3d, 0xeb, 0x3d, 0xeb, 0x3d,
    0xeb, 0x3d, 0xeb, 0x3d, 0xeb, 0x3d, 0xeb, 0x3d, 0xeb, 0x3d, 0xeb, 0x3d, 0xeb, 0x3d, 0xeb, 0x3d,
    0xeb, 0x3d, 0xeb, 0x3d, 0xeb, 0x3d, 0xeb, 0x3d, 0xeb, 0x3d, 0xeb, 0x3d, 0xeb, 0x3d, 0xeb, 0x3d,
    0xeb, 0x3d, 0xeb, 0x3d, 0xeb, 0x3d, 0xeb, 0x3d, 0xeb, 0x3d, 0xeb, 0x3d, 0xeb, 0x3d, 0xeb, 0x3d,
    0xeb, 0x3d, 0xeb, 0x3d, 0x46, 0x23, 0x20, 0x00, 0x00, 0x00, 0x00, 0x00, 0x00, 0x00, 0x00, 0x00,
    0x00, 0x00, 0x00, 0x00, 0x00, 0x00, 0x00, 0x00, 0x00, 0x00, 0x00, 0x00, 0x00, 0x00, 0x00, 0x00,
    0x00, 0x00, 0x00, 0x00, 0x00, 0x00, 0x00, 0x00, 0x00, 0x00, 0x00, 0x00, 0x00, 0x00, 0x00, 0x00,
    0x00, 0x00, 0x00, 0x00, 0x00, 0x00, 0x00, 0x00, 0x00, 0x00, 0x00, 0x00, 0x00, 0x00, 0x00, 0x00,
    0x00, 0x00, 0x00, 0x00, 0x00, 0x00, 0x00, 0x00, 0x00, 0x00, 0x00, 0x00, 0x00, 0x00, 0x00, 0x00,
    0x00, 0x00, 0x00, 0x00, 0x00, 0x00, 0x00, 0x00, 0x00, 0x00, 0x00, 0x00, 0x00, 0x00, 0x00, 0x00,
    0x00, 0x00, 0x00, 0x00, 0x00, 0x00, 0x00, 0x00, 0x00, 0x00, 0x00, 0x00, 0x00, 0x00, 0x00, 0x00,
    0x00, 0x00, 0x00, 0x00, 0x00, 0x00, 0x00, 0x00, 0x00, 0x00, 0x00, 0x00, 0x82, 0x11, 0xe9, 0x34,
    0xeb, 0x3d, 0xeb, 0x3d, 0xeb, 0x3d, 0xeb, 0x3d, 0xeb, 0x3d, 0xeb, 0x3d, 0xeb, 0x3d, 0xeb, 0x3d,
    0xeb, 0x3d, 0xeb, 0x3d, 0xeb, 0x3d, 0xeb, 0x3d, 0xeb, 0x3d, 0xeb, 0x3d, 0xeb, 0x3d, 0xeb, 0x3d,
    0xeb, 0x3d, 0xeb, 0x3d, 0xeb, 0x3d, 0xeb, 0x3d, 0xeb, 0x3d, 0xeb, 0x3d, 0xeb, 0x3d, 0xeb, 0x3d,
    0xeb, 0x3d, 0xeb, 0x3d, 0xeb, 0x3d, 0xeb, 0x3d, 0xeb, 0x3d, 0xeb, 0x3d, 0xeb, 0x3d, 0xeb, 0x3d,
    0xeb, 0x3d, 0xeb, 0x3d, 0xeb, 0x3d, 0xeb, 0x3d, 0xeb, 0x3d, 0xeb, 0x3d, 0xeb, 0x3d, 0xc9, 0x34,
    0x42, 0x09, 0x00, 0x00, 0x00, 0x00, 0x00, 0x00, 0x00, 0x00, 0x00, 0x00, 0x00, 0x00, 0x00, 0x00,
    0x00, 0x00, 0x00, 0x00, 0x00, 0x00, 0x00, 0x00, 0x00, 0x00, 0x00, 0x00, 0x00, 0x00, 0x00, 0x00,
    0x00, 0x00, 0x00, 0x00, 0x00, 0x00, 0x00, 0x00, 0x00, 0x00, 0x00, 0x00, 0x00, 0x00, 0x00, 0x00,
    0x00, 0x00, 0x00, 0x00, 0x00, 0x00, 0x00, 0x00, 0x00, 0x00, 0x00, 0x00, 0x00, 0x00, 0x00, 0x00,
    0x00, 0x00, 0x00, 0x00, 0x00, 0x00, 0x00, 0x00, 0x00, 0x00, 0x00, 0x00, 0x00, 0x00, 0x00, 0x00,
    0x00, 0x00, 0x00, 0x00, 0x00, 0x00, 0x00, 0x00, 0x00, 0x00, 0x00, 0x00, 0x00, 0x00, 0x00, 0x00,
    0x00, 0x00, 0x00, 0x00, 0x00, 0x00, 0x00, 0x00, 0x00, 0x00, 0x00, 0x00, 0x00, 0x00, 0x42, 0x09,
    0xc9, 0x34, 0xeb, 0x3d, 0xeb, 0x3d, 0xeb, 0x3d, 0xeb, 0x3d, 0xeb, 0x3d, 0xeb, 0x3d, 0xeb, 0x3d,
    0xeb, 0x3d, 0xeb, 0x3d, 0xeb, 0x3d, 0xeb, 0x3d, 0xeb, 0x3d, 0xeb, 0x3d, 0xeb, 0x3d, 0xeb, 0x3d,
    0xeb, 0x3d, 0xeb, 0x3d, 0xeb, 0x3d, 0xeb, 0x3d, 0xeb, 0x3d, 0xeb, 0x3d, 0xeb, 0x3d, 0xeb, 0x3d,
    0xeb, 0x3d, 0xeb, 0x3d, 0xeb, 0x3d, 0xeb, 0x3d, 0xeb, 0x3d, 0xeb, 0x3d, 0xeb, 0x3d, 0xeb, 0x3d,
    0xeb, 0x3d, 0xeb, 0x3d, 0xeb, 0x3d, 0xeb, 0x3d, 0xeb, 0x3d, 0xeb, 0x3d, 0xeb, 0x3d, 0xeb, 0x3d,
    0x09, 0x35, 0x82, 0x11, 0x00, 0x00, 0x00, 0x00, 0x00, 0x00, 0x00, 0x00, 0x00, 0x00, 0x00, 0x00,
    0x00, 0x00, 0x00, 0x00, 0x00, 0x00, 0x00, 0x00, 0x00, 0x00, 0x00, 0x00, 0x00, 0x00, 0x00, 0x00,
    0x00, 0x00, 0x00, 0x00, 0x00, 0x00, 0x00, 0x00, 0x00, 0x00, 0x00, 0x00, 0x00, 0x00, 0x00, 0x00,
    0x00, 0x00, 0x00, 0x00, 0x00, 0x00, 0x00, 0x00, 0x00, 0x00, 0x00, 0x00, 0x00, 0x00, 0x00, 0x00,
    0x00, 0x00, 0x00, 0x00, 0x00, 0x00, 0x00, 0x00, 0x00, 0x00, 0x00, 0x00, 0x00, 0x00, 0x00, 0x00,
    0x00, 0x00, 0x00, 0x00, 0x00, 0x00, 0x00, 0x00, 0x00, 0x00, 0x00, 0x00, 0x00, 0x00, 0x00, 0x00,
    0x00, 0x00, 0x00, 0x00, 0x00, 0x00, 0x00, 0x00, 0x00, 0x00, 0x00, 0x00, 0x00, 0x00, 0x00, 0x00,
    0x00, 0x00, 0x00, 0x00, 0x00, 0x00, 0x00, 0x00, 0x00, 0x00, 0x00, 0x00, 0x00, 0x00, 0x20, 0x00,
    0xc5, 0x1a, 0x6a, 0x3d, 0xeb, 0x3d, 0xeb, 0x3d, 0xeb, 0x3d, 0xeb, 0x3d, 0xeb, 0x3d, 0xeb, 0x3d,
    0xeb, 0x3d, 0xeb, 0x3d, 0xeb, 0x3d, 0xeb, 0x3d, 0xeb, 0x3d, 0xeb, 0x3d, 0xeb, 0x3d, 0xeb, 0x3d,
    0xeb, 0x3d, 0xeb, 0x3d, 0xeb, 0x3d, 0xeb, 0x3d, 0xeb, 0x3d, 0xeb, 0x3d, 0xeb, 0x3d, 0xeb, 0x3d,
    0xeb, 0x3d, 0xeb, 0x3d, 0xeb, 0x3d, 0xeb, 0x3d, 0xeb, 0x3d, 0xeb, 0x3d, 0xeb, 0x3d, 0xeb, 0x3d,
    0xeb, 0x3d, 0xeb, 0x3d, 0xeb, 0x3d, 0xeb, 0x3d, 0xeb, 0x3d, 0x6a, 0x3d, 0x84, 0x1a, 0x20, 0x00,
    0x00, 0x00, 0x00, 0x00, 0x00, 0x00, 0x00, 0x00, 0x00, 0x00, 0x00, 0x00, 0x00, 0x00, 0x00, 0x00,
    0x00, 0x00, 0x00, 0x00, 0x00, 0x00, 0x00, 0x00, 0x00, 0x00, 0x00, 0x00, 0x00, 0x00, 0x00, 0x00,
    0x00, 0x00, 0x00, 0x00, 0x00, 0x00, 0x00, 0x00, 0x00, 0x00, 0x00, 0x00, 0x00, 0x00, 0x00, 0x00,
    0x00, 0x00, 0x00, 0x00, 0x00, 0x00, 0x00, 0x00, 0x00, 0x00, 0x00, 0x00, 0x00, 0x00, 0x00, 0x00,
    0x00, 0x00, 0x00, 0x00, 0x00, 0x00, 0x00, 0x00, 0x00, 0x00, 0x00, 0x00, 0x00, 0x00, 0x00, 0x00,
    0x00, 0x00, 0x00, 0x00, 0x00, 0x00, 0x00, 0x00, 0x00, 0x00, 0x00, 0x00, 0x00, 0x00, 0x00, 0x00,
    0x00, 0x00, 0x00, 0x00, 0x00, 0x00, 0x00, 0x00, 0x00, 0x00, 0x00, 0x00, 0x00, 0x00, 0x00, 0x00,
    0x20, 0x00, 0x84, 0x1a, 0x6a, 0x3d, 0xeb, 0x3d, 0xeb, 0x3d, 0xeb, 0x3d, 0xeb, 0x3d, 0xeb, 0x3d,
    0xeb, 0x3d, 0xeb, 0x3d, 0xeb, 0x3d, 0xeb, 0x3d, 0xeb, 0x3d, 0xeb, 0x3d, 0xeb, 0x3d, 0xeb, 0x3d,
    0xeb, 0x3d, 0xeb, 0x3d, 0xeb, 0x3d, 0xeb, 0x3d, 0xeb, 0x3d, 0xeb, 0x3d, 0xeb, 0x3d, 0xeb, 0x3d,
    0xeb, 0x3d, 0xeb, 0x3d, 0xeb, 0x3d, 0xeb, 0x3d, 0xeb, 0x3d, 0xeb, 0x3d, 0xeb, 0x3d, 0xeb, 0x3d,
    0xeb, 0x3d, 0xeb, 0x3d, 0xeb, 0x3d, 0xeb, 0x3d, 0xeb, 0x3d, 0xeb, 0x3d, 0x8a, 0x3d, 0xe5, 0x1a,
    0x20, 0x00, 0x00, 0x00, 0x00, 0x00, 0x00, 0x00, 0x00, 0x00, 0x00, 0x00, 0x00, 0x00, 0x00, 0x00,
    0x00, 0x00, 0x00, 0x00, 0x00, 0x00, 0x00, 0x00, 0x00, 0x00, 0x00, 0x00, 0x00, 0x00, 0x00, 0x00,
    0x00, 0x00, 0x00, 0x00, 0x00, 0x00, 0x00, 0x00, 0x00, 0x00, 0x00, 0x00, 0x00, 0x00, 0x00, 0x00,
    0x00, 0x00, 0x00, 0x00, 0x00, 0x00, 0x00, 0x00, 0x00, 0x00, 0x00, 0x00, 0x00, 0x00, 0x00, 0x00,
    0x00, 0x00, 0x00, 0x00, 0x00, 0x00, 0x00, 0x00, 0x00, 0x00, 0x00, 0x00, 0x00, 0x00, 0x00, 0x00,
    0x00, 0x00, 0x00, 0x00, 0x00, 0x00, 0x00, 0x00, 0x00, 0x00, 0x00, 0x00, 0x00, 0x00, 0x00, 0x00,
    0x00, 0x00, 0x00, 0x00, 0x00, 0x00, 0x00, 0x00, 0x00, 0x00, 0x00, 0x00, 0x00, 0x00, 0x00, 0x00,
    0x00, 0x00, 0x00, 0x00, 0x00, 0x00, 0x00, 0x00, 0x00, 0x00, 0x00, 0x00, 0x00, 0x00, 0x00, 0x00,
    0x00, 0x00, 0x60, 0x00, 0x05, 0x1b, 0x6a, 0x3d, 0xeb, 0x3d, 0xeb, 0x3d, 0xeb, 0x3d, 0xeb, 0x3d,
    0xeb, 0x3d, 0xeb, 0x3d, 0xeb, 0x3d, 0xeb, 0x3d, 0xeb, 0x3d, 0xeb, 0x3d, 0xeb, 0x3d, 0xeb, 0x3d,
    0xeb, 0x3d, 0xeb, 0x3d, 0xeb, 0x3d, 0xeb, 0x3d, 0xeb, 0x3d, 0xeb, 0x3d, 0xeb, 0x3d, 0xeb, 0x3d,
    0xeb, 0x3d, 0xeb, 0x3d, 0xeb, 0x3d, 0xeb, 0x3d, 0xeb, 0x3d, 0xeb, 0x3d, 0xeb, 0x3d, 0xeb, 0x3d,
    0xeb, 0x3d, 0xeb, 0x3d, 0xeb, 0x3d, 0x4a, 0x3d, 0xc5, 0x1a, 0x60, 0x00, 0x00, 0x00, 0x00, 0x00,
    0x00, 0x00, 0x00, 0x00, 0x00, 0x00, 0x00, 0x00, 0x00, 0x00, 0x00, 0x00, 0x00, 0x00, 0x00, 0x00,
    0x00, 0x00, 0x00, 0x00, 0x00, 0x00, 0x00, 0x00, 0x00, 0x00, 0x00, 0x00, 0x00, 0x00, 0x00, 0x00,
    0x00, 0x00, 0x00, 0x00, 0x00, 0x00, 0x00, 0x00, 0x00, 0x00, 0x00, 0x00, 0x00, 0x00, 0x00, 0x00,
    0x00, 0x00, 0x00, 0x00, 0x00, 0x00, 0x00, 0x00, 0x00, 0x00, 0x00, 0x00, 0x00, 0x00, 0x00, 0x00,
    0x00, 0x00, 0x00, 0x00, 0x00, 0x00, 0x00, 0x00, 0x00, 0x00, 0x00, 0x00, 0x00, 0x00, 0x00, 0x00,
    0x00, 0x00, 0x00, 0x00, 0x00, 0x00, 0x00, 0x00, 0x00, 0x00, 0x00, 0x00, 0x00, 0x00, 0x00, 0x00,
    0x00, 0x00, 0x00, 0x00, 0x00, 0x00, 0x00, 0x00, 0x00, 0x00, 0x00, 0x00, 0x00, 0x00, 0x00, 0x00,
    0x00, 0x00, 0x00, 0x00, 0x40, 0x00, 0xc5, 0x1a, 0x6a, 0x3d, 0xeb, 0x3d, 0xeb, 0x3d, 0xeb, 0x3d,
    0xeb, 0x3d, 0xeb, 0x3d, 0xeb, 0x3d, 0xeb, 0x3d, 0xeb, 0x3d, 0xeb, 0x3d, 0xeb, 0x3d, 0xeb, 0x3d,
    0xeb, 0x3d, 0xeb, 0x3d, 0xeb, 0x3d, 0xeb, 0x3d, 0xeb, 0x3d, 0xeb, 0x3d, 0xeb, 0x3d, 0xeb, 0x3d,
    0xeb, 0x3d, 0xeb, 0x3d, 0xeb, 0x3d, 0xeb, 0x3d, 0xeb, 0x3d, 0xeb, 0x3d, 0xeb, 0x3d, 0xeb, 0x3d,
    0xeb, 0x3d, 0xeb, 0x3d, 0xeb, 0x3d, 0xeb, 0x3d, 0x6a, 0x3d, 0xe5, 0x1a, 0x60, 0x00, 0x00, 0x00,
    0x00, 0x00, 0x00, 0x00, 0x00, 0x00, 0x00, 0x00, 0x00, 0x00, 0x00, 0x00, 0x00, 0x00, 0x00, 0x00,
    0x00, 0x00, 0x00, 0x00, 0x00, 0x00, 0x00, 0x00, 0x00, 0x00, 0x00, 0x00, 0x00, 0x00, 0x00, 0x00,
    0x00, 0x00, 0x00, 0x00, 0x00, 0x00, 0x00, 0x00, 0x00, 0x00, 0x00, 0x00, 0x00, 0x00, 0x00, 0x00,
    0x00, 0x00, 0x00, 0x00, 0x00, 0x00, 0x00, 0x00, 0x00, 0x00, 0x00, 0x00, 0x00, 0x00, 0x00, 0x00,
    0x00, 0x00, 0x00, 0x00, 0x00, 0x00, 0x00, 0x00, 0x00, 0x00, 0x00, 0x00, 0x00, 0x00, 0x00, 0x00,
    0x00, 0x00, 0x00, 0x00, 0x00, 0x00, 0x00, 0x00, 0x00, 0x00, 0x00, 0x00, 0x00, 0x00, 0x00, 0x00,
    0x00, 0x00, 0x00, 0x00, 0x00, 0x00, 0x00, 0x00, 0x00, 0x00, 0x00, 0x00, 0x00, 0x00, 0x00, 0x00,
    0x00, 0x00, 0x00, 0x00, 0x00, 0x00, 0x00, 0x00, 0x00, 0x00, 0x00, 0x00, 0x00, 0x00, 0x00, 0x00,
    0x00, 0x00, 0x00, 0x00, 0x00, 0x00, 0x40, 0x00, 0x64, 0x1a, 0xc8, 0x34, 0xeb, 0x3d, 0xeb, 0x3d,
    0xeb, 0x3d, 0xeb, 0x3d, 0xeb, 0x3d, 0xeb, 0x3d, 0xeb, 0x3d, 0xeb, 0x3d, 0xeb, 0x3d, 0xeb, 0x3d,
    0xeb, 0x3d, 0xeb, 0x3d, 0xeb, 0x3d, 0xeb, 0x3d, 0xeb, 0x3d, 0xeb, 0x3d, 0xeb, 0x3d, 0xeb, 0x3d,
    0xeb, 0x3d, 0xeb, 0x3d, 0xeb, 0x3d, 0xeb, 0x3d, 0xeb, 0x3d, 0xeb, 0x3d, 0xeb, 0x3d, 0xeb, 0x3d,
    0xeb, 0x3d, 0x88, 0x2c, 0x24, 0x12, 0x20, 0x00, 0x00, 0x00, 0x00, 0x00, 0x00, 0x00, 0x00, 0x00,
    0x00, 0x00, 0x00, 0x00, 0x00, 0x00, 0x00, 0x00, 0x00, 0x00, 0x00, 0x00, 0x00, 0x00, 0x00, 0x00,
    0x00, 0x00, 0x00, 0x00, 0x00, 0x00, 0x00, 0x00, 0x00, 0x00, 0x00, 0x00, 0x00, 0x00, 0x00, 0x00,
    0x00, 0x00, 0x00, 0x00, 0x00, 0x00, 0x00, 0x00, 0x00, 0x00, 0x00, 0x00, 0x00, 0x00, 0x00, 0x00,
    0x00, 0x00, 0x00, 0x00, 0x00, 0x00, 0x00, 0x00, 0x00, 0x00, 0x00, 0x00, 0x00, 0x00, 0x00, 0x00,
    0x00, 0x00, 0x00, 0x00, 0x00, 0x00, 0x00, 0x00, 0x00, 0x00, 0x00, 0x00, 0x00, 0x00, 0x00, 0x00,
    0x00, 0x00, 0x00, 0x00, 0x00, 0x00, 0x00, 0x00, 0x00, 0x00, 0x00, 0x00, 0x00, 0x00, 0x00, 0x00,
    0x00, 0x00, 0x00, 0x00, 0x00, 0x00, 0x00, 0x00, 0x00, 0x00, 0x00, 0x00, 0x00, 0x00, 0x00, 0x00,
    0x00, 0x00, 0x00, 0x00, 0x00, 0x00, 0x00, 0x00, 0x40, 0x00, 0x44, 0x1a, 0xa8, 0x34, 0xeb, 0x3d,
    0xeb, 0x3d, 0xeb, 0x3d, 0xeb, 0x3d, 0xeb, 0x3d, 0xeb, 0x3d, 0xeb, 0x3d, 0xeb, 0x3d, 0xeb, 0x3d,
    0xeb, 0x3d, 0xeb, 0x3d, 0xeb, 0x3d, 0xeb, 0x3d, 0xeb, 0x3d, 0xeb, 0x3d, 0xeb, 0x3d, 0xeb, 0x3d,
    0xeb, 0x3d, 0xeb, 0x3d, 0xeb, 0x3d, 0xeb, 0x3d, 0xeb, 0x3d, 0xeb, 0x3d, 0xeb, 0x3d, 0xeb, 0x3d,
    0xeb, 0x3d, 0xeb, 0x3d, 0xe9, 0x34, 0x64, 0x1a, 0x40, 0x00, 0x00, 0x00, 0x00, 0x00, 0x00, 0x00,
    0x00, 0x00, 0x00, 0x00, 0x00, 0x00, 0x00, 0x00, 0x00, 0x00, 0x00, 0x00, 0x00, 0x00, 0x00, 0x00,
    0x00, 0x00, 0x00, 0x00, 0x00, 0x00, 0x00, 0x00, 0x00, 0x00, 0x00, 0x00, 0x00, 0x00, 0x00, 0x00,
    0x00, 0x00, 0x00, 0x00, 0x00, 0x00, 0x00, 0x00, 0x00, 0x00, 0x00, 0x00, 0x00, 0x00, 0x00, 0x00,
    0x00, 0x00, 0x00, 0x00, 0x00, 0x00, 0x00, 0x00, 0x00, 0x00, 0x00, 0x00, 0x00, 0x00, 0x00, 0x00,
    0x00, 0x00, 0x00, 0x00, 0x00, 0x00, 0x00, 0x00, 0x00, 0x00, 0x00, 0x00, 0x00, 0x00, 0x00, 0x00,
    0x00, 0x00, 0x00, 0x00, 0x00, 0x00, 0x00, 0x00, 0x00, 0x00, 0x00, 0x00, 0x00, 0x00, 0x00, 0x00,
    0x00, 0x00, 0x00, 0x00, 0x00, 0x00, 0x00, 0x00, 0x00, 0x00, 0x00, 0x00, 0x00, 0x00, 0x00, 0x00,
    0x00, 0x00, 0x00, 0x00, 0x00, 0x00, 0x00, 0x00, 0x00, 0x00, 0x00, 0x00, 0x00, 0x00, 0x00, 0x00,
    0x00, 0x00, 0x00, 0x00, 0x00, 0x00, 0x00, 0x00, 0x00, 0x00, 0x00, 0x00, 0x01, 0x09, 0x05, 0x23,
    0xc9, 0x34, 0xcb, 0x3d, 0xeb, 0x3d, 0xeb, 0x3d, 0xeb, 0x3d, 0xeb, 0x3d, 0xeb, 0x3d, 0xeb, 0x3d,
    0xeb, 0x3d, 0xeb, 0x3d, 0xeb, 0x3d, 0xeb, 0x3d, 0xeb, 0x3d, 0xeb, 0x3d, 0xeb, 0x3d, 0xeb, 0x3d,
    0xeb, 0x3d, 0xeb, 0x3d, 0xeb, 0x3d, 0xeb, 0x3d, 0xeb, 0x3d, 0xca, 0x3d, 0xc9, 0x34, 0xe5, 0x1a,
    0xe1, 0x08, 0x00, 0x00, 0x00, 0x00, 0x00, 0x00, 0x00, 0x00, 0x00, 0x00, 0x00, 0x00, 0x00, 0x00,
    0x00, 0x00, 0x00, 0x00, 0x00, 0x00, 0x00, 0x00, 0x00, 0x00, 0x00, 0x00, 0x00, 0x00, 0x00, 0x00,
    0x00, 0x00, 0x00, 0x00, 0x00, 0x00, 0x00, 0x00, 0x00, 0x00, 0x00, 0x00, 0x00, 0x00, 0x00, 0x00,
    0x00, 0x00, 0x00, 0x00, 0x00, 0x00, 0x00, 0x00, 0x00, 0x00, 0x00, 0x00, 0x00, 0x00, 0x00, 0x00,
    0x00, 0x00, 0x00, 0x00, 0x00, 0x00, 0x00, 0x00, 0x00, 0x00, 0x00, 0x00, 0x00, 0x00, 0x00, 0x00,
    0x00, 0x00, 0x00, 0x00, 0x00, 0x00, 0x00, 0x00, 0x00, 0x00, 0x00, 0x00, 0x00, 0x00, 0x00, 0x00,
    0x00, 0x00, 0x00, 0x00, 0x00, 0x00, 0x00, 0x00, 0x00, 0x00, 0x00, 0x00, 0x00, 0x00, 0x00, 0x00,
    0x00, 0x00, 0x00, 0x00, 0x00, 0x00, 0x00, 0x00, 0x00, 0x00, 0x00, 0x00, 0x00, 0x00, 0x00, 0x00,
    0x00, 0x00, 0x00, 0x00, 0x00, 0x00, 0x00, 0x00, 0x00, 0x00, 0x00, 0x00, 0x00, 0x00, 0xe1, 0x08,
    0xe5, 0x1a, 0xc9, 0x34, 0xcb, 0x3d, 0xeb, 0x3d, 0xeb, 0x3d, 0xeb, 0x3d, 0xeb, 0x3d, 0xeb, 0x3d,
    0xeb, 0x3d, 0xeb, 0x3d, 0xeb, 0x3d, 0xeb, 0x3d, 0xeb, 0x3d, 0xeb, 0x3d, 0xeb, 0x3d, 0xeb, 0x3d,
    0xeb, 0x3d, 0xeb, 0x3d, 0xeb, 0x3d, 0xeb, 0x3d, 0xeb, 0x3d, 0xeb, 0x3d, 0xeb, 0x3d, 0x09, 0x35,
    0x25, 0x23, 0x22, 0x09, 0x00, 0x00, 0x00, 0x00, 0x00, 0x00, 0x00, 0x00, 0x00, 0x00, 0x00, 0x00,
    0x00, 0x00, 0x00, 0x00, 0x00, 0x00, 0x00, 0x00, 0x00, 0x00, 0x00, 0x00, 0x00, 0x00, 0x00, 0x00,
    0x00, 0x00, 0x00, 0x00, 0x00, 0x00, 0x00, 0x00, 0x00, 0x00, 0x00, 0x00, 0x00, 0x00, 0x00, 0x00,
    0x00, 0x00, 0x00, 0x00, 0x00, 0x00, 0x00, 0x00, 0x00, 0x00, 0x00, 0x00, 0x00, 0x00, 0x00, 0x00,
    0x00, 0x00, 0x00, 0x00, 0x00, 0x00, 0x00, 0x00, 0x00, 0x00, 0x00, 0x00, 0x00, 0x00, 0x00, 0x00,
    0x00, 0x00, 0x00, 0x00, 0x00, 0x00, 0x00, 0x00, 0x00, 0x00, 0x00, 0x00, 0x00, 0x00, 0x00, 0x00,
    0x00, 0x00, 0x00, 0x00, 0x00, 0x00, 0x00, 0x00, 0x00, 0x00, 0x00, 0x00, 0x00, 0x00, 0x00, 0x00,
    0x00, 0x00, 0x00, 0x00, 0x00, 0x00, 0x00, 0x00, 0x00, 0x00, 0x00, 0x00, 0x00, 0x00, 0x00, 0x00,
    0x00, 0x00, 0x00, 0x00, 0x00, 0x00, 0x00, 0x00, 0x00, 0x00, 0x00, 0x00, 0x00, 0x00, 0x00, 0x00,
    0x00, 0x00, 0x00, 0x00, 0x00, 0x00, 0x00, 0x00, 0x00, 0x00, 0x00, 0x00, 0x00, 0x00, 0x00, 0x00,
    0x00, 0x00, 0xc1, 0x08, 0x03, 0x12, 0x66, 0x23, 0x88, 0x34, 0x4a, 0x3d, 0xeb, 0x3d, 0xeb, 0x3d,
    0xeb, 0x3d, 0xeb, 0x3d, 0xeb, 0x3d, 0xeb, 0x3d, 0xeb, 0x3d, 0xeb, 0x3d, 0xeb, 0x3d, 0xeb, 0x3d,
    0xeb, 0x3d, 0x6a, 0x3d, 0x68, 0x2c, 0x26, 0x23, 0xe3, 0x11, 0x81, 0x00, 0x00, 0x00, 0x00, 0x00,
    0x00, 0x00, 0x00, 0x00, 0x00, 0x00, 0x00, 0x00, 0x00, 0x00, 0x00, 0x00, 0x00, 0x00, 0x00, 0x00,
    0x00, 0x00, 0x00, 0x00, 0x00, 0x00, 0x00, 0x00, 0x00, 0x00, 0x00, 0x00, 0x00, 0x00, 0x00, 0x00,
    0x00, 0x00, 0x00, 0x00, 0x00, 0x00, 0x00, 0x00, 0x00, 0x00, 0x00, 0x00, 0x00, 0x00, 0x00, 0x00,
    0x00, 0x00, 0x00, 0x00, 0x00, 0x00, 0x00, 0x00, 0x00, 0x00, 0x00, 0x00, 0x00, 0x00, 0x00, 0x00,
    0x00, 0x00, 0x00, 0x00, 0x00, 0x00, 0x00, 0x00, 0x00, 0x00, 0x00, 0x00, 0x00, 0x00, 0x00, 0x00,
    0x00, 0x00, 0x00, 0x00, 0x00, 0x00, 0x00, 0x00, 0x00, 0x00, 0x00, 0x00, 0x00, 0x00, 0x00, 0x00,
    0x00, 0x00, 0x00, 0x00, 0x00, 0x00, 0x00, 0x00, 0x00, 0x00, 0x00, 0x00, 0x00, 0x00, 0x00, 0x00,
    0x00, 0x00, 0x00, 0x00, 0x00, 0x00, 0x00, 0x00, 0x00, 0x00, 0x00, 0x00, 0x00, 0x00, 0x00, 0x00,
    0x00, 0x00, 0x00, 0x00, 0x00, 0x00, 0x00, 0x00, 0x00, 0x00, 0x00, 0x00, 0x00, 0x00, 0x00, 0x00,
    0x00, 0x00, 0x00, 0x00, 0xa1, 0x00, 0x03, 0x12, 0x66, 0x23, 0x88, 0x2c, 0x4a, 0x3d, 0xeb, 0x3d,
    0xeb, 0x3d, 0xeb, 0x3d, 0xeb, 0x3d, 0xeb, 0x3d, 0xeb, 0x3d, 0xeb, 0x3d, 0xeb, 0x3d, 0xeb, 0x3d,
    0xeb, 0x3d, 0xeb, 0x3d, 0x8a, 0x3d, 0xc8, 0x34, 0xa6, 0x23, 0x44, 0x1a, 0xe1, 0x08, 0x00, 0x00,
    0x00, 0x00, 0x00, 0x00, 0x00, 0x00, 0x00, 0x00, 0x00, 0x00, 0x00, 0x00, 0x00, 0x00, 0x00, 0x00,
    0x00, 0x00, 0x00, 0x00, 0x00, 0x00, 0x00, 0x00, 0x00, 0x00, 0x00, 0x00, 0x00, 0x00, 0x00, 0x00,
    0x00, 0x00, 0x00, 0x00, 0x00, 0x00, 0x00, 0x00, 0x00, 0x00, 0x00, 0x00, 0x00, 0x00, 0x00, 0x00,
    0x00, 0x00, 0x00, 0x00, 0x00, 0x00, 0x00, 0x00, 0x00, 0x00, 0x00, 0x00, 0x00, 0x00, 0x00, 0x00,
    0x00, 0x00, 0x00, 0x00, 0x00, 0x00, 0x00, 0x00, 0x00, 0x00, 0x00, 0x00, 0x00, 0x00, 0x00, 0x00,
    0x00, 0x00, 0x00, 0x00, 0x00, 0x00, 0x00, 0x00, 0x00, 0x00, 0x00, 0x00, 0x00, 0x00, 0x00, 0x00,
    0x00, 0x00, 0x00, 0x00, 0x00, 0x00, 0x00, 0x00, 0x00, 0x00, 0x00, 0x00, 0x00, 0x00, 0x00, 0x00,
    0x00, 0x00, 0x00, 0x00, 0x00, 0x00, 0x00, 0x00, 0x00, 0x00, 0x00, 0x00, 0x00, 0x00, 0x00, 0x00,
    0x00, 0x00, 0x00, 0x00, 0x00, 0x00, 0x00, 0x00, 0x00, 0x00, 0x00, 0x00, 0x00, 0x00, 0x00, 0x00,
    0x00, 0x00, 0x00, 0x00, 0x00, 0x00, 0x00, 0x00, 0x00, 0x00, 0x00, 0x00, 0x00, 0x00, 0x00, 0x00,
    0x00, 0x00, 0x00, 0x00, 0x00, 0x00, 0x00, 0x00, 0x00, 0x00, 0x40, 0x00, 0xe1, 0x08, 0x24, 0x12,
    0x66, 0x23, 0x27, 0x2c, 0x68, 0x2c, 0x88, 0x34, 0xa8, 0x34, 0x48, 0x2c, 0xa6, 0x23, 0xa5, 0x1a,
    0x22, 0x09, 0x40, 0x00, 0x00, 0x00, 0x00, 0x00, 0x00, 0x00, 0x00, 0x00, 0x00, 0x00, 0x00, 0x00,
    0x00, 0x00, 0x00, 0x00, 0x00, 0x00, 0x00, 0x00, 0x00, 0x00, 0x00, 0x00, 0x00, 0x00, 0x00, 0x00,
    0x00, 0x00, 0x00, 0x00, 0x00, 0x00, 0x00, 0x00, 0x00, 0x00, 0x00, 0x00, 0x00, 0x00, 0x00, 0x00,
    0x00, 0x00, 0x00, 0x00, 0x00, 0x00, 0x00, 0x00, 0x00, 0x00, 0x00, 0x00, 0x00, 0x00, 0x00, 0x00,
    0x00, 0x00, 0x00, 0x00, 0x00, 0x00, 0x00, 0x00, 0x00, 0x00, 0x00, 0x00, 0x00, 0x00, 0x00, 0x00,
    0x00, 0x00, 0x00, 0x00, 0x00, 0x00, 0x00, 0x00, 0x00, 0x00, 0x00, 0x00, 0x00, 0x00, 0x00, 0x00,
    0x00, 0x00, 0x00, 0x00, 0x00, 0x00, 0x00, 0x00, 0x00, 0x00, 0x00, 0x00, 0x00, 0x00, 0x00, 0x00,
    0x00, 0x00, 0x00, 0x00, 0x00, 0x00, 0x00, 0x00, 0x00, 0x00, 0x00, 0x00, 0x00, 0x00, 0x00, 0x00,
    0x00, 0x00, 0x00, 0x00, 0x00, 0x00, 0x00, 0x00, 0x00, 0x00, 0x00, 0x00, 0x00, 0x00, 0x00, 0x00,
    0x00, 0x00, 0x00, 0x00, 0x00, 0x00, 0x00, 0x00, 0x00, 0x00, 0x00, 0x00, 0x00, 0x00, 0x00, 0x00,
    0x00, 0x00, 0x00, 0x00, 0x00, 0x00, 0x00, 0x00, 0x00, 0x00, 0x00, 0x00, 0x20, 0x00, 0xc1, 0x08,
    0x24, 0x12, 0x66, 0x23, 0x27, 0x2c, 0x68, 0x2c, 0x88, 0x34, 0xa8, 0x34, 0x68, 0x2c, 0xc7, 0x23,
    0x64, 0x1a, 0x02, 0x09, 0x60, 0x00, 0x00, 0x00, 0x00, 0x00, 0x00, 0x00, 0x00, 0x00, 0x00, 0x00,
    0x00, 0x00, 0x00, 0x00, 0x00, 0x00, 0x00, 0x00, 0x00, 0x00, 0x00, 0x00, 0x00, 0x00, 0x00, 0x00,
    0x00, 0x00, 0x00, 0x00, 0x00, 0x00, 0x00, 0x00, 0x00, 0x00, 0x00, 0x00, 0x00, 0x00, 0x00, 0x00,
    0x00, 0x00, 0x00, 0x00, 0x00, 0x00, 0x00, 0x00, 0x00, 0x00, 0x00, 0x00, 0x00, 0x00, 0x00, 0x00,
    0x00, 0x00, 0x00, 0x00, 0x00, 0x00, 0x00, 0x00, 0x00, 0x00, 0x00, 0x00, 0x00, 0x00, 0x00, 0x00,
    0x00, 0x00, 0x00, 0x00, 0x00, 0x00, 0x00, 0x00, 0x00, 0x00, 0x00, 0x00, 0x00, 0x00, 0x00, 0x00,
    0x00, 0x00, 0x00, 0x00, 0x00, 0x00, 0x00, 0x00, 0x00, 0x00, 0x00, 0x00, 0x00, 0x00, 0x00, 0x00,
    0x00, 0x00, 0x00, 0x00, 0x00, 0x00, 0x00, 0x00, 0x00, 0x00, 0x00, 0x00, 0x00, 0x00, 0x00, 0x00,
    0x00, 0x00, 0x00, 0x00, 0x00, 0x00, 0x00, 0x00, 0x00, 0x00, 0x00, 0x00, 0x00, 0x00, 0x00, 0x00,
    0x00, 0x00, 0x00, 0x00, 0x00, 0x00, 0x00, 0x00, 0x00, 0x00, 0x00, 0x00, 0x00, 0x00, 0x00, 0x00,
    0x00, 0x00, 0x00, 0x00, 0x00, 0x00, 0x00, 0x00, 0x00, 0x00, 0x00, 0x00, 0x00, 0x00, 0x00, 0x00,
    0x00, 0x00, 0x00, 0x00, 0x00, 0x00, 0x00, 0x00, 0x00, 0x00, 0x00, 0x00, 0x00, 0x00, 0x00, 0x00,
    0x00, 0x00, 0x00, 0x00, 0x00, 0x00, 0x00, 0x00, 0x00, 0x00, 0x00, 0x00, 0x00, 0x00, 0x00, 0x00,
    0x00, 0x00, 0x00, 0x00, 0x00, 0x00, 0x00, 0x00, 0x00, 0x00, 0x00, 0x00, 0x00, 0x00, 0x00, 0x00,
    0x00, 0x00, 0x00, 0x00, 0x00, 0x00, 0x00, 0x00, 0x00, 0x00, 0x00, 0x00, 0x00, 0x00, 0x00, 0x00,
    0x00, 0x00, 0x00, 0x00, 0x00, 0x00, 0x00, 0x00, 0x00, 0x00, 0x00, 0x00, 0x00, 0x00, 0x00, 0x00,
    0x00, 0x00, 0x00, 0x00, 0x00, 0x00, 0x00, 0x00, 0x00, 0x00, 0x00, 0x00, 0x00, 0x00, 0x00, 0x00,
    0x00, 0x00, 0x00, 0x00, 0x00, 0x00, 0x00, 0x00, 0x00, 0x00, 0x00, 0x00, 0x00, 0x00, 0x00, 0x00,
    0x00, 0x00, 0x00, 0x00, 0x00, 0x00, 0x00, 0x00, 0x00, 0x00, 0x00, 0x00, 0x00, 0x00, 0x00, 0x00,
    0x00, 0x00, 0x00, 0x00, 0x00, 0x00, 0x00, 0x00, 0x00, 0x00, 0x00, 0x00, 0x00, 0x00, 0x00, 0x00,
    0x00, 0x00, 0x00, 0x00, 0x00, 0x00, 0x00, 0x00, 0x00, 0x00, 0x00, 0x00, 0x00, 0x00, 0x00, 0x00,
    0x00, 0x00, 0x00, 0x00, 0x00, 0x00, 0x00, 0x00, 0x00, 0x00, 0x00, 0x00, 0x00, 0x00, 0x00, 0x00,
    0x00, 0x00, 0x00, 0x00, 0x00, 0x00, 0x00, 0x00, 0x00, 0x00, 0x00, 0x00, 0x00, 0x00, 0x00, 0x00,
    0x00, 0x00, 0x00, 0x00, 0x00, 0x00, 0x00, 0x00, 0x00, 0x00, 0x00, 0x00, 0x00, 0x00, 0x00, 0x00,
    0x00, 0x00, 0x00, 0x00, 0x00, 0x00, 0x00, 0x00, 0x00, 0x00, 0x00, 0x00, 0x00, 0x00, 0x00, 0x00,
    0x00, 0x00, 0x00, 0x00, 0x00, 0x00, 0x00, 0x00, 0x00, 0x00, 0x00, 0x00, 0x00, 0x00, 0x00, 0x00,
    0x00, 0x00, 0x00, 0x00, 0x00, 0x00, 0x00, 0x00, 0x00, 0x00, 0x00, 0x00, 0x00, 0x00, 0x00, 0x00,
    0x00, 0x00, 0x00, 0x00, 0x00, 0x00, 0x00, 0x00, 0x00, 0x00, 0x00, 0x00, 0x00, 0x00, 0x00, 0x00,
    0x00, 0x00, 0x00, 0x00, 0x00, 0x00, 0x00, 0x00, 0x00, 0x00, 0x00, 0x00, 0x00, 0x00, 0x00, 0x00,
    0x00, 0x00, 0x00, 0x00, 0x00, 0x00, 0x00, 0x00, 0x00, 0x00, 0x00, 0x00, 0x00, 0x00, 0x00, 0x00,
    0x00, 0x00, 0x00, 0x00, 0x00, 0x00, 0x00, 0x00, 0x00, 0x00, 0x00, 0x00, 0x00, 0x00, 0x00, 0x00,
    0x00, 0x00, 0x00, 0x00, 0x00, 0x00, 0x00, 0x00, 0x00, 0x00, 0x00, 0x00, 0x00, 0x00, 0x00, 0x00,
    0x00, 0x00, 0x00, 0x00, 0x00, 0x00, 0x00, 0x00, 0x00, 0x00, 0x00, 0x00, 0x00, 0x00, 0x00, 0x00,
    0x00, 0x00, 0x00, 0x00, 0x00, 0x00, 0x00, 0x00, 0x00, 0x00, 0x00, 0x00, 0x00, 0x00, 0x00, 0x00,
    0x00, 0x00, 0x00, 0x00, 0x00, 0x00, 0x00, 0x00, 0x00, 0x00, 0x00, 0x00, 0x00, 0x00, 0x00, 0x00,
    0x00, 0x00, 0x00, 0x00, 0x00, 0x00, 0x00, 0x00, 0x00, 0x00, 0x00, 0x00, 0x00, 0x00, 0x00, 0x00,
    0x00, 0x00, 0x00, 0x00, 0x00, 0x00, 0x00, 0x00, 0x00, 0x00, 0x00, 0x00, 0x00, 0x00, 0x00, 0x00,
    0x00, 0x00, 0x00, 0x00, 0x00, 0x00, 0x00, 0x00, 0x00, 0x00, 0x00, 0x00, 0x00, 0x00, 0x00, 0x00,
    0x00, 0x00, 0x00, 0x00, 0x00, 0x00, 0x00, 0x00, 0x00, 0x00, 0x00, 0x00, 0x00, 0x00, 0x00, 0x00,
    0x00, 0x00, 0x00, 0x00, 0x00, 0x00, 0x00, 0x00, 0x00, 0x00, 0x00, 0x00, 0x00, 0x00, 0x00, 0x00,
    0x00, 0x00, 0x00, 0x00, 0x00, 0x00, 0x00, 0x00, 0x00, 0x00, 0x00, 0x00, 0x00, 0x00, 0x00, 0x00,
    0x00, 0x00, 0x00, 0x00, 0x00, 0x00, 0x00, 0x00, 0x00, 0x00, 0x00, 0x00, 0x00, 0x00, 0x00, 0x00,
    0x00, 0x00, 0x00, 0x00, 0x00, 0x00, 0x00, 0x00, 0x00, 0x00, 0x00, 0x00, 0x00, 0x00, 0x00, 0x00,
    0x00, 0x00, 0x00, 0x00, 0x00, 0x00, 0x00, 0x00, 0x00, 0x00, 0x00, 0x00, 0x00, 0x00, 0x00, 0x00,
    0x00, 0x00, 0x00, 0x00, 0x00, 0x00, 0x00, 0x00, 0x00, 0x00, 0x00, 0x00, 0x00, 0x00, 0x00, 0x00,
    0x00, 0x00, 0x00, 0x00, 0x00, 0x00, 0x00, 0x00, 0x00, 0x00, 0x00, 0x00, 0x00, 0x00, 0x00, 0x00,
    0x00, 0x00, 0x00, 0x00, 0x00, 0x00, 0x00, 0x00, 0x00, 0x00, 0x00, 0x00, 0x00, 0x00, 0x00, 0x00,
    0x00, 0x00, 0x00, 0x00, 0x00, 0x00, 0x00, 0x00, 0x00, 0x00, 0x00, 0x00, 0x00, 0x00, 0x00, 0x00,
    0x00, 0x00, 0x00, 0x00, 0x00, 0x00, 0x00, 0x00, 0x00, 0x00, 0x00, 0x00, 0x00, 0x00, 0x00, 0x00,
    0x00, 0x00, 0x00, 0x00, 0x00, 0x00, 0x00, 0x00, 0x00, 0x00, 0x00, 0x00, 0x00, 0x00, 0x00, 0x00,
    0x00, 0x00, 0x00, 0x00, 0x00, 0x00, 0x00, 0x00, 0x00, 0x00, 0x00, 0x00, 0x00, 0x00, 0x00, 0x00,
    0x00, 0x00, 0x00, 0x00, 0x00, 0x00, 0x00, 0x00, 0x00, 0x00, 0x00, 0x00, 0x00, 0x00, 0x00, 0x00,
    0x00, 0x00, 0x00, 0x00, 0x00, 0x00, 0x00, 0x00, 0x00, 0x00, 0x00, 0x00, 0x00, 0x00, 0x00, 0x00,
    0x00, 0x00, 0x00, 0x00, 0x00, 0x00, 0x00, 0x00, 0x00, 0x00, 0x00, 0x00, 0x00, 0x00, 0x00, 0x00,
    0x00, 0x00, 0x00, 0x00, 0x00, 0x00, 0x00, 0x00, 0x00, 0x00, 0x00, 0x00, 0x00, 0x00, 0x00, 0x00,
    0x00, 0x00, 0x00, 0x00, 0x00, 0x00, 0x00, 0x00, 0x00, 0x00, 0x00, 0x00, 0x00, 0x00, 0x00, 0x00,
    0x00, 0x00, 0x00, 0x00, 0x00, 0x00, 0x00, 0x00, 0x00, 0x00, 0x00, 0x00, 0x00, 0x00, 0x00, 0x00,
    0x00, 0x00, 0x00, 0x00, 0x00, 0x00, 0x00, 0x00, 0x00, 0x00, 0x00, 0x00, 0x00, 0x00, 0x00, 0x00,
    0x00, 0x00, 0x00, 0x00, 0x00, 0x00, 0x00, 0x00, 0x00, 0x00, 0x00, 0x00, 0x00, 0x00, 0x00, 0x00,
    0x00, 0x00, 0x00, 0x00, 0x00, 0x00, 0x00, 0x00, 0x00, 0x00, 0x00, 0x00, 0x00, 0x00, 0x00, 0x00,
    0x00, 0x00, 0x00, 0x00, 0x00, 0x00, 0x00, 0x00, 0x00, 0x00, 0x00, 0x00, 0x00, 0x00, 0x00, 0x00,
    0x00, 0x00, 0x00, 0x00, 0x00, 0x00, 0x00, 0x00, 0x00, 0x00, 0x00, 0x00, 0x00, 0x00, 0x00, 0x00,
    0x00, 0x00, 0x00, 0x00, 0x00, 0x00, 0x00, 0x00, 0x00, 0x00, 0x00, 0x00, 0x00, 0x00, 0x00, 0x00,
    0x00, 0x00, 0x00, 0x00, 0x00, 0x00, 0x00, 0x00, 0x00, 0x00, 0x00, 0x00, 0x00, 0x00, 0x00, 0x00,
    0x00, 0x00, 0x00, 0x00, 0x00, 0x00, 0x00, 0x00, 0x00, 0x00, 0x00, 0x00, 0x00, 0x00, 0x00, 0x00,
    0x00, 0x00, 0x00, 0x00, 0x00, 0x00, 0x00, 0x00, 0x00, 0x00, 0x00, 0x00, 0x00, 0x00, 0x00, 0x00,
    0x00, 0x00, 0x00, 0x00, 0x00, 0x00, 0x00, 0x00, 0x00, 0x00, 0x00, 0x00, 0x00, 0x00, 0x00, 0x00,
    0x00, 0x00, 0x00, 0x00, 0x00, 0x00, 0x00, 0x00, 0x00, 0x00, 0x00, 0x00, 0x00, 0x00, 0x00, 0x00,
    0x00, 0x00, 0x00, 0x00, 0x00, 0x00, 0x00, 0x00, 0x00, 0x00, 0x00, 0x00, 0x00, 0x00, 0x00, 0x00,
    0x00, 0x00, 0x00, 0x00, 0x00, 0x00, 0x00, 0x00, 0x00, 0x00, 0x00, 0x00, 0x00, 0x00, 0x00, 0x00,
    0x00, 0x00, 0x00, 0x00, 0x00, 0x00, 0x00, 0x00, 0x00, 0x00, 0x00, 0x00, 0x00, 0x00, 0x00, 0x00,
    0x00, 0x00, 0x00, 0x00, 0x00, 0x00, 0x00, 0x00, 0x00, 0x00, 0x00, 0x00, 0x00, 0x00, 0x00, 0x00,
    0x00, 0x00, 0x00, 0x00, 0x00, 0x00, 0x00, 0x00, 0x00, 0x00, 0x00, 0x00, 0x00, 0x00, 0x00, 0x00,
    0x00, 0x00, 0x00, 0x00, 0x00, 0x00, 0x00, 0x00, 0x00, 0x00, 0x00, 0x00, 0x00, 0x00, 0x00, 0x00,
    0x00, 0x00, 0x00, 0x00, 0x00, 0x00, 0x00, 0x00, 0x00, 0x00, 0x00, 0x00, 0x00, 0x00, 0x00, 0x00,
    0x00, 0x00, 0x00, 0x00, 0x00, 0x00, 0x00, 0x00, 0x00, 0x00, 0x00, 0x00, 0x00, 0x00, 0x00, 0x00,
    0x00, 0x00, 0x00, 0x00, 0x00, 0x00, 0x00, 0x00, 0x00, 0x00, 0x00, 0x00, 0x00, 0x00, 0x00, 0x00,
    0x00, 0x00, 0x00, 0x00, 0x00, 0x00, 0x00, 0x00, 0x00, 0x00, 0x00, 0x00, 0x00, 0x00, 0x00, 0x00,
    0x00, 0x00, 0x00, 0x00, 0x00, 0x00, 0x00, 0x00, 0x00, 0x00, 0x00, 0x00, 0x00, 0x00, 0x00, 0x00,
    0x00, 0x00, 0x00, 0x00, 0x00, 0x00, 0x00, 0x00, 0x00, 0x00, 0x00, 0x00, 0x00, 0x00, 0x00, 0x00,
    0x00, 0x00, 0x00, 0x00, 0x00, 0x00, 0x00, 0x00, 0x00, 0x00, 0x00, 0x00, 0x00, 0x00, 0x00, 0x00,
    0x00, 0x00, 0x00, 0x00, 0x00, 0x00, 0x00, 0x00, 0x00, 0x00, 0x00, 0x00, 0x00, 0x00, 0x00, 0x00,
    0x00, 0x00, 0x00, 0x00, 0x00, 0x00, 0x00, 0x00, 0x00, 0x00, 0x00, 0x00, 0x00, 0x00, 0x00, 0x00,
    0x00, 0x00, 0x00, 0x00, 0x00, 0x00, 0x00, 0x00, 0x00, 0x00, 0x00, 0x00, 0x00, 0x00, 0x00, 0x00,
    0x00, 0x00, 0x00, 0x00, 0x00, 0x00, 0x00, 0x00, 0x00, 0x00, 0x00, 0x00, 0x00, 0x00, 0x00, 0x00,
    0x00, 0x00, 0x00, 0x00, 0x00, 0x00, 0x00, 0x00, 0x00, 0x00, 0x00, 0x00, 0x00, 0x00, 0x00, 0x00,
    0x00, 0x00, 0x00, 0x00, 0x00, 0x00, 0x00, 0x00, 0x00, 0x00, 0x00, 0x00, 0x00, 0x00, 0x00, 0x00,
    0x00, 0x00, 0x00, 0x00, 0x00, 0x00, 0x00, 0x00, 0x00, 0x00, 0x00, 0x00, 0x00, 0x00, 0x00, 0x00,
    0x00, 0x00, 0x00, 0x00, 0x00, 0x00, 0x00, 0x00, 0x00, 0x00, 0x00, 0x00, 0x00, 0x00, 0x00, 0x00,
    0x00, 0x00, 0x00, 0x00, 0x00, 0x00, 0x00, 0x00, 0x00, 0x00, 0x00, 0x00, 0x00, 0x00, 0x00, 0x00,
    0x00, 0x00, 0x00, 0x00, 0x00, 0x00, 0x00, 0x00, 0x00, 0x00, 0x00, 0x00, 0x00, 0x00, 0x00, 0x00,
    0x00, 0x00, 0x00, 0x00, 0x00, 0x00, 0x00, 0x00, 0x00, 0x00, 0x00, 0x00, 0x00, 0x00, 0x00, 0x00,
    0x00, 0x00, 0x00, 0x00, 0x00, 0x00, 0x00, 0x00, 0x00, 0x00, 0x00, 0x00, 0x00, 0x00, 0x00, 0x00,
    0x00, 0x00, 0x00, 0x00, 0x00, 0x00, 0x00, 0x00, 0x00, 0x00, 0x00, 0x00, 0x00, 0x00, 0x00, 0x00,
    0x00, 0x00, 0x00, 0x00, 0x00, 0x00, 0x00, 0x00, 0x00, 0x00, 0x00, 0x00, 0x00, 0x00, 0x00, 0x00,
    0x00, 0x00, 0x00, 0x00, 0x00, 0x00, 0x00, 0x00, 0x00, 0x00, 0x00, 0x00, 0x00, 0x00, 0x00, 0x00,
    0x00, 0x00, 0x00, 0x00, 0x00, 0x00, 0x00, 0x00, 0x00, 0x00, 0x00, 0x00, 0x00, 0x00, 0x00, 0x00,
    0x00, 0x00, 0x00, 0x00, 0x00, 0x00, 0x00, 0x00, 0x00, 0x00, 0x00, 0x00, 0x00, 0x00, 0x00, 0x00,
    0x00, 0x00, 0x00, 0x00, 0x00, 0x00, 0x00, 0x00, 0x00, 0x00, 0x00, 0x00, 0x00, 0x00, 0x00, 0x00,
    0x00, 0x00, 0x00, 0x00, 0x00, 0x00, 0x00, 0x00, 0x00, 0x00, 0x00, 0x00, 0x00, 0x00, 0x00, 0x00,
    0x00, 0x00, 0x00, 0x00, 0x00, 0x00, 0x00, 0x00, 0x00, 0x00, 0x00, 0x00, 0x00, 0x00, 0x00, 0x00,
    0x00, 0x00, 0x00, 0x00, 0x00, 0x00, 0x00, 0x00, 0x00, 0x00, 0x00, 0x00, 0x00, 0x00, 0x00, 0x00,
    0x00, 0x00, 0x00, 0x00, 0x00, 0x00, 0x00, 0x00, 0x00, 0x00, 0x00, 0x00, 0x00, 0x00, 0x00, 0x00,
    0x00, 0x00, 0x00, 0x00, 0x00, 0x00, 0x00, 0x00, 0x00, 0x00, 0x00, 0x00, 0x00, 0x00, 0x00, 0x00,
    0x00, 0x00, 0x00, 0x00, 0x00, 0x00, 0x00, 0x00, 0x00, 0x00, 0x00, 0x00, 0x00, 0x00, 0x00, 0x00,
    0x00, 0x00, 0x00, 0x00, 0x00, 0x00, 0x00, 0x00, 0x00, 0x00, 0x00, 0x00, 0x00, 0x00, 0x00, 0x00,
    0x00, 0x00, 0x00, 0x00, 0x00, 0x00, 0x00, 0x00, 0x00, 0x00, 0x00, 0x00, 0x00, 0x00, 0x00, 0x00,
    0x00, 0x00, 0x00, 0x00, 0x00, 0x00, 0x00, 0x00, 0x00, 0x00, 0x00, 0x00, 0x00, 0x00, 0x00, 0x00,
    0x00, 0x00, 0x00, 0x00, 0x00, 0x00, 0x00, 0x00, 0x00, 0x00, 0x00, 0x00, 0x00, 0x00, 0x00, 0x00,
    0x00, 0x00, 0x00, 0x00, 0x00, 0x00, 0x00, 0x00, 0x00, 0x00, 0x00, 0x00, 0x00, 0x00, 0x00, 0x00,
    0x00, 0x00, 0x00, 0x00, 0x00, 0x00, 0x00, 0x00, 0x00, 0x00, 0x00, 0x00, 0x00, 0x00, 0x00, 0x00,
    0x00, 0x00, 0x00, 0x00, 0x00, 0x00, 0x00, 0x00, 0x00, 0x00, 0x00, 0x00, 0x00, 0x00, 0x00, 0x00,
    0x00, 0x00, 0x00, 0x00, 0x00, 0x00, 0x00, 0x00, 0x00, 0x00, 0x00, 0x00, 0x00, 0x00, 0x00, 0x00,
    0x00, 0x00, 0x00, 0x00, 0x00, 0x00, 0x00, 0x00, 0x00, 0x00, 0x00, 0x00, 0x00, 0x00, 0x00, 0x00,
    0x00, 0x00, 0x00, 0x00, 0x00, 0x00, 0x00, 0x00, 0x00, 0x00, 0x00, 0x00, 0x00, 0x00, 0x00, 0x00,
    0x00, 0x00, 0x00, 0x00, 0x00, 0x00, 0x00, 0x00, 0x00, 0x00, 0x00, 0x00, 0x00, 0x00, 0x00, 0x00,
    0x00, 0x00, 0x00, 0x00, 0x00, 0x00, 0x00, 0x00, 0x00, 0x00, 0x00, 0x00, 0x00, 0x00, 0x00, 0x00,
    0x00, 0x00, 0x00, 0x00, 0x00, 0x00, 0x00, 0x00, 0x00, 0x00, 0x00, 0x00, 0x00, 0x00, 0x00, 0x00,
    0x00, 0x00, 0x00, 0x00, 0x00, 0x00, 0x00, 0x00, 0x00, 0x00, 0x00, 0x00, 0x00, 0x00, 0x00, 0x00,
    0x00, 0x00, 0x00, 0x00, 0x00, 0x00, 0x00, 0x00, 0x00, 0x00, 0x00, 0x00, 0x00, 0x00, 0x00, 0x00,
    0x00, 0x00, 0x00, 0x00, 0x00, 0x00, 0x00, 0x00, 0x00, 0x00, 0x00, 0x00, 0x00, 0x00, 0x00, 0x00,
    0x00, 0x00, 0x00, 0x00, 0x00, 0x00, 0x00, 0x00, 0x00, 0x00, 0x00, 0x00, 0x00, 0x00, 0x00, 0x00,
    0x00, 0x00, 0x00, 0x00, 0x00, 0x00, 0x00, 0x00, 0x00, 0x00, 0x00, 0x00, 0x00, 0x00, 0x00, 0x00,
    0x00, 0x00, 0x00, 0x00, 0x00, 0x00, 0x00, 0x00, 0x00, 0x00, 0x00, 0x00, 0x00, 0x00, 0x00, 0x00,
    0x00, 0x00, 0x00, 0x00, 0x00, 0x00, 0x00, 0x00, 0x00, 0x00, 0x00, 0x00, 0x00, 0x00, 0x00, 0x00,
    0x00, 0x00, 0x00, 0x00, 0x00, 0x00, 0x00, 0x00, 0x00, 0x00, 0x00, 0x00, 0x00, 0x00, 0x00, 0x00,
    0x00, 0x00, 0x00, 0x00, 0x00, 0x00, 0x00, 0x00, 0x00, 0x00, 0x00, 0x00, 0x00, 0x00, 0x00, 0x00,
    0x00, 0x00, 0x00, 0x00, 0x00, 0x00, 0x00, 0x00, 0x00, 0x00, 0x00, 0x00, 0x00, 0x00, 0x00, 0x00,
    0x00, 0x00, 0x00, 0x00, 0x00, 0x00, 0x00, 0x00, 0x00, 0x00, 0x00, 0x00, 0x00, 0x00, 0x00, 0x00,
    0x00, 0x00, 0x00, 0x00, 0x00, 0x00, 0x00, 0x00, 0x00, 0x00, 0x00, 0x00, 0x00, 0x00, 0x00, 0x00,
    0x00, 0x00, 0x00, 0x00, 0x00, 0x00, 0x00, 0x00, 0x00, 0x00, 0x00, 0x00, 0x00, 0x00, 0x00, 0x00,
    0x00, 0x00, 0x00, 0x00, 0x00, 0x00, 0x00, 0x00, 0x00, 0x00, 0x00, 0x00, 0x00, 0x00, 0x00, 0x00,
    0x00, 0x00, 0x00, 0x00, 0x00, 0x00, 0x00, 0x00, 0x00, 0x00, 0x00, 0x00, 0x00, 0x00, 0x00, 0x00,
    0x00, 0x00, 0x00, 0x00, 0x00, 0x00, 0x00, 0x00, 0x00, 0x00, 0x00, 0x00, 0x00, 0x00, 0x00, 0x00,
    0x00, 0x00, 0x00, 0x00, 0x00, 0x00, 0x00, 0x00, 0x00, 0x00, 0x00, 0x00, 0x00, 0x00, 0x00, 0x00,
    0x00, 0x00, 0x00, 0x00, 0x00, 0x00, 0x00, 0x00, 0x00, 0x00, 0x00, 0x00, 0x00, 0x00, 0x00, 0x00,
    0x00, 0x00, 0x00, 0x00, 0x00, 0x00, 0x00, 0x00, 0x00, 0x00, 0x00, 0x00, 0x00, 0x00, 0x00, 0x00,
    0x00, 0x00, 0x00, 0x00, 0x00, 0x00, 0x00, 0x00, 0x00, 0x00, 0x00, 0x00, 0x00, 0x00, 0x00, 0x00,
    0x00, 0x00, 0x00, 0x00, 0x00, 0x00, 0x00, 0x00, 0x00, 0x00, 0x00, 0x00, 0x00, 0x00, 0x00, 0x00,
    0x00, 0x00, 0x00, 0x00, 0x00, 0x00, 0x00, 0x00, 0x00, 0x00, 0x00, 0x00, 0x00, 0x00, 0x00, 0x00,
    0x00, 0x00, 0x00, 0x00, 0x00, 0x00, 0x00, 0x00, 0x00, 0x00, 0x00, 0x00, 0x00, 0x00, 0x00, 0x00,
    0x00, 0x00, 0x00, 0x00, 0x00, 0x00, 0x00, 0x00, 0x00, 0x00, 0x00, 0x00, 0x00, 0x00, 0x00, 0x00,
    0x00, 0x00, 0x00, 0x00, 0x00, 0x00, 0x00, 0x00, 0x00, 0x00, 0x00, 0x00, 0x00, 0x00, 0x00, 0x00,
    0x00, 0x00, 0x00, 0x00, 0x00, 0x00, 0x00, 0x00, 0x00, 0x00, 0x00, 0x00, 0x00, 0x00, 0x00, 0x00,
    0x00, 0x00, 0x00, 0x00, 0x00, 0x00, 0x00, 0x00, 0x00, 0x00, 0x00, 0x00, 0x00, 0x00, 0x00, 0x00,
    0x00, 0x00, 0x00, 0x00, 0x00, 0x00, 0x00, 0x00, 0x00, 0x00, 0x00, 0x00, 0x00, 0x00, 0x00, 0x00,
    0x00, 0x00, 0x00, 0x00, 0x00, 0x00, 0x00, 0x00, 0x00, 0x00, 0x00, 0x00, 0x00, 0x00, 0x00, 0x00,
    0x00, 0x00, 0x00, 0x00, 0x00, 0x00, 0x00, 0x00, 0x00, 0x00, 0x00, 0x00, 0x00, 0x00, 0x00, 0x00,
    0x00, 0x00, 0x00, 0x00, 0x00, 0x00, 0x00, 0x00, 0x00, 0x00, 0x00, 0x00, 0x00, 0x00, 0x00, 0x00,
    0x00, 0x00, 0x00, 0x00, 0x00, 0x00, 0x00, 0x00, 0x00, 0x00, 0x00, 0x00, 0x00, 0x00, 0x00, 0x00,
    0x00, 0x00, 0x00, 0x00, 0x00, 0x00, 0x00, 0x00, 0x00, 0x00, 0x00, 0x00, 0x00, 0x00, 0x00, 0x00,
    0x00, 0x00, 0x00, 0x00, 0x00, 0x00, 0x00, 0x00, 0x00, 0x00, 0x00, 0x00, 0x00, 0x00, 0x00, 0x00,
    0x00, 0x00, 0x00, 0x00, 0x00, 0x00, 0x00, 0x00, 0x00, 0x00, 0x00, 0x00, 0x00, 0x00, 0x00, 0x00,
    0x00, 0x00, 0x00, 0x00, 0x00, 0x00, 0x00, 0x00, 0x00, 0x00, 0x00, 0x00, 0x00, 0x00, 0x00, 0x00,
    0x00, 0x00, 0x00, 0x00, 0x00, 0x00, 0x00, 0x00, 0x00, 0x00, 0x00, 0x00, 0x00, 0x00, 0x00, 0x00,
    0x00, 0x00, 0x00, 0x00, 0x00, 0x00, 0x00, 0x00, 0x00, 0x00, 0x00, 0x00, 0x00, 0x00, 0x00, 0x00,
    0x00, 0x00, 0x00, 0x00, 0x00, 0x00, 0x00, 0x00, 0x00, 0x00, 0x00, 0x00, 0x00, 0x00, 0x00, 0x00,
    0x00, 0x00, 0x00, 0x00, 0x00, 0x00, 0x00, 0x00, 0x00, 0x00, 0x00, 0x00, 0x00, 0x00, 0x00, 0x00,
    0x00, 0x00, 0x00, 0x00, 0x00, 0x00, 0x00, 0x00, 0x00, 0x00, 0x00, 0x00, 0x00, 0x00, 0x00, 0x00,
    0x00, 0x00, 0x00, 0x00, 0x00, 0x00, 0x00, 0x00, 0x00, 0x00, 0x00, 0x00, 0x00, 0x00, 0x00, 0x00,
    0x00, 0x00, 0x00, 0x00, 0x00, 0x00, 0x00, 0x00, 0x00, 0x00, 0x00, 0x00, 0x00, 0x00, 0x00, 0x00,
    0x00, 0x00, 0x00, 0x00, 0x00, 0x00, 0x00, 0x00, 0x00, 0x00, 0x00, 0x00, 0x00, 0x00, 0x00, 0x00,
    0x00, 0x00, 0x00, 0x00, 0x00, 0x00, 0x00, 0x00, 0x00, 0x00, 0x00, 0x00, 0x00, 0x00, 0x00, 0x00,
    0x00, 0x00, 0x00, 0x00, 0x00, 0x00, 0x00, 0x00, 0x00, 0x00, 0x00, 0x00, 0x00, 0x00, 0x00, 0x00,
    0x00, 0x00, 0x00, 0x00, 0x00, 0x00, 0x00, 0x00, 0x00, 0x00, 0x00, 0x00, 0x00, 0x00, 0x00, 0x00,
    0x00, 0x00, 0x00, 0x00, 0x00, 0x00, 0x00, 0x00, 0x00, 0x00, 0x00, 0x00, 0x00, 0x00, 0x00, 0x00,
    0x00, 0x00, 0x00, 0x00, 0x00, 0x00, 0x00, 0x00, 0x00, 0x00, 0x00, 0x00, 0x00, 0x00, 0x00, 0x00,
    0x00, 0x00, 0x00, 0x00, 0x00, 0x00, 0x00, 0x00, 0x00, 0x00, 0x00, 0x00, 0x00, 0x00, 0x00, 0x00,
    0x00, 0x00, 0x00, 0x00, 0x00, 0x00, 0x00, 0x00, 0x00, 0x00, 0x00, 0x00, 0x00, 0x00, 0x00, 0x00,
    0x00, 0x00, 0x00, 0x00, 0x00, 0x00, 0x00, 0x00, 0x00, 0x00, 0x00, 0x00, 0x00, 0x00, 0x00, 0x00,
    0x00, 0x00, 0x00, 0x00, 0x00, 0x00, 0x00, 0x00, 0x00, 0x00, 0x00, 0x00, 0x00, 0x00, 0x00, 0x00,
    0x00, 0x00, 0x00, 0x00, 0x00, 0x00, 0x00, 0x00, 0x00, 0x00, 0x00, 0x00, 0x00, 0x00, 0x00, 0x00,
    0x00, 0x00, 0x00, 0x00, 0x00, 0x00, 0x00, 0x00, 0x00, 0x00, 0x00, 0x00, 0x00, 0x00, 0x00, 0x00,
    0x00, 0x00, 0x00, 0x00, 0x00, 0x00, 0x00, 0x00, 0x00, 0x00, 0x00, 0x00, 0x00, 0x00, 0x00, 0x00,
    0x00, 0x00, 0x00, 0x00, 0x00, 0x00, 0x00, 0x00, 0x00, 0x00, 0x00, 0x00, 0x00, 0x00, 0x00, 0x00,
    0x00, 0x00, 0x00, 0x00, 0x00, 0x00, 0x00, 0x00, 0x00, 0x00, 0x00, 0x00, 0x00, 0x00, 0x00, 0x00,
    0x00, 0x00, 0x00, 0x00, 0x00, 0x00, 0x00, 0x00, 0x00, 0x00, 0x00, 0x00, 0x00, 0x00, 0x00, 0x00,
    0x00, 0x00, 0x00, 0x00, 0x00, 0x00, 0x00, 0x00, 0x00, 0x00, 0x00, 0x00, 0x00, 0x00, 0x00, 0x00,
    0x00, 0x00, 0x00, 0x00, 0x00, 0x00, 0x00, 0x00, 0x00, 0x00, 0x00, 0x00, 0x00, 0x00, 0x00, 0x00,
    0x00, 0x00, 0x00, 0x00, 0x00, 0x00, 0x00, 0x00, 0x00, 0x00, 0x00, 0x00, 0x00, 0x00, 0x00, 0x00,
    0x00, 0x00, 0x00, 0x00, 0x00, 0x00, 0x00, 0x00, 0x00, 0x00, 0x00, 0x00, 0x00, 0x00, 0x00, 0x00,
    0x00, 0x00, 0x00, 0x00, 0x00, 0x00, 0x00, 0x00, 0x00, 0x00, 0x00, 0x00, 0x00, 0x00, 0x00, 0x00,
    0x00, 0x00, 0x00, 0x00, 0x00, 0x00, 0x00, 0x00, 0x00, 0x00, 0x00, 0x00, 0x00, 0x00, 0x00, 0x00,
    0x00, 0x00, 0x00, 0x00, 0x00, 0x00, 0x00, 0x00, 0x00, 0x00, 0x00, 0x00, 0x00, 0x00, 0x00, 0x00,
    0x00, 0x00, 0x00, 0x00, 0x00, 0x00, 0x00, 0x00, 0x00, 0x00, 0x00, 0x00, 0x00, 0x00, 0x00, 0x00,
    0x00, 0x00, 0x00, 0x00, 0x00, 0x00, 0x00, 0x00, 0x00, 0x00, 0x00, 0x00, 0x00, 0x00, 0x00, 0x00,
    0x00, 0x00, 0x00, 0x00, 0x00, 0x00, 0x00, 0x00, 0x00, 0x00, 0x00, 0x00, 0x00, 0x00, 0x00, 0x00,
    0x00, 0x00, 0x00, 0x00, 0x00, 0x00, 0x00, 0x00, 0x00, 0x00, 0x00, 0x00, 0x00, 0x00, 0x00, 0x00,
    0x00, 0x00, 0x00, 0x00, 0x00, 0x00, 0x00, 0x00, 0x00, 0x00, 0x00, 0x00, 0x00, 0x00, 0x00, 0x00,
    0x00, 0x00, 0x00, 0x00, 0x00, 0x00, 0x00, 0x00, 0x00, 0x00, 0x00, 0x00, 0x00, 0x00, 0x00, 0x00,
    0x00, 0x00, 0x00, 0x00, 0x00, 0x00, 0x00, 0x00, 0x00, 0x00, 0x00, 0x00, 0x00, 0x00, 0x00, 0x00,
    0x00, 0x00, 0x00, 0x00, 0x00, 0x00, 0x00, 0x00, 0x00, 0x00, 0x00, 0x00, 0x00, 0x00, 0x00, 0x00,
    0x00, 0x00, 0x00, 0x00, 0x00, 0x00, 0x00, 0x00, 0x00, 0x00, 0x00, 0x00, 0x00, 0x00, 0x00, 0x00,
    0x00, 0x00, 0x00, 0x00, 0x00, 0x00, 0x00, 0x00, 0x00, 0x00, 0x00, 0x00, 0x00, 0x00, 0x00, 0x00,
    0x00, 0x00, 0x00, 0x00, 0x00, 0x00, 0x00, 0x00, 0x00, 0x00, 0x00, 0x00, 0x00, 0x00, 0x00, 0x00,
    0x00, 0x00, 0x00, 0x00, 0x00, 0x00, 0x00, 0x00, 0x00, 0x00, 0x00, 0x00, 0x00, 0x00, 0x00, 0x00,
    0x00, 0x00, 0x00, 0x00, 0x00, 0x00, 0x00, 0x00, 0x00, 0x00, 0x00, 0x00, 0x00, 0x00, 0x00, 0x00,
    0x00, 0x00, 0x00, 0x00, 0x00, 0x00, 0x00, 0x00, 0x00, 0x00, 0x00, 0x00, 0x00, 0x00, 0x00, 0x00,
    0x00, 0x00, 0x00, 0x00, 0x00, 0x00, 0x00, 0x00, 0x00, 0x00, 0x00, 0x00, 0x00, 0x00, 0x00, 0x00,
    0x00, 0x00, 0x00, 0x00, 0x00, 0x00, 0x00, 0x00, 0x00, 0x00, 0x00, 0x00, 0x00, 0x00, 0x00, 0x00,
    0x00, 0x00, 0x00, 0x00, 0x00, 0x00, 0x00, 0x00, 0x00, 0x00, 0x00, 0x00, 0x00, 0x00, 0x00, 0x00,
    0x00, 0x00, 0x00, 0x00, 0x00, 0x00, 0x00, 0x00, 0x00, 0x00, 0x00, 0x00, 0x00, 0x00, 0x00, 0x00,
    0x00, 0x00, 0x00, 0x00, 0x00, 0x00, 0x00, 0x00, 0x00, 0x00, 0x00, 0x00, 0x00, 0x00, 0x00, 0x00,
    0x00, 0x00, 0x00, 0x00, 0x00, 0x00, 0x00, 0x00, 0x00, 0x00, 0x00, 0x00, 0x00, 0x00, 0x00, 0x00,
    0x00, 0x00, 0x00, 0x00, 0x00, 0x00, 0x00, 0x00, 0x00, 0x00, 0x00, 0x00, 0x00, 0x00, 0x00, 0x00,
    0x00, 0x00, 0x00, 0x00, 0x00, 0x00, 0x00, 0x00, 0x00, 0x00, 0x00, 0x00, 0x00, 0x00, 0x00, 0x00,
    0x00, 0x00, 0x00, 0x00, 0x00, 0x00, 0x00, 0x00, 0x00, 0x00, 0x00, 0x00, 0x00, 0x00, 0x00, 0x00,
    0x00, 0x00, 0x00, 0x00, 0x00, 0x00, 0x00, 0x00, 0x00, 0x00, 0x00, 0x00, 0x00, 0x00, 0x00, 0x00,
    0x00, 0x00, 0x00, 0x00, 0x00, 0x00, 0x00, 0x00, 0x00, 0x00, 0x00, 0x00, 0x00, 0x00, 0x00, 0x00,
    0x00, 0x00, 0x00, 0x00, 0x00, 0x00, 0x00, 0x00, 0x00, 0x00, 0x00, 0x00, 0x00, 0x00, 0x00, 0x00,
    0x00, 0x00, 0x00, 0x00, 0x00, 0x00, 0x00, 0x00, 0x00, 0x00, 0x00, 0x00, 0x00, 0x00, 0x00, 0x00,
    0x00, 0x00, 0x00, 0x00, 0x00, 0x00, 0x00, 0x00, 0x00, 0x00, 0x00, 0x00, 0x00, 0x00, 0x00, 0x00,
    0x00, 0x00, 0x00, 0x00, 0x00, 0x00, 0x00, 0x00, 0x00, 0x00, 0x00, 0x00, 0x00, 0x00, 0x00, 0x00,
    0x00, 0x00, 0x00, 0x00, 0x00, 0x00, 0x00, 0x00, 0x00, 0x00, 0x00, 0x00, 0x00, 0x00, 0x00, 0x00,
    0x00, 0x00, 0x00, 0x00, 0x00, 0x00, 0x00, 0x00, 0x00, 0x00, 0x00, 0x00, 0x00, 0x00, 0x00, 0x00,
    0x00, 0x00, 0x00, 0x00, 0x00, 0x00, 0x00, 0x00, 0x00, 0x00, 0x00, 0x00, 0x00, 0x00, 0x00, 0x00,
    0x00, 0x00, 0x00, 0x00, 0x00, 0x00, 0x00, 0x00, 0x00, 0x00, 0x00, 0x00, 0x00, 0x00, 0x00, 0x00,
    0x00, 0x00, 0x00, 0x00, 0x00, 0x00, 0x00, 0x00, 0x00, 0x00, 0x00, 0x00, 0x00, 0x00, 0x00, 0x00,
    0x00, 0x00, 0x00, 0x00, 0x00, 0x00, 0x00, 0x00, 0x00, 0x00, 0x00, 0x00, 0x00, 0x00, 0x00, 0x00,
    0x00, 0x00, 0x00, 0x00, 0x00, 0x00, 0x00, 0x00, 0x00, 0x00, 0x00, 0x00, 0x00, 0x00, 0x00, 0x00,
    0x00, 0x00, 0x00, 0x00, 0x00, 0x00, 0x00, 0x00, 0x00, 0x00, 0x00, 0x00, 0x00, 0x00, 0x00, 0x00,
    0x00, 0x00, 0x00, 0x00, 0x00, 0x00, 0x00, 0x00, 0x00, 0x00, 0x00, 0x00, 0x00, 0x00, 0x00, 0x00,
    0x00, 0x00, 0x00, 0x00, 0x00, 0x00, 0x00, 0x00, 0x00, 0x00, 0x00, 0x00, 0x00, 0x00, 0x00, 0x00,
    0x00, 0x00, 0x00, 0x00, 0x00, 0x00, 0x00, 0x00, 0x00, 0x00, 0x00, 0x00, 0x00, 0x00, 0x00, 0x00,
    0x00, 0x00, 0x00, 0x00, 0x00, 0x00, 0x00, 0x00, 0x00, 0x00, 0x00, 0x00, 0x00, 0x00, 0x00, 0x00,
    0x00, 0x00, 0x00, 0x00, 0x00, 0x00, 0x00, 0x00, 0x00, 0x00, 0x00, 0x00, 0x00, 0x00, 0x00, 0x00,
    0x00, 0x00, 0x00, 0x00, 0x00, 0x00, 0x00, 0x00, 0x00, 0x00, 0x00, 0x00, 0x00, 0x00, 0x00, 0x00,
    0x00, 0x00, 0x00, 0x00, 0x00, 0x00, 0x00, 0x00, 0x00, 0x00, 0x00, 0x00, 0x00, 0x00, 0x00, 0x00,
    0x00, 0x00, 0x00, 0x00, 0x00, 0x00, 0x00, 0x00, 0x00, 0x00, 0x00, 0x00, 0x00, 0x00, 0x00, 0x00,
    0x00, 0x00, 0x00, 0x00, 0x00, 0x00, 0x00, 0x00, 0x00, 0x00, 0x00, 0x00, 0x00, 0x00, 0x00, 0x00,
    0x00, 0x00, 0x00, 0x00, 0x00, 0x00, 0x00, 0x00, 0x00, 0x00, 0x00, 0x00, 0x00, 0x00, 0x00, 0x00,
    0x00, 0x00, 0x00, 0x00, 0x00, 0x00, 0x00, 0x00, 0x00, 0x00, 0x00, 0x00, 0x00, 0x00, 0x00, 0x00,
    0x00, 0x00, 0x00, 0x00, 0x00, 0x00, 0x00, 0x00, 0x00, 0x00, 0x00, 0x00, 0x00, 0x00, 0x00, 0x00,
    0x00, 0x00, 0x00, 0x00, 0x00, 0x00, 0x00, 0x00, 0x00, 0x00, 0x00, 0x00, 0x00, 0x00, 0x00, 0x00,
    0x00, 0x00, 0x00, 0x00, 0x00, 0x00, 0x00, 0x00, 0x00, 0x00, 0x00, 0x00, 0x00, 0x00, 0x00, 0x00,
    0x00, 0x00, 0x00, 0x00, 0x00, 0x00, 0x00, 0x00, 0x00, 0x00, 0x00, 0x00, 0x00, 0x00, 0x00, 0x00,
    0x00, 0x00, 0x00, 0x00, 0x00, 0x00, 0x00, 0x00, 0x00, 0x00, 0x00, 0x00, 0x00, 0x00, 0x00, 0x00,
    0x00, 0x00, 0x00, 0x00, 0x00, 0x00, 0x00, 0x00, 0x00, 0x00, 0x00, 0x00, 0x00, 0x00, 0x00, 0x00,
    0x00, 0x00, 0x00, 0x00, 0x00, 0x00, 0x00, 0x00, 0x00, 0x00, 0x00, 0x00, 0x00, 0x00, 0x00, 0x00,
    0x00, 0x00, 0x00, 0x00, 0x00, 0x00, 0x00, 0x00, 0x00, 0x00, 0x00, 0x00, 0x00, 0x00, 0x00, 0x00,
    0x00, 0x00, 0x00, 0x00, 0x00, 0x00, 0x00, 0x00, 0x00, 0x00, 0x00, 0x00, 0x00, 0x00, 0x00, 0x00,
    0x00, 0x00, 0x00, 0x00, 0x00, 0x00, 0x00, 0x00, 0x00, 0x00, 0x00, 0x00, 0x00, 0x00, 0x00, 0x00,
    0x00, 0x00, 0x00, 0x00, 0x00, 0x00, 0x00, 0x00, 0x00, 0x00, 0x00, 0x00, 0x00, 0x00, 0x00, 0x00,
    0x00, 0x00, 0x00, 0x00, 0x00, 0x00, 0x00, 0x00, 0x00, 0x00, 0x00, 0x00, 0x00, 0x00, 0x00, 0x00,
    0x00, 0x00, 0x00, 0x00, 0x00, 0x00, 0x00, 0x00, 0x00, 0x00, 0x00, 0x00, 0x00, 0x00, 0x00, 0x00,
    0x00, 0x00, 0x00, 0x00, 0x00, 0x00, 0x00, 0x00, 0x00, 0x00, 0x00, 0x00, 0x00, 0x00, 0x00, 0x00,
    0x00, 0x00, 0x00, 0x00, 0x00, 0x00, 0x00, 0x00, 0x00, 0x00, 0x00, 0x00, 0x00, 0x00, 0x00, 0x00,
    0x00, 0x00, 0x00, 0x00, 0x00, 0x00, 0x00, 0x00, 0x00, 0x00, 0x00, 0x00, 0x00, 0x00, 0x00, 0x00,
    0x00, 0x00, 0x00, 0x00, 0x00, 0x00, 0x00, 0x00, 0x00, 0x00, 0x00, 0x00, 0x00, 0x00, 0x00, 0x00,
    0x00, 0x00, 0x00, 0x00, 0x00, 0x00, 0x00, 0x00, 0x00, 0x00, 0x00, 0x00, 0x00, 0x00, 0x00, 0x00,
    0x00, 0x00, 0x00, 0x00, 0x00, 0x00, 0x00, 0x00, 0x00, 0x00, 0x00, 0x00, 0x00, 0x00, 0x00, 0x00,
    0x00, 0x00, 0x00, 0x00, 0x00, 0x00, 0x00, 0x00, 0x00, 0x00, 0x00, 0x00, 0x00, 0x00, 0x00, 0x00,
    0x00, 0x00, 0x00, 0x00, 0x00, 0x00, 0x00, 0x00, 0x00, 0x00, 0x00, 0x00, 0x00, 0x00, 0x00, 0x00,
    0x00, 0x00, 0x00, 0x00, 0x00, 0x00, 0x00, 0x00, 0x00, 0x00, 0x00, 0x00, 0x00, 0x00, 0x00, 0x00,
    0x00, 0x00, 0x00, 0x00, 0x00, 0x00, 0x00, 0x00, 0x00, 0x00, 0x00, 0x00, 0x00, 0x00, 0x00, 0x00,
    0x00, 0x00, 0x00, 0x00, 0x00, 0x00, 0x00, 0x00, 0x00, 0x00, 0x00, 0x00, 0x00, 0x00, 0x00, 0x00,
    0x00, 0x00, 0x00, 0x00, 0x00, 0x00, 0x00, 0x00, 0x00, 0x00, 0x00, 0x00, 0x00, 0x00, 0x00, 0x00,
    0x00, 0x00, 0x00, 0x00, 0x00, 0x00, 0x00, 0x00, 0x00, 0x00, 0x00, 0x00, 0x00, 0x00, 0x00, 0x00,
    0x00, 0x00, 0x00, 0x00, 0x00, 0x00, 0x00, 0x00, 0x00, 0x00, 0x00, 0x00, 0x00, 0x00, 0x00, 0x00,
    0x00, 0x00, 0x00, 0x00, 0x00, 0x00, 0x00, 0x00, 0x00, 0x00, 0x00, 0x00, 0x00, 0x00, 0x00, 0x00,
    0x00, 0x00, 0x00, 0x00, 0x00, 0x00, 0x00, 0x00, 0x00, 0x00, 0x00, 0x00, 0x00, 0x00, 0x00, 0x00,
    0x00, 0x00, 0x00, 0x00, 0x00, 0x00, 0x00, 0x00, 0x00, 0x00, 0x00, 0x00, 0x00, 0x00, 0x00, 0x00,
    0x00, 0x00, 0x00, 0x00, 0x00, 0x00, 0x00, 0x00, 0x00, 0x00, 0x00, 0x00, 0x00, 0x00, 0x00, 0x00,
    0x00, 0x00, 0x00, 0x00, 0x00, 0x00, 0x00, 0x00, 0x00, 0x00, 0x00, 0x00, 0x00, 0x00, 0x00, 0x00,
    0x00, 0x00, 0x00, 0x00, 0x00, 0x00, 0x00, 0x00, 0x00, 0x00, 0x00, 0x00, 0x00, 0x00, 0x00, 0x00,
    0x00, 0x00, 0x00, 0x00, 0x00, 0x00, 0x00, 0x00, 0x00, 0x00, 0x00, 0x00, 0x00, 0x00, 0x00, 0x00,
    0x00, 0x00, 0x00, 0x00, 0x00, 0x00, 0x00, 0x00, 0x00, 0x00, 0x00, 0x00, 0x00, 0x00, 0x00, 0x00,
    0x00, 0x00, 0x00, 0x00, 0x00, 0x00, 0x00, 0x00, 0x00, 0x00, 0x00, 0x00, 0x00, 0x00, 0x00, 0x00,
    0x00, 0x00, 0x00, 0x00, 0x00, 0x00, 0x00, 0x00, 0x00, 0x00, 0x00, 0x00, 0x00, 0x00, 0x00, 0x00,
    0x00, 0x00, 0x00, 0x00, 0x00, 0x00, 0x00, 0x00, 0x00, 0x00, 0x00, 0x00, 0x00, 0x00, 0x00, 0x00,
    0x00, 0x00, 0x00, 0x00, 0x00, 0x00, 0x00, 0x00, 0x00, 0x00, 0x00, 0x00, 0x00, 0x00, 0x00, 0x00,
    0x00, 0x00, 0x00, 0x00, 0x00, 0x00, 0x00, 0x00, 0x00, 0x00, 0x00, 0x00, 0x00, 0x00, 0x00, 0x00,
    0x00, 0x00, 0x00, 0x00, 0x00, 0x00, 0x00, 0x00, 0x00, 0x00, 0x00, 0x00, 0x00, 0x00, 0x00, 0x00,
    0x00, 0x00, 0x00, 0x00, 0x00, 0x00, 0x00, 0x00, 0x00, 0x00, 0x00, 0x00, 0x00, 0x00, 0x00, 0x00,
    0x00, 0x00, 0x00, 0x00, 0x00, 0x00, 0x00, 0x00, 0x00, 0x00, 0x00, 0x00, 0x00, 0x00, 0x00, 0x00,
    0x00, 0x00, 0x00, 0x00, 0x00, 0x00, 0x00, 0x00, 0x00, 0x00, 0x00, 0x00, 0x00, 0x00, 0x00, 0x00,
    0x00, 0x00, 0x00, 0x00, 0x00, 0x00, 0x00, 0x00, 0x00, 0x00, 0x00, 0x00, 0x00, 0x00, 0x00, 0x00,
    0x00, 0x00, 0x00, 0x00, 0x00, 0x00, 0x00, 0x00, 0x00, 0x00, 0x00, 0x00, 0x00, 0x00, 0x00, 0x00,
    0x00, 0x00, 0x00, 0x00, 0x00, 0x00, 0x00, 0x00, 0x00, 0x00, 0x00, 0x00, 0x00, 0x00, 0x00, 0x00,
    0x00, 0x00, 0x00, 0x00, 0x00, 0x00, 0x00, 0x00, 0x00, 0x00, 0x00, 0x00, 0x00, 0x00, 0x00, 0x00,
    0x00, 0x00, 0x00, 0x00, 0x00, 0x00, 0x00, 0x00, 0x00, 0x00, 0x00, 0x00, 0x00, 0x00, 0x00, 0x00,
    0x00, 0x00, 0x00, 0x00, 0x00, 0x00, 0x00, 0x00, 0x00, 0x00, 0x00, 0x00, 0x00, 0x00, 0x00, 0x00,
    0x00, 0x00, 0x00, 0x00, 0x00, 0x00, 0x00, 0x00, 0x00, 0x00, 0x00, 0x00, 0x00, 0x00, 0x00, 0x00,
    0x00, 0x00, 0x00, 0x00, 0x00, 0x00, 0x00, 0x00, 0x00, 0x00, 0x00, 0x00, 0x00, 0x00, 0x00, 0x00,
    0x00, 0x00, 0x00, 0x00, 0x00, 0x00, 0x00, 0x00, 0x00, 0x00, 0x00, 0x00, 0x00, 0x00, 0x00, 0x00,
    0x00, 0x00, 0x00, 0x00, 0x00, 0x00, 0x00, 0x00, 0x00, 0x00, 0x00, 0x00, 0x00, 0x00, 0x00, 0x00,
    0x00, 0x00, 0x00, 0x00, 0x00, 0x00, 0x00, 0x00, 0x00, 0x00, 0x00, 0x00, 0x00, 0x00, 0x00, 0x00,
    0x00, 0x00, 0x00, 0x00, 0x00, 0x00, 0x00, 0x00, 0x00, 0x00, 0x00, 0x00, 0x00, 0x00, 0x00, 0x00,
    0x00, 0x00, 0x00, 0x00, 0x00, 0x00, 0x00, 0x00, 0x00, 0x00, 0x00, 0x00, 0x00, 0x00, 0x00, 0x00,
    0x00, 0x00, 0x00, 0x00, 0x00, 0x00, 0x00, 0x00, 0x00, 0x00, 0x00, 0x00, 0x00, 0x00, 0x00, 0x00,
    0x00, 0x00, 0x00, 0x00, 0x00, 0x00, 0x00, 0x00, 0x00, 0x00, 0x00, 0x00, 0x00, 0x00, 0x00, 0x00,
    0x00, 0x00, 0x00, 0x00, 0x00, 0x00, 0x00, 0x00, 0x00, 0x00, 0x00, 0x00, 0x00, 0x00, 0x00, 0x00,
    0x00, 0x00, 0x00, 0x00, 0x00, 0x00, 0x00, 0x00, 0x00, 0x00, 0x00, 0x00, 0x00, 0x00, 0x00, 0x00,
    0x00, 0x00, 0x00, 0x00, 0x00, 0x00, 0x00, 0x00, 0x00, 0x00, 0x00, 0x00, 0x00, 0x00, 0x00, 0x00,
    0x00, 0x00, 0x00, 0x00, 0x00, 0x00, 0x00, 0x00, 0x00, 0x00, 0x00, 0x00, 0x00, 0x00, 0x00, 0x00,
    0x00, 0x00, 0x00, 0x00, 0x00, 0x00, 0x00, 0x00, 0x00, 0x00, 0x00, 0x00, 0x00, 0x00, 0x00, 0x00,
    0x00, 0x00, 0x00, 0x00, 0x00, 0x00, 0x00, 0x00, 0x00, 0x00, 0x00, 0x00, 0x00, 0x00, 0x00, 0x00,
    0x00, 0x00, 0x00, 0x00, 0x00, 0x00, 0x00, 0x00, 0x00, 0x00, 0x00, 0x00, 0x00, 0x00, 0x00, 0x00,
    0x00, 0x00, 0x00, 0x00, 0x00, 0x00, 0x00, 0x00, 0x00, 0x00, 0x00, 0x00, 0x00, 0x00, 0x00, 0x00,
    0x00, 0x00, 0x00, 0x00, 0x00, 0x00, 0x00, 0x00, 0x00, 0x00, 0x00, 0x00, 0x00, 0x00, 0x00, 0x00,
    0x00, 0x00, 0x00, 0x00, 0x00, 0x00, 0x00, 0x00, 0x00, 0x00, 0x00, 0x00, 0x00, 0x00, 0x00, 0x00,
    0x00, 0x00, 0x00, 0x00, 0x00, 0x00, 0x00, 0x00, 0x00, 0x00, 0x00, 0x00, 0x00, 0x00, 0x00, 0x00,
    0x00, 0x00, 0x00, 0x00, 0x00, 0x00, 0x00, 0x00, 0x00, 0x00, 0x00, 0x00, 0x00, 0x00, 0x00, 0x00,
    0x00, 0x00, 0x00, 0x00, 0x00, 0x00, 0x00, 0x00, 0x00, 0x00, 0x00, 0x00, 0x00, 0x00, 0x00, 0x00,
    0x00, 0x00, 0x00, 0x00, 0x00, 0x00, 0x00, 0x00, 0x00, 0x00, 0x00, 0x00, 0x00, 0x00, 0x00, 0x00,
    0x00, 0x00, 0x00, 0x00, 0x00, 0x00, 0x00, 0x00, 0x00, 0x00, 0x00, 0x00, 0x00, 0x00, 0x00, 0x00,
};

const lv_image_dsc_t icon_ccisland = {
    .header.cf    = LV_COLOR_FORMAT_RGB565,
    .header.magic = LV_IMAGE_HEADER_MAGIC,
    .header.w     = 200,
    .header.h     = 200,
    .data_size    = 40000 * 2,
    .data         = icon_ccisland_map,
};
